{"type":"FeatureCollection","features":[{"type":"Feature","geometry":{"type":"MultiPolygon","coordinates":[[[[150.065,-36.407],[150.09,-36.354],[150.14,-36.305],[150.131,-36.289],[150.149,-36.267],[150.124,-36.142],[150.142,-36.094],[150.134,-36.066],[150.165,-36.013],[150.151,-35.89],[150.17,-35.862],[150.191,-35.861],[150.178,-35.85],[150.187,-35.833],[150.235,-35.835],[150.224,-35.809],[150.237,-35.802],[150.235,-35.772],[150.212,-35.76],[150.214,-35.738],[150.177,-35.703],[150.234,-35.703],[150.277,-35.724],[150.307,-35.686],[150.299,-35.647],[150.324,-35.639],[150.323,-35.614],[150.379,-35.568],[150.36,-35.535],[150.288,-35.523],[150.255,-35.568],[150.223,-35.545],[150.189,-35.554],[150.122,-35.534],[150.123,-35.511],[150.098,-35.497],[150.072,-35.498],[150.063,-35.515],[150.027,-35.51],[150.006,-35.544],[149.98,-35.51],[149.977,-35.49],[150.003,-35.473],[150.007,-35.429],[150.038,-35.406],[150.051,-35.309],[150.164,-35.27],[150.169,-35.239],[150.198,-35.229],[150.186,-35.2],[150.216,-35.201],[150.204,-35.171],[150.142,-35.145],[150.129,-35.097],[150.053,-35.018],[150.086,-34.989],[150.056,-34.965],[150.092,-34.911],[150.041,-34.86],[150.04,-34.795],[150.073,-34.768],[150.127,-34.818],[150.194,-34.82],[150.288,-34.765],[150.315,-34.774],[150.334,-34.752],[150.268,-34.732],[150.199,-34.756],[150.171,-34.72],[150.093,-34.68],[150.098,-34.655],[150.078,-34.641],[150.1,-34.627],[150.098,-34.581],[150.082,-34.578],[150.094,-34.555],[150.045,-34.527],[150.093,-34.512],[150.059,-34.465],[150.115,-34.412],[150.107,-34.39],[150.123,-34.375],[150.076,-34.349],[150.097,-34.332],[150.068,-34.306],[150.053,-34.25],[150.062,-34.176],[150.046,-34.147],[150.015,-34.144],[150.038,-34.121],[150.005,-34.103],[150.008,-34.086],[149.962,-34.077],[149.945,-34.092],[149.929,-34.079],[149.932,-34.116],[149.95,-34.125],[149.919,-34.183],[149.85,-34.184],[149.798,-34.206],[149.757,-34.187],[149.695,-34.203],[149.679,-34.196],[149.678,-34.173],[149.657,-34.171],[149.629,-34.114],[149.622,-34.129],[149.62,-34.106],[149.604,-34.123],[149.579,-34.093],[149.551,-34.094],[149.513,-34.032],[149.465,-34.01],[149.456,-34.03],[149.435,-34.023],[149.352,-33.971],[149.348,-33.953],[149.3,-33.946],[149.234,-33.968],[149.236,-33.98],[149.218,-33.964],[149.179,-33.985],[149.145,-33.958],[149.155,-33.927],[149.12,-33.888],[149.082,-33.913],[149.065,-33.893],[149.022,-33.934],[148.981,-33.924],[148.967,-33.969],[148.934,-33.982],[148.89,-33.963],[148.89,-33.939],[148.832,-33.945],[148.804,-33.984],[148.767,-33.982],[148.765,-34.001],[148.753,-33.999],[148.744,-34.021],[148.763,-34.038],[148.731,-34.079],[148.67,-34.097],[148.652,-34.066],[148.619,-34.071],[148.551,-34.019],[148.545,-34.033],[148.442,-34.012],[148.439,-34.074],[148.408,-34.078],[148.385,-34.131],[148.35,-34.115],[148.334,-34.087],[148.283,-34.083],[148.237,-34.055],[148.205,-34.07],[148.153,-34.057],[148.146,-34.081],[148.064,-34.03],[148.016,-34.029],[148.026,-34.118],[148.005,-34.098],[147.942,-34.094],[147.938,-34.117],[147.825,-34.117],[147.711,-34.162],[147.721,-34.183],[147.742,-34.178],[147.779,-34.208],[147.794,-34.286],[147.825,-34.34],[148.027,-34.35],[148.016,-34.413],[148.06,-34.412],[148.058,-34.426],[148.108,-34.467],[148.157,-34.467],[148.164,-34.485],[148.2,-34.491],[148.195,-34.513],[148.224,-34.543],[148.206,-34.556],[148.229,-34.559],[148.224,-34.581],[148.237,-34.582],[148.194,-34.595],[148.209,-34.605],[148.193,-34.621],[148.214,-34.63],[148.194,-34.664],[148.207,-34.668],[148.202,-34.698],[148.236,-34.702],[148.231,-34.741],[148.268,-34.742],[148.256,-34.771],[148.311,-34.863],[148.393,-34.86],[148.393,-34.907],[148.417,-34.897],[148.55,-34.909],[148.531,-34.99],[148.583,-35.003],[148.569,-35.092],[148.544,-35.12],[148.582,-35.168],[148.581,-35.195],[148.544,-35.239],[148.638,-35.247],[148.686,-35.195],[148.739,-35.269],[148.754,-35.335],[148.743,-35.348],[148.781,-35.367],[148.8,-35.36],[148.794,-35.339],[148.81,-35.307],[149.121,-35.124],[149.186,-35.161],[149.205,-35.229],[149.239,-35.222],[149.234,-35.243],[149.273,-35.259],[149.272,-35.273],[149.315,-35.276],[149.362,-35.309],[149.395,-35.303],[149.399,-35.319],[149.356,-35.351],[149.255,-35.33],[149.207,-35.345],[149.138,-35.429],[149.155,-35.436],[149.135,-35.454],[149.152,-35.493],[149.131,-35.554],[149.143,-35.593],[149.078,-35.586],[149.109,-35.697],[149.091,-35.766],[149.101,-35.815],[149.049,-35.92],[149.012,-35.9],[148.962,-35.897],[148.909,-35.853],[148.887,-35.81],[148.903,-35.757],[148.881,-35.716],[148.856,-35.761],[148.805,-35.714],[148.782,-35.737],[148.753,-35.687],[148.72,-35.667],[148.638,-35.649],[148.628,-35.688],[148.588,-35.718],[148.594,-35.743],[148.539,-35.741],[148.541,-35.718],[148.53,-35.721],[148.453,-35.84],[148.438,-35.899],[148.471,-35.915],[148.469,-35.942],[148.535,-36.0],[148.559,-36.001],[148.554,-36.041],[148.57,-36.066],[148.553,-36.083],[148.566,-36.095],[148.553,-36.106],[148.513,-36.088],[148.46,-36.118],[148.461,-36.145],[148.428,-36.177],[148.438,-36.186],[148.425,-36.21],[148.431,-36.257],[148.396,-36.291],[148.373,-36.288],[148.367,-36.34],[148.288,-36.409],[148.263,-36.452],[148.271,-36.482],[148.247,-36.51],[148.261,-36.527],[148.25,-36.544],[148.311,-36.596],[148.305,-36.611],[148.25,-36.626],[148.239,-36.664],[148.251,-36.706],[148.239,-36.706],[148.233,-36.746],[148.208,-36.755],[148.201,-36.799],[149.977,-37.505],[149.975,-37.445],[149.957,-37.424],[149.95,-37.375],[149.97,-37.31],[149.944,-37.278],[149.987,-37.24],[150.052,-37.262],[150.011,-37.212],[150.023,-37.212],[150.005,-37.141],[149.988,-37.141],[149.954,-37.101],[149.911,-37.112],[149.878,-37.101],[149.873,-37.083],[149.915,-37.076],[149.923,-37.046],[149.945,-37.054],[149.948,-37.018],[149.927,-36.992],[149.946,-36.949],[149.913,-36.945],[149.905,-36.915],[149.92,-36.895],[149.938,-36.902],[149.93,-36.874],[149.95,-36.855],[149.934,-36.844],[149.941,-36.812],[149.977,-36.77],[149.992,-36.726],[149.979,-36.722],[149.983,-36.702],[150.068,-36.554],[150.055,-36.488],[150.085,-36.429],[150.065,-36.407]]],[[[150.053,-37.263],[150.052,-37.262],[150.052,-37.262],[150.053,-37.263]]],[[[149.946,-37.056],[149.946,-37.056],[149.946,-37.056],[149.946,-37.056]]],[[[149.945,-37.053],[149.945,-37.052],[149.945,-37.053],[149.945,-37.053]]],[[[149.948,-37.018],[149.949,-37.018],[149.948,-37.017],[149.948,-37.018]]],[[[149.946,-36.949],[149.947,-36.95],[149.946,-36.949],[149.946,-36.949]]],[[[150.021,-37.189],[150.022,-37.189],[150.021,-37.188],[150.021,-37.189]]],[[[149.955,-37.109],[149.955,-37.108],[149.954,-37.108],[149.955,-37.109]]],[[[149.946,-36.949],[149.946,-36.949],[149.946,-36.949],[149.946,-36.949]]],[[[150.051,-36.586],[150.051,-36.586],[150.051,-36.586],[150.051,-36.586]]],[[[149.973,-36.778],[149.974,-36.778],[149.973,-36.777],[149.973,-36.778]]],[[[150.015,-36.645],[150.015,-36.645],[150.015,-36.646],[150.015,-36.645]]],[[[150.052,-37.263],[150.052,-37.263],[150.052,-37.264],[150.052,-37.263]]],[[[150.051,-37.264],[150.051,-37.263],[150.051,-37.263],[150.051,-37.264]]],[[[149.932,-36.898],[149.932,-36.897],[149.932,-36.897],[149.932,-36.898]]],[[[149.97,-36.786],[149.969,-36.786],[149.969,-36.787],[149.97,-36.786]]],[[[149.973,-36.779],[149.974,-36.778],[149.973,-36.778],[149.973,-36.779]]],[[[150.006,-37.141],[150.005,-37.142],[150.006,-37.143],[150.006,-37.141]]],[[[150.001,-37.141],[150.0,-37.141],[150.0,-37.141],[150.001,-37.141]]],[[[150.02,-37.184],[150.019,-37.183],[150.019,-37.183],[150.02,-37.184]]],[[[150.011,-37.174],[150.011,-37.174],[150.01,-37.174],[150.011,-37.174]]],[[[150.02,-37.184],[150.021,-37.184],[150.02,-37.184],[150.02,-37.184]]],[[[150.019,-37.183],[150.019,-37.183],[150.019,-37.183],[150.019,-37.183]]],[[[150.005,-37.163],[150.005,-37.163],[150.005,-37.163],[150.005,-37.163]]],[[[150.005,-37.163],[150.005,-37.162],[150.005,-37.162],[150.005,-37.163]]],[[[149.913,-37.07],[149.913,-37.07],[149.914,-37.07],[149.913,-37.07]]],[[[149.914,-37.069],[149.914,-37.069],[149.914,-37.069],[149.914,-37.069]]],[[[149.916,-37.074],[149.916,-37.074],[149.916,-37.074],[149.916,-37.074]]],[[[149.96,-37.114],[149.96,-37.114],[149.96,-37.114],[149.96,-37.114]]],[[[149.956,-37.109],[149.957,-37.109],[149.956,-37.109],[149.956,-37.109]]],[[[149.957,-37.11],[149.957,-37.11],[149.957,-37.109],[149.957,-37.11]]],[[[149.991,-36.729],[149.991,-36.729],[149.991,-36.729],[149.991,-36.729]]],[[[149.945,-37.056],[149.945,-37.055],[149.945,-37.056],[149.945,-37.056]]],[[[149.935,-36.885],[149.935,-36.885],[149.935,-36.885],[149.935,-36.885]]],[[[149.983,-36.753],[149.983,-36.752],[149.983,-36.753],[149.983,-36.753]]],[[[149.983,-36.749],[149.983,-36.749],[149.983,-36.75],[149.983,-36.749]]],[[[149.982,-36.757],[149.983,-36.757],[149.983,-36.757],[149.982,-36.757]]],[[[149.984,-36.75],[149.984,-36.75],[149.984,-36.749],[149.984,-36.75]]],[[[150.138,-36.305],[150.138,-36.305],[150.138,-36.306],[150.138,-36.305]]],[[[150.148,-36.234],[150.148,-36.234],[150.148,-36.234],[150.148,-36.234]]],[[[150.136,-36.312],[150.135,-36.311],[150.135,-36.311],[150.136,-36.312]]],[[[150.151,-36.264],[150.151,-36.264],[150.151,-36.264],[150.151,-36.264]]],[[[150.136,-36.303],[150.137,-36.303],[150.136,-36.303],[150.136,-36.303]]],[[[150.15,-36.262],[150.151,-36.263],[150.151,-36.263],[150.15,-36.262]],[[150.15,-36.264],[150.15,-36.264],[150.15,-36.264],[150.15,-36.264]]],[[[150.143,-36.272],[150.143,-36.272],[150.143,-36.271],[150.143,-36.272]]],[[[150.144,-36.27],[150.144,-36.271],[150.144,-36.271],[150.144,-36.27]]],[[[150.15,-36.266],[150.15,-36.266],[150.15,-36.266],[150.15,-36.266]]],[[[150.147,-36.233],[150.147,-36.233],[150.147,-36.234],[150.147,-36.233]]],[[[150.147,-36.233],[150.146,-36.233],[150.146,-36.233],[150.147,-36.233]]],[[[150.142,-36.219],[150.143,-36.219],[150.142,-36.219],[150.142,-36.219]]],[[[150.311,-35.666],[150.31,-35.667],[150.312,-35.668],[150.311,-35.666]]],[[[150.334,-35.632],[150.331,-35.63],[150.335,-35.633],[150.334,-35.632]]],[[[150.282,-35.71],[150.282,-35.71],[150.282,-35.71],[150.282,-35.71]]],[[[150.298,-35.691],[150.299,-35.692],[150.299,-35.691],[150.298,-35.691]]],[[[150.362,-35.576],[150.365,-35.578],[150.364,-35.577],[150.362,-35.576]]],[[[150.353,-35.586],[150.355,-35.587],[150.353,-35.586],[150.353,-35.586]]],[[[150.359,-35.586],[150.36,-35.586],[150.359,-35.586],[150.359,-35.586]]],[[[150.234,-35.819],[150.237,-35.818],[150.234,-35.817],[150.234,-35.819]]],[[[150.204,-35.834],[150.204,-35.832],[150.203,-35.832],[150.204,-35.834]]],[[[150.231,-36.245],[150.223,-36.246],[150.227,-36.26],[150.231,-36.245]]],[[[150.223,-36.255],[150.223,-36.255],[150.223,-36.255],[150.223,-36.255]]],[[[150.23,-36.246],[150.23,-36.247],[150.23,-36.247],[150.23,-36.246]]],[[[150.222,-36.256],[150.222,-36.256],[150.222,-36.256],[150.222,-36.256]]],[[[150.258,-35.751],[150.257,-35.749],[150.255,-35.752],[150.258,-35.751]]],[[[150.26,-35.748],[150.261,-35.751],[150.262,-35.749],[150.26,-35.748]]],[[[150.212,-35.725],[150.213,-35.726],[150.213,-35.725],[150.212,-35.725]]],[[[150.215,-35.736],[150.214,-35.736],[150.214,-35.736],[150.215,-35.736]]],[[[150.213,-35.724],[150.213,-35.724],[150.213,-35.724],[150.213,-35.724]]],[[[150.081,-36.376],[150.081,-36.376],[150.081,-36.375],[150.081,-36.376]]],[[[150.081,-36.375],[150.082,-36.375],[150.081,-36.375],[150.081,-36.375]]],[[[150.081,-36.377],[150.081,-36.377],[150.081,-36.377],[150.081,-36.377]]],[[[150.081,-36.379],[150.081,-36.378],[150.08,-36.378],[150.081,-36.379]]],[[[150.08,-36.379],[150.08,-36.379],[150.08,-36.379],[150.08,-36.379]]],[[[150.079,-36.379],[150.079,-36.379],[150.079,-36.379],[150.079,-36.379]]],[[[150.081,-36.378],[150.082,-36.378],[150.082,-36.378],[150.081,-36.378]]],[[[150.082,-36.377],[150.082,-36.377],[150.082,-36.377],[150.082,-36.377]]],[[[150.08,-36.378],[150.08,-36.378],[150.08,-36.378],[150.08,-36.378]]],[[[150.075,-36.443],[150.075,-36.443],[150.075,-36.443],[150.075,-36.443]]],[[[150.081,-36.423],[150.081,-36.423],[150.081,-36.423],[150.081,-36.423]]],[[[150.067,-36.414],[150.067,-36.414],[150.067,-36.414],[150.067,-36.414]]],[[[150.057,-36.487],[150.057,-36.487],[150.057,-36.487],[150.057,-36.487]]],[[[150.072,-36.466],[150.073,-36.466],[150.073,-36.465],[150.072,-36.466]]],[[[150.072,-36.465],[150.072,-36.465],[150.072,-36.465],[150.072,-36.465]]],[[[150.073,-36.461],[150.072,-36.461],[150.073,-36.461],[150.073,-36.461]]],[[[150.067,-36.416],[150.067,-36.416],[150.067,-36.416],[150.067,-36.416]]],[[[150.061,-36.498],[150.061,-36.497],[150.061,-36.497],[150.061,-36.498]]],[[[150.057,-36.488],[150.057,-36.488],[150.057,-36.487],[150.057,-36.488]]],[[[150.068,-36.418],[150.068,-36.417],[150.068,-36.417],[150.068,-36.418]]],[[[150.072,-36.448],[150.072,-36.448],[150.072,-36.448],[150.072,-36.448]]],[[[150.074,-36.422],[150.074,-36.422],[150.074,-36.422],[150.074,-36.422]]],[[[150.072,-36.45],[150.072,-36.45],[150.073,-36.45],[150.072,-36.45]]],[[[150.082,-36.423],[150.082,-36.422],[150.082,-36.422],[150.082,-36.423]]],[[[150.073,-36.466],[150.073,-36.466],[150.073,-36.466],[150.073,-36.466]]],[[[150.072,-36.453],[150.072,-36.453],[150.072,-36.453],[150.072,-36.453]]],[[[150.074,-36.422],[150.074,-36.422],[150.074,-36.422],[150.074,-36.422]]],[[[150.072,-36.453],[150.072,-36.453],[150.072,-36.453],[150.072,-36.453]]],[[[150.057,-36.487],[150.057,-36.486],[150.057,-36.486],[150.057,-36.487]]],[[[150.056,-36.488],[150.057,-36.488],[150.056,-36.488],[150.056,-36.488]]],[[[150.073,-36.453],[150.073,-36.453],[150.073,-36.453],[150.073,-36.453]]],[[[150.074,-36.422],[150.074,-36.422],[150.074,-36.422],[150.074,-36.422]]],[[[150.073,-36.454],[150.073,-36.454],[150.073,-36.454],[150.073,-36.454]]],[[[150.056,-36.496],[150.056,-36.496],[150.056,-36.496],[150.056,-36.496]]],[[[150.072,-36.451],[150.072,-36.45],[150.072,-36.45],[150.072,-36.451]]],[[[150.073,-36.453],[150.073,-36.453],[150.073,-36.453],[150.073,-36.453]]],[[[150.075,-36.422],[150.075,-36.421],[150.075,-36.422],[150.075,-36.422]]],[[[150.073,-36.449],[150.073,-36.449],[150.073,-36.449],[150.073,-36.449]]],[[[150.073,-36.454],[150.073,-36.454],[150.073,-36.454],[150.073,-36.454]]],[[[150.074,-36.422],[150.074,-36.422],[150.074,-36.422],[150.074,-36.422]]]]},"properties":{"sa4_code_2021":"101","sa4_name_2021":"Capital Region"},"id":"101"},{"type":"Feature","geometry":{"type":"MultiPolygon","coordinates":[[[[151.489,-33.188],[151.455,-33.203],[151.399,-33.186],[151.379,-33.1],[151.306,-33.044],[151.266,-33.058],[151.262,-33.099],[151.203,-33.139],[151.134,-33.111],[151.1,-33.144],[151.107,-33.231],[151.087,-33.269],[151.09,-33.327],[151.0,-33.351],[150.984,-33.372],[150.993,-33.398],[151.032,-33.405],[151.032,-33.427],[151.068,-33.46],[151.079,-33.445],[151.097,-33.48],[151.115,-33.464],[151.14,-33.469],[151.166,-33.427],[151.173,-33.438],[151.152,-33.46],[151.172,-33.469],[151.154,-33.487],[151.16,-33.511],[151.182,-33.501],[151.199,-33.536],[151.192,-33.489],[151.232,-33.473],[151.237,-33.454],[151.238,-33.476],[151.198,-33.495],[151.227,-33.53],[151.231,-33.507],[151.266,-33.485],[151.237,-33.511],[151.259,-33.571],[151.274,-33.551],[151.31,-33.555],[151.313,-33.53],[151.35,-33.516],[151.33,-33.498],[151.336,-33.484],[151.3,-33.496],[151.318,-33.486],[151.307,-33.468],[151.324,-33.477],[151.313,-33.461],[151.329,-33.451],[151.323,-33.428],[151.339,-33.43],[151.342,-33.451],[151.369,-33.439],[151.342,-33.481],[151.37,-33.492],[151.367,-33.474],[151.383,-33.472],[151.376,-33.501],[151.341,-33.489],[151.363,-33.521],[151.336,-33.522],[151.345,-33.547],[151.406,-33.529],[151.447,-33.486],[151.435,-33.468],[151.453,-33.451],[151.445,-33.436],[151.504,-33.363],[151.494,-33.337],[151.474,-33.366],[151.449,-33.355],[151.442,-33.33],[151.469,-33.328],[151.442,-33.307],[151.465,-33.302],[151.495,-33.264],[151.519,-33.262],[151.508,-33.223],[151.562,-33.24],[151.555,-33.199],[151.577,-33.197],[151.586,-33.208],[151.558,-33.252],[151.52,-33.263],[151.546,-33.278],[151.503,-33.344],[151.579,-33.282],[151.564,-33.249],[151.625,-33.198],[151.631,-33.177],[151.597,-33.172],[151.581,-33.103],[151.584,-33.123],[151.553,-33.146],[151.572,-33.155],[151.568,-33.175],[151.536,-33.143],[151.528,-33.18],[151.512,-33.194],[151.489,-33.188]]],[[[151.315,-33.556],[151.318,-33.559],[151.321,-33.557],[151.315,-33.556]]],[[[151.204,-33.533],[151.217,-33.53],[151.212,-33.528],[151.204,-33.533]]],[[[151.573,-33.291],[151.572,-33.289],[151.57,-33.29],[151.573,-33.291]]]]},"properties":{"sa4_code_2021":"102","sa4_name_2021":"Central Coast"},"id":"102"},{"type":"Feature","geometry":{"type":"Polygon","coordinates":[[[150.142,-32.342],[150.067,-32.344],[150.067,-32.356],[150.029,-32.333],[150.022,-32.304],[150.053,-32.258],[150.044,-32.244],[150.058,-32.251],[150.058,-32.236],[150.076,-32.233],[150.048,-32.221],[150.07,-32.188],[150.045,-32.194],[150.013,-32.175],[150.012,-32.131],[149.974,-32.123],[149.921,-32.138],[149.932,-32.119],[149.893,-32.12],[149.894,-32.105],[149.845,-32.117],[149.846,-32.106],[149.795,-32.093],[149.808,-32.039],[149.86,-32.023],[149.875,-32.031],[149.876,-31.985],[149.75,-31.969],[149.71,-32.012],[149.667,-32.004],[149.675,-31.965],[149.653,-31.954],[149.572,-31.977],[149.568,-31.938],[149.584,-31.906],[149.567,-31.904],[149.56,-31.883],[149.502,-31.873],[149.513,-31.812],[149.426,-31.813],[149.388,-31.779],[149.357,-31.794],[149.376,-31.826],[149.338,-31.855],[149.289,-31.848],[149.28,-31.874],[149.265,-31.859],[149.258,-31.885],[149.27,-31.904],[149.295,-31.907],[149.291,-31.931],[149.308,-31.938],[149.305,-31.953],[149.249,-31.976],[149.202,-31.949],[149.198,-31.967],[149.178,-31.951],[149.153,-31.964],[149.145,-31.934],[149.113,-31.93],[149.112,-31.954],[149.1,-31.933],[149.032,-31.923],[149.011,-32.039],[148.997,-32.037],[149.024,-32.087],[149.02,-32.109],[149.06,-32.087],[149.097,-32.115],[149.122,-32.101],[149.171,-32.125],[149.17,-32.103],[149.198,-32.11],[149.197,-32.145],[149.221,-32.183],[149.192,-32.202],[149.203,-32.214],[149.189,-32.291],[149.226,-32.295],[149.183,-32.336],[149.173,-32.402],[149.257,-32.399],[149.285,-32.434],[149.281,-32.449],[149.255,-32.448],[149.275,-32.476],[149.261,-32.485],[149.297,-32.497],[149.275,-32.509],[149.283,-32.522],[149.26,-32.546],[149.269,-32.571],[149.231,-32.606],[149.26,-32.609],[149.257,-32.637],[149.202,-32.639],[149.196,-32.602],[149.168,-32.608],[149.144,-32.646],[149.194,-32.721],[149.238,-32.732],[149.213,-32.738],[149.183,-32.718],[149.164,-32.761],[149.239,-32.788],[149.245,-32.819],[149.213,-32.826],[149.234,-32.851],[149.218,-32.867],[149.231,-32.884],[149.224,-32.914],[149.246,-32.919],[149.268,-32.9],[149.281,-32.948],[149.238,-32.969],[149.253,-32.991],[149.232,-32.994],[149.207,-33.032],[149.168,-33.035],[149.171,-33.016],[149.15,-33.001],[149.138,-33.013],[149.093,-33.01],[149.098,-33.043],[149.057,-33.033],[149.031,-33.047],[149.01,-33.023],[149.02,-32.968],[148.985,-32.962],[148.959,-32.892],[148.905,-32.908],[148.886,-32.898],[148.882,-32.921],[148.814,-32.902],[148.833,-32.873],[148.808,-32.88],[148.781,-32.829],[148.725,-32.794],[148.715,-32.835],[148.661,-32.821],[148.654,-32.853],[148.587,-32.859],[148.581,-32.872],[148.552,-32.834],[148.562,-32.783],[148.481,-32.759],[148.47,-32.773],[148.379,-32.761],[148.393,-32.724],[148.33,-32.716],[148.334,-32.681],[148.347,-32.676],[148.264,-32.678],[148.263,-32.692],[148.128,-32.683],[148.091,-32.605],[148.004,-32.564],[147.964,-32.519],[147.965,-32.499],[147.905,-32.461],[147.905,-32.432],[147.772,-32.423],[147.72,-32.396],[147.684,-32.342],[147.687,-32.312],[147.635,-32.298],[147.616,-32.271],[147.499,-32.213],[147.471,-32.148],[147.478,-32.123],[147.42,-32.069],[147.417,-32.04],[147.348,-31.996],[147.293,-31.995],[147.266,-32.066],[147.198,-32.11],[147.194,-32.068],[147.071,-32.151],[147.143,-32.229],[147.069,-32.277],[147.048,-32.274],[147.045,-32.293],[147.001,-32.288],[146.997,-32.317],[146.962,-32.278],[146.827,-32.358],[146.87,-32.406],[146.807,-32.447],[146.721,-32.395],[146.676,-32.333],[146.586,-32.37],[146.528,-32.368],[146.705,-33.032],[146.645,-33.031],[146.64,-33.055],[146.594,-33.086],[146.581,-33.077],[146.56,-33.096],[146.55,-33.084],[146.524,-33.107],[146.474,-33.111],[146.463,-33.137],[146.479,-33.158],[146.454,-33.173],[146.46,-33.197],[146.388,-33.236],[146.372,-33.232],[146.358,-33.195],[146.308,-33.188],[146.291,-33.227],[146.248,-33.219],[146.254,-33.236],[146.235,-33.241],[146.225,-33.228],[146.137,-33.227],[146.124,-33.245],[146.131,-33.261],[146.103,-33.262],[146.084,-33.29],[146.091,-33.32],[146.067,-33.357],[146.054,-33.476],[146.095,-33.603],[146.204,-33.578],[146.168,-33.667],[146.219,-33.692],[146.249,-33.688],[146.24,-33.741],[146.319,-33.786],[146.437,-33.794],[146.417,-33.911],[146.493,-33.92],[146.458,-34.133],[146.635,-34.151],[146.624,-34.225],[146.729,-34.237],[146.719,-34.298],[146.911,-34.31],[146.934,-34.293],[146.98,-34.299],[146.98,-34.31],[147.048,-34.297],[147.108,-34.317],[147.129,-34.276],[147.255,-34.291],[147.265,-34.235],[147.297,-34.254],[147.302,-34.229],[147.285,-34.221],[147.306,-34.204],[147.301,-34.176],[147.47,-34.209],[147.469,-34.164],[147.496,-34.107],[147.584,-34.118],[147.58,-34.138],[147.63,-34.144],[147.633,-34.13],[147.666,-34.13],[147.716,-34.163],[147.825,-34.117],[147.938,-34.117],[147.942,-34.094],[148.005,-34.098],[148.026,-34.118],[148.016,-34.029],[148.064,-34.03],[148.146,-34.081],[148.153,-34.057],[148.205,-34.07],[148.237,-34.055],[148.283,-34.083],[148.334,-34.087],[148.35,-34.115],[148.385,-34.131],[148.408,-34.078],[148.439,-34.074],[148.442,-34.012],[148.545,-34.033],[148.551,-34.019],[148.619,-34.071],[148.652,-34.066],[148.67,-34.097],[148.731,-34.079],[148.763,-34.038],[148.744,-34.021],[148.753,-33.999],[148.765,-34.001],[148.767,-33.982],[148.804,-33.984],[148.832,-33.945],[148.89,-33.939],[148.89,-33.963],[148.934,-33.982],[148.967,-33.969],[148.981,-33.924],[149.022,-33.934],[149.065,-33.893],[149.082,-33.913],[149.12,-33.888],[149.155,-33.927],[149.145,-33.958],[149.179,-33.985],[149.218,-33.964],[149.236,-33.98],[149.234,-33.968],[149.3,-33.946],[149.348,-33.953],[149.352,-33.971],[149.435,-34.023],[149.456,-34.03],[149.465,-34.01],[149.513,-34.032],[149.551,-34.094],[149.579,-34.093],[149.604,-34.123],[149.62,-34.105],[149.623,-34.129],[149.629,-34.114],[149.657,-34.171],[149.678,-34.173],[149.683,-34.199],[149.757,-34.187],[149.797,-34.206],[149.85,-34.184],[149.919,-34.183],[149.95,-34.125],[149.932,-34.116],[149.929,-34.079],[149.945,-34.092],[149.962,-34.077],[150.002,-34.079],[150.002,-34.061],[149.975,-34.044],[149.986,-34.017],[149.972,-33.952],[149.987,-33.904],[150.044,-33.888],[150.051,-33.916],[150.071,-33.911],[150.152,-33.849],[150.181,-33.805],[150.171,-33.789],[150.196,-33.767],[150.18,-33.743],[150.212,-33.722],[150.179,-33.722],[150.181,-33.704],[150.208,-33.709],[150.215,-33.675],[150.248,-33.664],[150.241,-33.639],[150.267,-33.632],[150.271,-33.619],[150.212,-33.559],[150.216,-33.548],[150.251,-33.558],[150.257,-33.494],[150.315,-33.504],[150.312,-33.52],[150.331,-33.523],[150.355,-33.486],[150.386,-33.501],[150.436,-33.494],[150.469,-33.461],[150.472,-33.485],[150.486,-33.486],[150.484,-33.446],[150.501,-33.421],[150.591,-33.343],[150.584,-33.322],[150.552,-33.315],[150.567,-33.306],[150.558,-33.291],[150.576,-33.29],[150.553,-33.275],[150.56,-33.257],[150.526,-33.239],[150.544,-33.221],[150.524,-33.194],[150.552,-33.184],[150.555,-33.162],[150.584,-33.168],[150.586,-33.148],[150.612,-33.139],[150.599,-33.125],[150.62,-33.11],[150.602,-33.101],[150.611,-33.066],[150.582,-33.054],[150.586,-33.033],[150.559,-32.996],[150.599,-32.956],[150.555,-32.888],[150.572,-32.873],[150.575,-32.792],[150.548,-32.772],[150.559,-32.758],[150.494,-32.752],[150.421,-32.821],[150.356,-32.841],[150.341,-32.794],[150.275,-32.748],[150.32,-32.648],[150.228,-32.612],[150.259,-32.598],[150.266,-32.578],[150.237,-32.574],[150.248,-32.483],[150.227,-32.456],[150.267,-32.449],[150.28,-32.422],[150.319,-32.409],[150.319,-32.388],[150.305,-32.374],[150.287,-32.387],[150.267,-32.377],[150.271,-32.323],[150.252,-32.325],[150.255,-32.303],[150.208,-32.319],[150.218,-32.338],[150.197,-32.333],[150.189,-32.35],[150.166,-32.32],[150.142,-32.342]]]},"properties":{"sa4_code_2021":"103","sa4_name_2021":"Central West"},"id":"103"},{"type":"Feature","geometry":{"type":"MultiPolygon","coordinates":[[[[153.104,-29.314],[153.022,-29.342],[152.992,-29.308],[152.939,-29.325],[152.914,-29.311],[152.811,-29.317],[152.824,-29.274],[152.809,-29.236],[152.76,-29.195],[152.719,-29.193],[152.721,-29.14],[152.754,-29.101],[152.735,-29.104],[152.689,-29.023],[152.662,-29.02],[152.665,-29.005],[152.487,-28.97],[152.463,-28.976],[152.476,-28.99],[152.464,-28.992],[152.46,-29.032],[152.424,-29.037],[152.444,-29.04],[152.419,-29.081],[152.455,-29.089],[152.444,-29.144],[152.414,-29.161],[152.425,-29.178],[152.405,-29.211],[152.414,-29.229],[152.352,-29.249],[152.306,-29.283],[152.315,-29.299],[152.298,-29.307],[152.332,-29.342],[152.452,-29.359],[152.432,-29.393],[152.409,-29.398],[152.389,-29.445],[152.412,-29.507],[152.354,-29.545],[152.336,-29.641],[152.29,-29.676],[152.281,-29.666],[152.262,-29.699],[152.264,-29.751],[152.216,-29.761],[152.191,-29.788],[152.193,-29.807],[152.17,-29.822],[152.168,-29.869],[152.222,-29.872],[152.274,-29.846],[152.282,-29.857],[152.272,-29.952],[152.317,-30.006],[152.279,-30.099],[152.317,-30.162],[152.303,-30.179],[152.317,-30.182],[152.31,-30.201],[152.35,-30.235],[152.337,-30.258],[152.352,-30.355],[152.382,-30.363],[152.428,-30.419],[152.392,-30.443],[152.4,-30.502],[152.474,-30.553],[152.488,-30.556],[152.496,-30.518],[152.63,-30.54],[152.732,-30.523],[152.841,-30.532],[152.896,-30.558],[152.928,-30.537],[153.017,-30.565],[153.036,-30.486],[153.076,-30.432],[153.078,-30.405],[153.118,-30.335],[153.153,-30.309],[153.14,-30.31],[153.155,-30.305],[153.14,-30.3],[153.14,-30.256],[153.207,-30.156],[153.214,-30.11],[153.2,-30.104],[153.197,-30.041],[153.26,-29.952],[153.277,-29.893],[153.268,-29.865],[153.304,-29.775],[153.296,-29.737],[153.334,-29.675],[153.321,-29.653],[153.343,-29.608],[153.339,-29.564],[153.363,-29.525],[153.377,-29.366],[153.341,-29.333],[153.36,-29.264],[153.32,-29.24],[153.288,-29.251],[153.169,-29.236],[153.166,-29.25],[153.142,-29.247],[153.144,-29.282],[153.111,-29.274],[153.104,-29.314]]],[[[153.076,-30.43],[153.075,-30.43],[153.078,-30.433],[153.076,-30.43]]],[[[153.267,-30.203],[153.267,-30.208],[153.269,-30.206],[153.267,-30.203]]],[[[153.225,-30.16],[153.227,-30.162],[153.229,-30.161],[153.225,-30.16]]],[[[153.207,-30.131],[153.209,-30.13],[153.207,-30.13],[153.207,-30.131]]],[[[153.208,-30.068],[153.208,-30.068],[153.208,-30.068],[153.208,-30.068]]],[[[153.271,-30.016],[153.271,-30.019],[153.271,-30.015],[153.271,-30.016]]],[[[153.208,-30.096],[153.208,-30.096],[153.208,-30.096],[153.208,-30.096]]],[[[153.208,-30.096],[153.208,-30.096],[153.208,-30.096],[153.208,-30.096]]],[[[153.278,-29.919],[153.276,-29.92],[153.277,-29.921],[153.278,-29.919]]],[[[153.208,-30.095],[153.207,-30.096],[153.208,-30.096],[153.208,-30.095]]],[[[153.206,-30.13],[153.207,-30.13],[153.206,-30.129],[153.206,-30.13]]],[[[153.303,-29.773],[153.304,-29.774],[153.304,-29.773],[153.303,-29.773]]],[[[153.301,-29.771],[153.301,-29.771],[153.3,-29.771],[153.301,-29.771]]],[[[153.207,-30.096],[153.205,-30.096],[153.206,-30.096],[153.207,-30.096]]],[[[153.258,-29.973],[153.26,-29.974],[153.259,-29.973],[153.258,-29.973]]],[[[153.26,-29.975],[153.261,-29.975],[153.26,-29.974],[153.26,-29.975]]],[[[153.391,-29.926],[153.392,-29.924],[153.389,-29.923],[153.391,-29.926]]],[[[153.393,-29.932],[153.395,-29.933],[153.393,-29.927],[153.393,-29.932]]],[[[153.366,-29.36],[153.366,-29.36],[153.365,-29.36],[153.366,-29.36]]],[[[153.361,-29.356],[153.362,-29.356],[153.362,-29.356],[153.361,-29.356]]],[[[153.157,-30.234],[153.157,-30.235],[153.157,-30.234],[153.157,-30.234]]],[[[153.182,-30.241],[153.181,-30.239],[153.179,-30.24],[153.182,-30.241]]],[[[153.143,-30.296],[153.144,-30.296],[153.144,-30.295],[153.143,-30.296]]],[[[153.146,-30.302],[153.145,-30.302],[153.146,-30.302],[153.146,-30.302]]],[[[153.145,-30.302],[153.145,-30.302],[153.145,-30.302],[153.145,-30.302]]]]},"properties":{"sa4_code_2021":"104","sa4_name_2021":"Coffs Harbour - Grafton"},"id":"104"},{"type":"Feature","geometry":{"type":"Polygon","coordinates":[[[148.676,-29.51],[148.694,-29.432],[148.716,-29.421],[148.705,-29.39],[148.684,-29.389],[148.704,-29.362],[148.689,-29.352],[148.697,-29.326],[148.723,-29.316],[148.715,-29.297],[148.728,-29.3],[148.721,-29.282],[148.766,-29.192],[148.809,-29.178],[148.797,-29.141],[148.814,-29.082],[148.898,-29.02],[148.942,-29.025],[148.958,-28.999],[140.999,-28.999],[141.002,-33.329],[141.264,-33.356],[141.267,-33.337],[141.309,-33.341],[141.306,-33.362],[141.348,-33.367],[141.403,-32.988],[141.573,-33.006],[141.561,-33.096],[142.038,-33.144],[142.023,-33.085],[142.108,-33.09],[142.106,-33.112],[142.243,-33.131],[142.245,-33.119],[142.293,-33.117],[142.302,-33.092],[142.287,-33.085],[142.313,-33.05],[142.357,-33.035],[142.383,-33.005],[142.376,-32.974],[142.428,-32.979],[142.424,-33.005],[142.548,-33.017],[142.516,-32.847],[142.944,-32.891],[142.965,-32.749],[143.432,-32.808],[143.417,-32.907],[143.5,-32.918],[143.506,-32.876],[143.592,-32.885],[143.585,-32.931],[143.672,-32.941],[143.653,-33.012],[143.573,-33.012],[143.552,-33.14],[143.637,-33.15],[143.666,-33.179],[143.721,-33.14],[143.79,-33.149],[143.817,-33.137],[143.839,-33.155],[143.898,-33.161],[143.906,-33.116],[144.251,-33.155],[144.236,-33.25],[144.278,-33.254],[144.263,-33.273],[144.547,-33.3],[144.549,-33.286],[144.578,-33.289],[144.612,-33.238],[144.643,-33.241],[144.646,-33.222],[144.733,-33.231],[144.747,-33.162],[144.778,-33.163],[144.798,-33.036],[144.913,-33.049],[144.909,-33.074],[144.963,-33.087],[144.986,-33.071],[144.985,-33.022],[145.008,-33.036],[145.028,-33.022],[145.108,-33.034],[145.165,-32.715],[145.249,-32.724],[145.257,-32.671],[145.344,-32.682],[145.331,-32.767],[145.413,-32.776],[145.467,-32.723],[145.51,-32.728],[145.504,-32.77],[145.545,-32.775],[145.551,-32.792],[145.569,-32.758],[145.549,-32.765],[145.557,-32.733],[145.596,-32.738],[145.587,-32.796],[145.672,-32.806],[145.645,-33.08],[145.871,-33.086],[145.873,-33.075],[146.032,-33.094],[146.094,-33.189],[146.059,-33.212],[146.095,-33.276],[146.104,-33.261],[146.131,-33.261],[146.124,-33.245],[146.137,-33.227],[146.225,-33.228],[146.231,-33.241],[146.254,-33.236],[146.248,-33.219],[146.29,-33.227],[146.308,-33.188],[146.358,-33.195],[146.372,-33.232],[146.387,-33.236],[146.46,-33.197],[146.454,-33.173],[146.479,-33.158],[146.463,-33.137],[146.474,-33.111],[146.524,-33.107],[146.55,-33.084],[146.56,-33.096],[146.581,-33.077],[146.594,-33.086],[146.64,-33.055],[146.645,-33.031],[146.706,-33.03],[146.528,-32.368],[146.586,-32.37],[146.676,-32.333],[146.721,-32.395],[146.807,-32.447],[146.87,-32.406],[146.827,-32.358],[146.962,-32.278],[146.997,-32.317],[147.001,-32.288],[147.045,-32.293],[147.048,-32.274],[147.069,-32.277],[147.143,-32.229],[147.071,-32.151],[147.194,-32.068],[147.198,-32.11],[147.267,-32.066],[147.293,-31.995],[147.326,-31.993],[147.417,-32.04],[147.42,-32.069],[147.478,-32.123],[147.471,-32.148],[147.499,-32.213],[147.616,-32.271],[147.635,-32.298],[147.687,-32.312],[147.695,-32.368],[147.724,-32.399],[147.772,-32.423],[147.905,-32.432],[147.905,-32.461],[147.965,-32.499],[147.964,-32.519],[148.004,-32.564],[148.091,-32.605],[148.128,-32.683],[148.263,-32.692],[148.264,-32.678],[148.347,-32.676],[148.334,-32.681],[148.33,-32.716],[148.393,-32.724],[148.379,-32.761],[148.47,-32.773],[148.481,-32.759],[148.562,-32.783],[148.552,-32.834],[148.581,-32.872],[148.587,-32.859],[148.654,-32.853],[148.661,-32.821],[148.715,-32.835],[148.725,-32.794],[148.781,-32.829],[148.808,-32.88],[148.833,-32.873],[148.814,-32.902],[148.882,-32.921],[148.886,-32.898],[148.905,-32.908],[148.959,-32.892],[148.985,-32.962],[149.02,-32.968],[149.014,-33.041],[149.098,-33.043],[149.093,-33.01],[149.138,-33.013],[149.15,-33.001],[149.171,-33.016],[149.168,-33.035],[149.207,-33.032],[149.232,-32.994],[149.252,-32.992],[149.237,-32.97],[149.275,-32.956],[149.282,-32.924],[149.266,-32.899],[149.246,-32.919],[149.224,-32.914],[149.231,-32.884],[149.218,-32.867],[149.234,-32.851],[149.213,-32.826],[149.245,-32.819],[149.239,-32.788],[149.218,-32.785],[149.221,-32.773],[149.175,-32.775],[149.164,-32.756],[149.183,-32.718],[149.213,-32.738],[149.238,-32.732],[149.194,-32.721],[149.144,-32.646],[149.168,-32.608],[149.196,-32.602],[149.202,-32.639],[149.257,-32.637],[149.26,-32.609],[149.231,-32.606],[149.269,-32.571],[149.26,-32.546],[149.297,-32.496],[149.261,-32.485],[149.275,-32.476],[149.255,-32.448],[149.281,-32.449],[149.285,-32.434],[149.257,-32.399],[149.173,-32.402],[149.183,-32.336],[149.226,-32.295],[149.189,-32.291],[149.203,-32.214],[149.192,-32.202],[149.221,-32.183],[149.197,-32.145],[149.198,-32.11],[149.17,-32.103],[149.171,-32.125],[149.122,-32.101],[149.097,-32.115],[149.06,-32.087],[149.02,-32.109],[149.024,-32.087],[148.997,-32.037],[149.011,-32.039],[149.032,-31.923],[149.1,-31.933],[149.112,-31.954],[149.113,-31.93],[149.145,-31.934],[149.153,-31.964],[149.178,-31.951],[149.198,-31.967],[149.202,-31.949],[149.249,-31.976],[149.305,-31.953],[149.308,-31.938],[149.291,-31.931],[149.295,-31.907],[149.27,-31.904],[149.258,-31.885],[149.265,-31.859],[149.28,-31.874],[149.289,-31.848],[149.338,-31.855],[149.376,-31.826],[149.357,-31.794],[149.388,-31.779],[149.426,-31.813],[149.513,-31.812],[149.502,-31.873],[149.56,-31.883],[149.567,-31.904],[149.584,-31.906],[149.568,-31.938],[149.572,-31.977],[149.653,-31.954],[149.675,-31.965],[149.667,-32.004],[149.71,-32.012],[149.75,-31.969],[149.842,-31.984],[149.92,-31.887],[150.024,-31.829],[150.07,-31.765],[150.111,-31.746],[150.075,-31.74],[150.028,-31.685],[149.984,-31.728],[149.966,-31.701],[149.905,-31.707],[149.866,-31.679],[149.866,-31.638],[149.841,-31.616],[149.901,-31.624],[149.893,-31.593],[149.915,-31.56],[149.904,-31.537],[149.867,-31.537],[149.883,-31.452],[149.914,-31.448],[149.885,-31.371],[149.805,-31.373],[149.813,-31.317],[149.789,-31.309],[149.796,-31.224],[149.826,-31.228],[149.844,-31.197],[149.881,-31.202],[149.888,-31.117],[149.905,-31.097],[149.82,-31.085],[149.847,-30.939],[149.838,-30.921],[149.824,-30.939],[149.711,-30.934],[149.71,-30.917],[149.632,-30.916],[149.637,-30.889],[149.659,-30.884],[149.518,-30.863],[149.495,-30.893],[149.311,-30.864],[149.207,-30.906],[149.155,-30.785],[149.122,-30.798],[149.12,-30.716],[149.048,-30.713],[149.036,-30.656],[149.052,-30.64],[149.026,-30.606],[148.97,-30.619],[148.975,-30.634],[148.948,-30.655],[148.923,-30.624],[148.811,-30.674],[148.835,-30.529],[148.852,-30.531],[148.855,-30.518],[148.885,-30.326],[148.916,-30.342],[148.93,-30.313],[148.943,-30.188],[148.981,-30.168],[148.971,-30.15],[148.993,-30.117],[149.02,-30.129],[149.024,-30.106],[149.055,-30.092],[149.068,-30.033],[149.081,-30.034],[149.094,-29.959],[149.048,-29.953],[149.089,-29.713],[148.88,-29.629],[148.901,-29.475],[148.852,-29.497],[148.816,-29.49],[148.8,-29.506],[148.676,-29.51]]]},"properties":{"sa4_code_2021":"105","sa4_name_2021":"Far West and Orana"},"id":"105"},{"type":"Feature","geometry":{"type":"MultiPolygon","coordinates":[[[[152.073,-32.712],[152.062,-32.699],[152.07,-32.736],[152.059,-32.716],[152.049,-32.729],[151.988,-32.719],[151.936,-32.736],[151.944,-32.717],[151.978,-32.706],[151.978,-32.688],[151.96,-32.697],[151.945,-32.677],[151.97,-32.654],[151.994,-32.669],[152.03,-32.664],[152.042,-32.68],[152.061,-32.65],[152.05,-32.677],[152.069,-32.69],[152.114,-32.681],[152.122,-32.658],[152.138,-32.671],[152.129,-32.686],[152.173,-32.678],[152.205,-32.701],[152.187,-32.685],[152.196,-32.648],[152.292,-32.583],[152.237,-32.587],[152.22,-32.565],[152.181,-32.576],[152.156,-32.604],[152.078,-32.57],[152.073,-32.593],[152.019,-32.585],[152.004,-32.613],[151.995,-32.581],[151.973,-32.584],[151.944,-32.616],[151.858,-32.614],[151.893,-32.474],[151.919,-32.448],[151.902,-32.419],[151.843,-32.41],[151.85,-32.326],[151.821,-32.313],[151.809,-32.247],[151.761,-32.264],[151.73,-32.237],[151.696,-32.194],[151.689,-32.148],[151.648,-32.101],[151.594,-32.106],[151.489,-32.051],[151.404,-32.044],[151.455,-31.996],[151.442,-31.952],[151.469,-31.897],[151.528,-31.848],[151.553,-31.847],[151.556,-31.862],[151.577,-31.855],[151.594,-31.79],[151.518,-31.769],[151.536,-31.596],[151.478,-31.564],[151.467,-31.564],[151.455,-31.61],[151.434,-31.595],[151.428,-31.562],[151.327,-31.561],[151.326,-31.576],[151.256,-31.618],[151.235,-31.662],[151.176,-31.629],[151.117,-31.632],[151.068,-31.595],[150.999,-31.603],[150.996,-31.638],[150.914,-31.648],[150.894,-31.665],[150.911,-31.668],[150.904,-31.682],[150.868,-31.687],[150.849,-31.731],[150.802,-31.733],[150.76,-31.782],[150.739,-31.779],[150.713,-31.805],[150.73,-31.814],[150.723,-31.839],[150.702,-31.842],[150.568,-31.844],[150.547,-31.858],[150.486,-31.831],[150.443,-31.855],[150.411,-31.834],[150.368,-31.843],[150.335,-31.825],[150.294,-31.849],[150.199,-31.824],[150.152,-31.766],[150.1,-31.749],[150.05,-31.786],[150.024,-31.829],[149.902,-31.905],[149.839,-31.987],[149.876,-31.985],[149.875,-32.031],[149.86,-32.023],[149.808,-32.039],[149.796,-32.058],[149.795,-32.093],[149.846,-32.106],[149.845,-32.117],[149.895,-32.105],[149.893,-32.12],[149.932,-32.119],[149.921,-32.138],[150.0,-32.125],[150.02,-32.184],[150.07,-32.189],[150.048,-32.221],[150.076,-32.233],[150.058,-32.235],[150.058,-32.251],[150.044,-32.244],[150.053,-32.258],[150.022,-32.304],[150.029,-32.333],[150.04,-32.328],[150.054,-32.351],[150.143,-32.341],[150.165,-32.32],[150.189,-32.35],[150.197,-32.333],[150.218,-32.338],[150.208,-32.319],[150.255,-32.303],[150.252,-32.325],[150.271,-32.323],[150.267,-32.377],[150.287,-32.387],[150.305,-32.374],[150.32,-32.389],[150.319,-32.409],[150.28,-32.422],[150.267,-32.449],[150.226,-32.459],[150.248,-32.483],[150.237,-32.574],[150.266,-32.578],[150.259,-32.598],[150.228,-32.612],[150.32,-32.648],[150.275,-32.748],[150.341,-32.794],[150.363,-32.846],[150.421,-32.821],[150.442,-32.793],[150.462,-32.794],[150.494,-32.752],[150.559,-32.758],[150.548,-32.772],[150.575,-32.792],[150.572,-32.873],[150.555,-32.888],[150.599,-32.956],[150.559,-32.996],[150.586,-33.033],[150.582,-33.054],[150.607,-33.068],[150.63,-33.059],[150.728,-33.072],[150.705,-33.045],[150.682,-33.045],[150.672,-33.021],[150.686,-32.997],[150.745,-33.022],[150.764,-33.0],[150.855,-33.032],[150.847,-33.098],[150.884,-33.119],[151.035,-33.124],[151.052,-33.08],[151.084,-33.075],[151.203,-33.139],[151.262,-33.099],[151.266,-33.058],[151.305,-33.044],[151.332,-33.062],[151.341,-33.043],[151.374,-33.038],[151.386,-33.006],[151.448,-32.993],[151.464,-32.968],[151.517,-32.967],[151.514,-32.923],[151.541,-32.872],[151.609,-32.88],[151.629,-32.79],[151.686,-32.784],[151.707,-32.801],[151.684,-32.821],[151.768,-32.852],[151.77,-32.828],[151.787,-32.82],[151.866,-32.828],[151.879,-32.841],[152.053,-32.785],[152.116,-32.793],[152.122,-32.769],[152.173,-32.762],[152.171,-32.744],[152.187,-32.741],[152.186,-32.711],[152.104,-32.716],[152.094,-32.728],[152.073,-32.712]]],[[[152.051,-32.691],[152.052,-32.691],[152.051,-32.691],[152.051,-32.691]]],[[[152.054,-32.695],[152.055,-32.695],[152.054,-32.694],[152.054,-32.695]]],[[[152.057,-32.698],[152.058,-32.698],[152.058,-32.698],[152.057,-32.698]]],[[[151.998,-32.701],[152.003,-32.706],[152.002,-32.702],[151.998,-32.701]]],[[[151.981,-32.708],[151.981,-32.709],[151.981,-32.708],[151.981,-32.708]]],[[[151.98,-32.673],[151.974,-32.665],[151.98,-32.678],[151.98,-32.673]]],[[[151.965,-32.674],[151.975,-32.68],[151.97,-32.668],[151.965,-32.674]]],[[[151.984,-32.67],[151.986,-32.671],[151.987,-32.671],[151.984,-32.67]]],[[[152.017,-32.673],[152.017,-32.673],[152.016,-32.674],[152.017,-32.673]]],[[[151.982,-32.672],[151.984,-32.673],[151.983,-32.672],[151.982,-32.672]]],[[[152.228,-32.706],[152.226,-32.709],[152.231,-32.71],[152.228,-32.706]]],[[[152.242,-32.701],[152.243,-32.702],[152.243,-32.7],[152.242,-32.701]]],[[[152.124,-32.785],[152.124,-32.784],[152.124,-32.785],[152.124,-32.785]]],[[[152.172,-32.762],[152.173,-32.763],[152.173,-32.762],[152.172,-32.762]]],[[[152.177,-32.756],[152.179,-32.756],[152.177,-32.755],[152.177,-32.756]]],[[[152.205,-32.742],[152.204,-32.743],[152.205,-32.743],[152.205,-32.742]]],[[[152.331,-32.619],[152.336,-32.625],[152.336,-32.62],[152.331,-32.619]]],[[[152.226,-32.692],[152.225,-32.692],[152.225,-32.693],[152.226,-32.692]]],[[[152.225,-32.693],[152.225,-32.693],[152.225,-32.693],[152.225,-32.693]]],[[[152.319,-32.627],[152.319,-32.627],[152.32,-32.627],[152.319,-32.627]]],[[[152.319,-32.628],[152.319,-32.628],[152.319,-32.628],[152.319,-32.628]]],[[[152.152,-32.768],[152.153,-32.768],[152.152,-32.768],[152.152,-32.768]]],[[[152.145,-32.769],[152.145,-32.769],[152.145,-32.768],[152.145,-32.769]]],[[[152.324,-32.616],[152.305,-32.607],[152.312,-32.627],[152.324,-32.616]]],[[[152.316,-32.63],[152.318,-32.631],[152.317,-32.628],[152.316,-32.63]]],[[[152.318,-32.624],[152.319,-32.625],[152.318,-32.624],[152.318,-32.624]]],[[[152.12,-32.79],[152.121,-32.789],[152.12,-32.789],[152.12,-32.79]]],[[[152.198,-32.746],[152.192,-32.74],[152.185,-32.75],[152.198,-32.746]]],[[[152.142,-32.768],[152.145,-32.768],[152.143,-32.767],[152.142,-32.768]]],[[[152.161,-32.764],[152.162,-32.765],[152.162,-32.764],[152.161,-32.764]]],[[[152.157,-32.765],[152.158,-32.765],[152.157,-32.765],[152.157,-32.765]]],[[[152.146,-32.766],[152.147,-32.766],[152.146,-32.766],[152.146,-32.766]]],[[[152.153,-32.765],[152.153,-32.765],[152.153,-32.765],[152.153,-32.765]]],[[[152.223,-32.689],[152.229,-32.687],[152.223,-32.684],[152.223,-32.689]]],[[[152.225,-32.693],[152.225,-32.693],[152.225,-32.693],[152.225,-32.693]]],[[[152.055,-32.703],[152.059,-32.702],[152.057,-32.7],[152.055,-32.703]]],[[[152.066,-32.695],[152.069,-32.694],[152.066,-32.693],[152.066,-32.695]]],[[[152.094,-32.792],[152.095,-32.793],[152.094,-32.791],[152.094,-32.792]]],[[[152.081,-32.789],[152.081,-32.79],[152.081,-32.79],[152.081,-32.789]]],[[[152.08,-32.79],[152.08,-32.79],[152.08,-32.79],[152.08,-32.79]]],[[[152.077,-32.789],[152.077,-32.789],[152.078,-32.789],[152.077,-32.789]]]]},"properties":{"sa4_code_2021":"106","sa4_name_2021":"Hunter Valley exc Newcastle"},"id":"106"},{"type":"Feature","geometry":{"type":"MultiPolygon","coordinates":[[[[150.898,-34.232],[150.877,-34.26],[150.756,-34.226],[150.725,-34.25],[150.714,-34.28],[150.667,-34.245],[150.601,-34.31],[150.611,-34.316],[150.561,-34.332],[150.531,-34.391],[150.573,-34.389],[150.56,-34.43],[150.528,-34.449],[150.528,-34.491],[150.563,-34.518],[150.591,-34.504],[150.606,-34.475],[150.626,-34.482],[150.644,-34.527],[150.636,-34.546],[150.655,-34.547],[150.641,-34.577],[150.682,-34.602],[150.747,-34.611],[150.7,-34.635],[150.667,-34.623],[150.645,-34.684],[150.597,-34.721],[150.673,-34.705],[150.678,-34.686],[150.697,-34.684],[150.719,-34.69],[150.697,-34.714],[150.731,-34.717],[150.734,-34.749],[150.781,-34.792],[150.81,-34.773],[150.825,-34.783],[150.865,-34.672],[150.856,-34.615],[150.904,-34.597],[150.875,-34.589],[150.862,-34.537],[150.832,-34.557],[150.795,-34.555],[150.81,-34.549],[150.797,-34.546],[150.814,-34.534],[150.812,-34.507],[150.838,-34.5],[150.832,-34.486],[150.887,-34.492],[150.863,-34.529],[150.875,-34.542],[150.891,-34.506],[150.922,-34.494],[150.914,-34.465],[150.908,-34.476],[150.884,-34.458],[150.91,-34.465],[150.902,-34.408],[150.931,-34.369],[150.919,-34.359],[150.926,-34.321],[150.988,-34.233],[151.066,-34.172],[151.016,-34.166],[151.022,-34.156],[150.954,-34.135],[150.925,-34.093],[150.888,-34.174],[150.899,-34.19],[150.858,-34.182],[150.898,-34.232]]],[[[150.937,-34.495],[150.938,-34.495],[150.939,-34.494],[150.937,-34.495]]],[[[150.947,-34.465],[150.944,-34.464],[150.945,-34.465],[150.947,-34.465]]],[[[150.877,-34.545],[150.879,-34.547],[150.882,-34.546],[150.877,-34.545]]],[[[150.929,-34.492],[150.936,-34.493],[150.928,-34.488],[150.929,-34.492]]],[[[150.923,-34.49],[150.924,-34.49],[150.924,-34.49],[150.923,-34.49]]],[[[150.929,-34.456],[150.931,-34.457],[150.93,-34.454],[150.929,-34.456]]]]},"properties":{"sa4_code_2021":"107","sa4_name_2021":"Illawarra"},"id":"107"},{"type":"Feature","geometry":{"type":"MultiPolygon","coordinates":[[[[152.941,-30.545],[152.928,-30.537],[152.896,-30.558],[152.818,-30.53],[152.816,-30.54],[152.732,-30.523],[152.63,-30.54],[152.496,-30.518],[152.48,-30.555],[152.393,-30.501],[152.387,-30.529],[152.327,-30.587],[152.274,-30.592],[152.241,-30.613],[152.22,-30.691],[152.19,-30.725],[152.188,-30.766],[152.143,-30.809],[152.14,-30.838],[152.154,-30.843],[152.169,-30.911],[152.296,-30.931],[152.284,-30.949],[152.294,-30.973],[152.27,-30.999],[152.345,-31.044],[152.331,-31.057],[152.35,-31.117],[152.331,-31.127],[152.317,-31.203],[152.255,-31.195],[152.223,-31.208],[152.152,-31.188],[152.153,-31.273],[152.124,-31.279],[152.1,-31.393],[152.068,-31.398],[152.065,-31.439],[152.088,-31.456],[152.084,-31.5],[151.913,-31.477],[151.916,-31.51],[151.845,-31.499],[151.753,-31.514],[151.802,-31.574],[151.757,-31.602],[151.757,-31.638],[151.653,-31.603],[151.634,-31.615],[151.601,-31.596],[151.569,-31.61],[151.536,-31.596],[151.518,-31.769],[151.594,-31.79],[151.585,-31.838],[151.564,-31.861],[151.552,-31.847],[151.516,-31.853],[151.469,-31.897],[151.442,-31.952],[151.455,-31.996],[151.403,-32.041],[151.489,-32.051],[151.594,-32.106],[151.648,-32.101],[151.689,-32.148],[151.696,-32.194],[151.73,-32.237],[151.761,-32.264],[151.809,-32.247],[151.821,-32.313],[151.85,-32.326],[151.843,-32.41],[151.902,-32.419],[151.919,-32.448],[151.893,-32.474],[151.858,-32.614],[151.944,-32.616],[151.973,-32.584],[151.995,-32.581],[152.004,-32.613],[152.019,-32.585],[152.073,-32.593],[152.078,-32.57],[152.156,-32.604],[152.181,-32.576],[152.22,-32.565],[152.237,-32.587],[152.275,-32.588],[152.364,-32.509],[152.54,-32.443],[152.516,-32.409],[152.552,-32.335],[152.523,-32.312],[152.524,-32.294],[152.571,-32.216],[152.509,-32.172],[152.513,-32.117],[152.548,-32.074],[152.548,-32.028],[152.609,-31.947],[152.755,-31.845],[152.737,-31.837],[152.736,-31.811],[152.806,-31.73],[152.793,-31.711],[152.805,-31.682],[152.85,-31.641],[152.834,-31.629],[152.845,-31.573],[152.938,-31.476],[152.915,-31.409],[152.976,-31.314],[152.96,-31.242],[152.984,-31.187],[152.977,-31.171],[153.065,-31.057],[153.041,-31.041],[153.039,-31.003],[153.089,-30.911],[153.076,-30.878],[153.037,-30.882],[153.014,-30.861],[152.988,-30.732],[152.997,-30.679],[153.02,-30.648],[153.017,-30.565],[152.941,-30.545]]],[[[159.07,-31.496],[159.071,-31.496],[159.071,-31.494],[159.07,-31.496]]],[[[159.072,-31.487],[159.071,-31.487],[159.071,-31.488],[159.072,-31.487]]],[[[159.071,-31.599],[159.073,-31.599],[159.072,-31.599],[159.071,-31.599]]],[[[159.107,-31.54],[159.107,-31.542],[159.109,-31.539],[159.107,-31.54]]],[[[159.061,-31.535],[159.058,-31.535],[159.06,-31.535],[159.061,-31.535]]],[[[159.062,-31.509],[159.063,-31.509],[159.064,-31.509],[159.062,-31.509]]],[[[159.068,-31.505],[159.069,-31.504],[159.068,-31.504],[159.068,-31.505]]],[[[159.073,-31.502],[159.072,-31.503],[159.074,-31.502],[159.073,-31.502]]],[[[159.064,-31.502],[159.065,-31.502],[159.064,-31.501],[159.064,-31.502]]],[[[153.102,-30.939],[153.102,-30.939],[153.102,-30.938],[153.102,-30.939]]],[[[159.105,-31.541],[159.106,-31.541],[159.106,-31.54],[159.105,-31.541]]],[[[153.1,-30.938],[153.102,-30.939],[153.101,-30.938],[153.1,-30.938]]],[[[159.068,-31.501],[159.07,-31.497],[159.066,-31.498],[159.068,-31.501]]],[[[159.063,-31.516],[159.037,-31.517],[159.077,-31.543],[159.074,-31.598],[159.105,-31.564],[159.063,-31.516]]],[[[153.054,-31.071],[153.054,-31.071],[153.054,-31.071],[153.054,-31.071]]],[[[153.065,-31.056],[153.066,-31.056],[153.065,-31.055],[153.065,-31.056]]],[[[153.066,-31.056],[153.066,-31.055],[153.066,-31.055],[153.066,-31.056]]],[[[153.066,-31.048],[153.066,-31.048],[153.066,-31.048],[153.066,-31.048]]],[[[153.062,-31.058],[153.062,-31.058],[153.062,-31.058],[153.062,-31.058]]],[[[153.09,-30.911],[153.091,-30.911],[153.091,-30.91],[153.09,-30.911]]],[[[153.088,-30.916],[153.089,-30.916],[153.088,-30.915],[153.088,-30.916]]],[[[153.076,-30.95],[153.077,-30.949],[153.077,-30.949],[153.076,-30.95]]],[[[153.088,-30.911],[153.088,-30.91],[153.089,-30.911],[153.088,-30.911]]],[[[153.076,-30.95],[153.076,-30.949],[153.076,-30.949],[153.076,-30.95]]],[[[153.089,-30.912],[153.089,-30.912],[153.089,-30.912],[153.089,-30.912]]],[[[153.084,-30.898],[153.084,-30.898],[153.084,-30.898],[153.084,-30.898]]],[[[153.02,-30.649],[153.019,-30.649],[153.02,-30.649],[153.02,-30.649]]],[[[153.076,-30.879],[153.077,-30.879],[153.077,-30.878],[153.076,-30.879]]],[[[153.043,-30.882],[153.044,-30.882],[153.043,-30.882],[153.043,-30.882]]],[[[152.552,-32.463],[152.553,-32.463],[152.553,-32.462],[152.552,-32.463]]],[[[152.541,-32.448],[152.543,-32.448],[152.542,-32.447],[152.541,-32.448]]],[[[152.548,-32.071],[152.549,-32.072],[152.549,-32.071],[152.548,-32.071]]],[[[152.545,-32.081],[152.546,-32.081],[152.546,-32.08],[152.545,-32.081]]],[[[152.927,-31.443],[152.928,-31.443],[152.927,-31.443],[152.927,-31.443]]],[[[152.935,-31.446],[152.935,-31.447],[152.935,-31.446],[152.935,-31.446]]],[[[152.923,-31.43],[152.923,-31.429],[152.923,-31.429],[152.923,-31.43]]],[[[152.932,-31.433],[152.932,-31.433],[152.931,-31.433],[152.932,-31.433]]],[[[152.921,-31.429],[152.921,-31.429],[152.921,-31.429],[152.921,-31.429]]],[[[152.921,-31.429],[152.921,-31.429],[152.921,-31.429],[152.921,-31.429]]]]},"properties":{"sa4_code_2021":"108","sa4_name_2021":"Mid North Coast"},"id":"108"},{"type":"Feature","geometry":{"type":"Polygon","coordinates":[[[146.858,-35.574],[146.767,-35.554],[146.745,-35.567],[146.673,-35.555],[146.67,-35.52],[146.47,-35.478],[146.47,-35.466],[146.408,-35.448],[146.354,-35.388],[146.373,-35.321],[146.404,-35.304],[146.414,-35.251],[146.386,-35.247],[146.414,-35.215],[146.373,-35.197],[146.361,-35.174],[146.306,-35.175],[146.272,-35.206],[146.163,-35.155],[146.131,-35.155],[146.109,-35.174],[146.104,-35.163],[146.1,-35.178],[146.079,-35.173],[146.07,-35.19],[146.051,-35.186],[146.059,-35.198],[146.044,-35.186],[146.041,-35.196],[146.01,-35.167],[146.006,-35.133],[146.03,-35.055],[145.941,-35.053],[145.811,-35.024],[145.839,-34.952],[145.813,-34.932],[145.738,-34.925],[145.743,-34.897],[145.767,-34.892],[145.783,-34.862],[145.178,-34.851],[145.241,-34.506],[145.206,-34.489],[145.259,-34.181],[145.163,-34.081],[145.124,-34.077],[145.134,-34.05],[145.035,-33.94],[145.215,-33.826],[145.163,-33.771],[145.187,-33.683],[145.234,-33.683],[145.175,-33.658],[145.198,-33.63],[145.18,-33.628],[145.184,-33.602],[145.128,-33.445],[145.097,-33.454],[145.069,-33.423],[144.946,-33.419],[144.979,-33.263],[144.934,-33.258],[144.931,-33.274],[144.851,-33.264],[144.864,-33.185],[144.89,-33.188],[144.913,-33.049],[144.798,-33.036],[144.778,-33.163],[144.747,-33.162],[144.733,-33.231],[144.646,-33.222],[144.643,-33.241],[144.612,-33.238],[144.578,-33.289],[144.549,-33.286],[144.547,-33.3],[144.263,-33.273],[144.278,-33.254],[144.236,-33.25],[144.251,-33.155],[143.906,-33.116],[143.898,-33.161],[143.839,-33.155],[143.817,-33.137],[143.79,-33.149],[143.721,-33.14],[143.666,-33.179],[143.637,-33.15],[143.552,-33.14],[143.573,-33.012],[143.653,-33.012],[143.672,-32.941],[143.585,-32.931],[143.592,-32.885],[143.506,-32.876],[143.5,-32.918],[143.417,-32.907],[143.432,-32.808],[142.965,-32.749],[142.944,-32.891],[142.516,-32.847],[142.548,-33.017],[142.424,-33.005],[142.428,-32.979],[142.376,-32.974],[142.383,-33.005],[142.357,-33.035],[142.313,-33.05],[142.287,-33.085],[142.302,-33.092],[142.293,-33.117],[142.245,-33.119],[142.243,-33.131],[142.106,-33.112],[142.108,-33.09],[142.023,-33.085],[142.038,-33.144],[141.561,-33.096],[141.573,-33.006],[141.403,-32.988],[141.348,-33.367],[141.306,-33.362],[141.309,-33.341],[141.267,-33.337],[141.264,-33.356],[141.002,-33.329],[141.012,-34.025],[141.002,-34.038],[141.02,-34.058],[141.035,-34.036],[141.042,-34.061],[141.066,-34.05],[141.089,-34.077],[141.094,-34.051],[141.12,-34.065],[141.153,-34.055],[141.154,-34.082],[141.175,-34.073],[141.186,-34.092],[141.206,-34.062],[141.228,-34.074],[141.242,-34.061],[141.243,-34.087],[141.26,-34.078],[141.317,-34.112],[141.325,-34.139],[141.359,-34.111],[141.388,-34.135],[141.408,-34.128],[141.407,-34.146],[141.434,-34.146],[141.445,-34.168],[141.497,-34.156],[141.519,-34.181],[141.511,-34.217],[141.535,-34.21],[141.534,-34.191],[141.603,-34.191],[141.589,-34.177],[141.603,-34.162],[141.584,-34.152],[141.619,-34.156],[141.612,-34.139],[141.628,-34.145],[141.633,-34.121],[141.677,-34.101],[141.708,-34.096],[141.719,-34.115],[141.731,-34.091],[141.762,-34.098],[141.757,-34.112],[141.778,-34.102],[141.777,-34.117],[141.877,-34.137],[141.885,-34.115],[141.904,-34.111],[141.923,-34.115],[141.934,-34.138],[141.945,-34.119],[141.97,-34.136],[141.978,-34.113],[142.022,-34.125],[142.013,-34.105],[142.038,-34.1],[142.03,-34.126],[142.076,-34.131],[142.065,-34.151],[142.083,-34.174],[142.12,-34.175],[142.12,-34.157],[142.149,-34.149],[142.167,-34.153],[142.166,-34.183],[142.228,-34.189],[142.244,-34.212],[142.232,-34.256],[142.25,-34.267],[142.236,-34.307],[142.286,-34.297],[142.299,-34.306],[142.284,-34.327],[142.397,-34.338],[142.39,-34.363],[142.364,-34.362],[142.378,-34.365],[142.374,-34.388],[142.351,-34.397],[142.368,-34.435],[142.353,-34.47],[142.384,-34.478],[142.36,-34.499],[142.395,-34.493],[142.375,-34.515],[142.4,-34.522],[142.368,-34.53],[142.39,-34.549],[142.406,-34.542],[142.408,-34.568],[142.426,-34.562],[142.452,-34.584],[142.449,-34.559],[142.468,-34.564],[142.468,-34.613],[142.452,-34.633],[142.484,-34.636],[142.476,-34.673],[142.516,-34.664],[142.497,-34.674],[142.514,-34.692],[142.5,-34.703],[142.519,-34.703],[142.5,-34.739],[142.524,-34.759],[142.639,-34.78],[142.646,-34.763],[142.62,-34.757],[142.618,-34.729],[142.661,-34.722],[142.679,-34.739],[142.679,-34.722],[142.699,-34.724],[142.679,-34.681],[142.711,-34.676],[142.689,-34.653],[142.709,-34.623],[142.69,-34.618],[142.704,-34.614],[142.7,-34.599],[142.759,-34.6],[142.748,-34.577],[142.784,-34.579],[142.77,-34.568],[142.791,-34.546],[142.81,-34.561],[142.787,-34.589],[142.811,-34.589],[142.803,-34.607],[142.824,-34.6],[142.841,-34.626],[142.868,-34.627],[142.855,-34.639],[142.872,-34.65],[142.861,-34.665],[142.887,-34.68],[142.924,-34.648],[142.959,-34.665],[142.973,-34.695],[142.989,-34.663],[143.017,-34.674],[143.01,-34.694],[143.033,-34.683],[143.039,-34.703],[143.04,-34.686],[143.055,-34.699],[143.071,-34.678],[143.093,-34.701],[143.112,-34.681],[143.121,-34.687],[143.107,-34.702],[143.128,-34.693],[143.118,-34.703],[143.147,-34.715],[143.162,-34.698],[143.165,-34.718],[143.181,-34.709],[143.201,-34.733],[143.219,-34.729],[143.224,-34.759],[143.241,-34.745],[143.249,-34.758],[143.274,-34.753],[143.252,-34.773],[143.273,-34.776],[143.277,-34.792],[143.309,-34.78],[143.348,-34.792],[143.36,-34.817],[143.341,-34.846],[143.355,-34.846],[143.353,-34.858],[143.321,-34.889],[143.343,-34.933],[143.317,-34.953],[143.319,-34.993],[143.338,-35.011],[143.336,-35.037],[143.322,-35.037],[143.351,-35.065],[143.339,-35.068],[143.341,-35.096],[143.391,-35.145],[143.391,-35.189],[143.449,-35.189],[143.471,-35.219],[143.529,-35.22],[143.564,-35.203],[143.581,-35.219],[143.564,-35.237],[143.571,-35.267],[143.591,-35.282],[143.562,-35.338],[143.598,-35.352],[143.631,-35.396],[143.647,-35.399],[143.684,-35.368],[143.709,-35.393],[143.764,-35.392],[143.763,-35.423],[143.818,-35.438],[143.813,-35.446],[143.855,-35.462],[143.859,-35.48],[143.933,-35.507],[143.97,-35.5],[143.975,-35.533],[143.997,-35.536],[143.99,-35.555],[144.01,-35.563],[144.039,-35.549],[144.062,-35.577],[144.105,-35.591],[144.131,-35.641],[144.153,-35.643],[144.162,-35.672],[144.213,-35.687],[144.216,-35.706],[144.248,-35.721],[144.268,-35.754],[144.296,-35.737],[144.295,-35.754],[144.349,-35.767],[144.362,-35.796],[144.377,-35.793],[144.365,-35.821],[144.384,-35.82],[144.372,-35.832],[144.387,-35.836],[144.373,-35.837],[144.381,-35.852],[144.411,-35.859],[144.408,-35.904],[144.424,-35.9],[144.417,-35.91],[144.447,-35.936],[144.467,-35.934],[144.494,-35.969],[144.515,-35.965],[144.516,-35.994],[144.563,-36.008],[144.583,-36.039],[144.615,-36.032],[144.618,-36.077],[144.633,-36.048],[144.653,-36.053],[144.655,-36.075],[144.689,-36.061],[144.684,-36.096],[144.719,-36.086],[144.718,-36.114],[144.772,-36.116],[144.778,-36.13],[144.799,-36.113],[144.808,-36.123],[144.81,-36.102],[144.842,-36.101],[144.863,-36.059],[144.933,-36.067],[144.948,-36.083],[144.981,-36.073],[144.983,-36.049],[144.924,-35.99],[144.926,-35.975],[144.957,-35.961],[144.949,-35.932],[144.975,-35.884],[144.971,-35.861],[145.019,-35.857],[145.05,-35.834],[145.09,-35.825],[145.092,-35.836],[145.114,-35.821],[145.159,-35.831],[145.154,-35.843],[145.246,-35.83],[145.258,-35.851],[145.324,-35.851],[145.355,-35.867],[145.411,-35.849],[145.42,-35.828],[145.463,-35.827],[145.472,-35.809],[145.522,-35.819],[145.536,-35.802],[145.539,-35.822],[145.563,-35.813],[145.558,-35.828],[145.593,-35.849],[145.601,-35.875],[145.626,-35.863],[145.62,-35.884],[145.679,-35.917],[145.674,-35.926],[145.698,-35.921],[145.697,-35.937],[145.726,-35.942],[145.717,-35.951],[145.778,-35.96],[145.811,-35.992],[145.858,-35.975],[145.854,-35.96],[145.903,-35.952],[145.903,-35.969],[145.928,-35.974],[145.954,-35.962],[145.946,-35.984],[145.972,-36.016],[146.031,-35.995],[146.092,-36.021],[146.091,-36.009],[146.119,-36.018],[146.135,-36.003],[146.131,-36.019],[146.173,-36.019],[146.186,-36.042],[146.257,-36.012],[146.273,-36.027],[146.283,-36.011],[146.293,-36.03],[146.283,-36.041],[146.329,-36.043],[146.339,-36.026],[146.369,-36.051],[146.422,-35.966],[146.443,-35.976],[146.455,-35.962],[146.467,-35.984],[146.5,-35.991],[146.503,-35.958],[146.55,-35.992],[146.563,-35.968],[146.584,-35.984],[146.613,-35.973],[146.613,-35.995],[146.651,-36.008],[146.656,-36.026],[146.68,-36.022],[146.688,-36.041],[146.732,-36.024],[146.731,-36.045],[146.753,-36.042],[146.748,-36.06],[146.804,-36.055],[146.825,-36.089],[146.873,-36.074],[146.881,-36.088],[146.907,-36.085],[146.908,-36.111],[146.927,-36.097],[146.944,-36.116],[146.956,-36.078],[146.981,-36.095],[147.007,-36.084],[147.034,-36.115],[147.053,-36.108],[147.062,-36.066],[147.096,-36.053],[147.098,-36.01],[147.123,-35.994],[147.144,-36.038],[147.164,-36.031],[147.206,-36.05],[147.285,-36.039],[147.313,-36.061],[147.353,-36.032],[147.358,-35.991],[147.392,-35.974],[147.39,-35.949],[147.404,-35.944],[147.451,-35.961],[147.464,-35.944],[147.494,-35.944],[147.526,-35.963],[147.522,-35.987],[147.556,-36.003],[147.584,-35.985],[147.548,-35.979],[147.549,-35.965],[147.617,-35.971],[147.592,-35.927],[147.612,-35.884],[147.676,-35.887],[147.656,-35.874],[147.659,-35.859],[147.694,-35.855],[147.715,-35.824],[147.767,-35.831],[147.772,-35.807],[147.806,-35.799],[147.817,-35.761],[147.801,-35.685],[147.813,-35.629],[147.794,-35.626],[147.778,-35.588],[147.787,-35.57],[147.776,-35.575],[147.756,-35.533],[147.686,-35.534],[147.681,-35.557],[147.65,-35.539],[147.625,-35.546],[147.522,-35.482],[147.488,-35.546],[147.419,-35.534],[147.392,-35.564],[147.388,-35.532],[147.364,-35.514],[147.251,-35.491],[147.238,-35.471],[147.211,-35.473],[147.185,-35.448],[147.158,-35.469],[147.083,-35.451],[147.04,-35.484],[146.994,-35.489],[146.991,-35.517],[146.955,-35.523],[146.888,-35.573],[146.858,-35.574]]]},"properties":{"sa4_code_2021":"109","sa4_name_2021":"Murray"},"id":"109"},{"type":"Feature","geometry":{"type":"Polygon","coordinates":[[[151.024,-28.792],[151.027,-28.757],[151.01,-28.741],[150.938,-28.731],[150.907,-28.689],[150.874,-28.694],[150.751,-28.634],[150.681,-28.662],[150.673,-28.65],[150.632,-28.677],[150.554,-28.653],[150.551,-28.672],[150.527,-28.669],[150.539,-28.66],[150.525,-28.654],[150.442,-28.664],[150.413,-28.65],[150.415,-28.634],[150.37,-28.621],[150.351,-28.575],[150.291,-28.537],[150.213,-28.574],[150.153,-28.55],[150.138,-28.565],[150.092,-28.564],[150.08,-28.584],[150.015,-28.581],[149.977,-28.614],[149.721,-28.609],[149.704,-28.634],[149.667,-28.632],[149.662,-28.61],[149.625,-28.594],[149.611,-28.601],[149.587,-28.573],[149.504,-28.574],[149.452,-28.595],[149.387,-28.696],[149.359,-28.684],[149.318,-28.714],[149.297,-28.71],[149.269,-28.743],[149.245,-28.739],[149.225,-28.765],[149.189,-28.775],[149.179,-28.803],[149.14,-28.807],[149.128,-28.836],[149.081,-28.842],[149.032,-28.957],[148.971,-28.978],[148.942,-29.025],[148.898,-29.02],[148.842,-29.07],[148.825,-29.067],[148.797,-29.14],[148.809,-29.178],[148.766,-29.192],[148.721,-29.282],[148.728,-29.3],[148.715,-29.297],[148.723,-29.316],[148.697,-29.326],[148.689,-29.351],[148.704,-29.362],[148.684,-29.389],[148.705,-29.39],[148.716,-29.421],[148.694,-29.432],[148.676,-29.51],[148.8,-29.506],[148.816,-29.49],[148.852,-29.497],[148.901,-29.475],[148.88,-29.629],[149.089,-29.713],[149.048,-29.953],[149.094,-29.959],[149.081,-30.034],[149.068,-30.033],[149.055,-30.092],[149.024,-30.106],[149.02,-30.129],[148.993,-30.117],[148.971,-30.15],[148.981,-30.168],[148.943,-30.188],[148.93,-30.313],[148.916,-30.342],[148.885,-30.326],[148.855,-30.518],[148.852,-30.531],[148.835,-30.529],[148.811,-30.674],[148.923,-30.624],[148.948,-30.655],[148.975,-30.634],[148.97,-30.619],[149.026,-30.606],[149.052,-30.64],[149.036,-30.656],[149.048,-30.713],[149.12,-30.716],[149.122,-30.798],[149.155,-30.785],[149.207,-30.906],[149.311,-30.864],[149.495,-30.893],[149.518,-30.863],[149.659,-30.884],[149.637,-30.889],[149.632,-30.916],[149.71,-30.917],[149.711,-30.934],[149.824,-30.939],[149.838,-30.921],[149.847,-30.939],[149.82,-31.085],[149.905,-31.097],[149.888,-31.117],[149.881,-31.202],[149.844,-31.197],[149.826,-31.228],[149.796,-31.224],[149.789,-31.309],[149.813,-31.317],[149.803,-31.372],[149.884,-31.37],[149.914,-31.447],[149.883,-31.452],[149.867,-31.537],[149.904,-31.537],[149.915,-31.56],[149.893,-31.593],[149.901,-31.624],[149.841,-31.616],[149.866,-31.638],[149.866,-31.679],[149.907,-31.707],[149.966,-31.701],[149.984,-31.728],[150.028,-31.685],[150.075,-31.74],[150.152,-31.766],[150.199,-31.824],[150.294,-31.849],[150.335,-31.825],[150.368,-31.843],[150.411,-31.834],[150.443,-31.855],[150.486,-31.831],[150.547,-31.858],[150.568,-31.844],[150.723,-31.839],[150.73,-31.814],[150.713,-31.805],[150.739,-31.779],[150.76,-31.782],[150.802,-31.733],[150.849,-31.731],[150.868,-31.687],[150.904,-31.682],[150.911,-31.668],[150.894,-31.665],[150.914,-31.648],[150.996,-31.638],[150.998,-31.603],[151.029,-31.595],[151.068,-31.595],[151.117,-31.632],[151.176,-31.629],[151.235,-31.662],[151.256,-31.618],[151.326,-31.576],[151.327,-31.561],[151.393,-31.554],[151.428,-31.562],[151.434,-31.595],[151.455,-31.61],[151.467,-31.564],[151.478,-31.564],[151.569,-31.61],[151.601,-31.596],[151.634,-31.615],[151.653,-31.603],[151.757,-31.638],[151.757,-31.602],[151.802,-31.574],[151.753,-31.514],[151.845,-31.499],[151.916,-31.51],[151.913,-31.477],[152.084,-31.5],[152.088,-31.456],[152.065,-31.439],[152.068,-31.398],[152.1,-31.393],[152.124,-31.279],[152.153,-31.273],[152.152,-31.188],[152.223,-31.208],[152.255,-31.195],[152.317,-31.203],[152.331,-31.127],[152.35,-31.117],[152.331,-31.057],[152.343,-31.04],[152.27,-30.999],[152.294,-30.973],[152.284,-30.949],[152.296,-30.931],[152.169,-30.911],[152.142,-30.81],[152.188,-30.766],[152.19,-30.725],[152.22,-30.691],[152.239,-30.615],[152.274,-30.592],[152.324,-30.589],[152.362,-30.556],[152.408,-30.489],[152.393,-30.476],[152.392,-30.443],[152.428,-30.419],[152.382,-30.363],[152.352,-30.355],[152.337,-30.258],[152.35,-30.235],[152.31,-30.201],[152.317,-30.182],[152.303,-30.179],[152.317,-30.162],[152.279,-30.099],[152.317,-30.006],[152.272,-29.952],[152.282,-29.857],[152.274,-29.846],[152.251,-29.865],[152.173,-29.871],[152.17,-29.822],[152.215,-29.762],[152.261,-29.757],[152.262,-29.698],[152.281,-29.666],[152.29,-29.676],[152.313,-29.651],[152.326,-29.655],[152.354,-29.545],[152.412,-29.507],[152.389,-29.445],[152.409,-29.398],[152.432,-29.393],[152.452,-29.359],[152.332,-29.342],[152.299,-29.306],[152.352,-29.249],[152.414,-29.229],[152.405,-29.211],[152.425,-29.178],[152.414,-29.161],[152.444,-29.144],[152.455,-29.089],[152.419,-29.081],[152.444,-29.04],[152.424,-29.037],[152.46,-29.032],[152.464,-28.992],[152.476,-28.99],[152.463,-28.976],[152.559,-28.99],[152.546,-28.936],[152.58,-28.931],[152.581,-28.914],[152.548,-28.909],[152.573,-28.864],[152.537,-28.848],[152.557,-28.823],[152.539,-28.815],[152.542,-28.782],[152.519,-28.795],[152.511,-28.78],[152.48,-28.78],[152.492,-28.765],[152.48,-28.751],[152.498,-28.738],[152.473,-28.747],[152.474,-28.731],[152.409,-28.724],[152.407,-28.704],[152.377,-28.703],[152.374,-28.687],[152.403,-28.659],[152.406,-28.622],[152.443,-28.603],[152.44,-28.576],[152.458,-28.569],[152.44,-28.53],[152.533,-28.514],[152.527,-28.496],[152.561,-28.47],[152.628,-28.327],[152.598,-28.315],[152.58,-28.339],[152.526,-28.306],[152.534,-28.263],[152.508,-28.249],[152.468,-28.258],[152.443,-28.298],[152.415,-28.298],[152.416,-28.335],[152.388,-28.367],[152.309,-28.363],[152.22,-28.448],[152.156,-28.435],[152.121,-28.463],[152.07,-28.469],[152.017,-28.525],[151.989,-28.526],[151.973,-28.505],[151.955,-28.519],[151.957,-28.565],[151.986,-28.582],[152.01,-28.665],[152.066,-28.681],[152.076,-28.708],[152.042,-28.732],[152.037,-28.818],[152.015,-28.85],[152.038,-28.852],[152.038,-28.864],[152.011,-28.907],[151.996,-28.895],[151.916,-28.929],[151.85,-28.908],[151.831,-28.962],[151.807,-28.945],[151.777,-28.959],[151.773,-28.938],[151.742,-28.919],[151.734,-28.871],[151.706,-28.872],[151.635,-28.93],[151.61,-28.923],[151.545,-28.953],[151.498,-29.021],[151.49,-29.057],[151.503,-29.07],[151.394,-29.178],[151.316,-29.166],[151.318,-29.138],[151.28,-29.102],[151.275,-29.076],[151.291,-29.051],[151.272,-29.03],[151.284,-29.007],[151.274,-28.938],[151.103,-28.837],[151.052,-28.849],[151.039,-28.838],[151.041,-28.798],[151.024,-28.792]]]},"properties":{"sa4_code_2021":"110","sa4_name_2021":"New England and North West"},"id":"110"},{"type":"Feature","geometry":{"type":"MultiPolygon","coordinates":[[[[151.711,-32.871],[151.682,-32.818],[151.706,-32.8],[151.673,-32.78],[151.645,-32.797],[151.629,-32.79],[151.609,-32.88],[151.541,-32.872],[151.514,-32.923],[151.517,-32.967],[151.464,-32.968],[151.448,-32.993],[151.386,-33.007],[151.367,-33.044],[151.337,-33.047],[151.333,-33.069],[151.379,-33.1],[151.399,-33.186],[151.455,-33.203],[151.528,-33.18],[151.527,-33.139],[151.51,-33.137],[151.542,-33.126],[151.539,-33.115],[151.569,-33.114],[151.548,-33.089],[151.525,-33.107],[151.51,-33.093],[151.553,-33.061],[151.614,-33.082],[151.581,-33.068],[151.586,-33.047],[151.6,-33.059],[151.6,-33.041],[151.577,-33.033],[151.594,-33.027],[151.62,-33.048],[151.598,-32.997],[151.584,-32.996],[151.617,-33.006],[151.614,-32.963],[151.644,-32.975],[151.628,-33.015],[151.657,-33.036],[151.639,-33.055],[151.65,-33.063],[151.64,-33.085],[151.661,-33.084],[151.669,-33.052],[151.729,-33.011],[151.738,-32.963],[151.803,-32.916],[151.764,-32.924],[151.761,-32.908],[151.777,-32.924],[151.768,-32.895],[151.734,-32.88],[151.777,-32.902],[151.774,-32.856],[151.696,-32.833],[151.733,-32.88],[151.711,-32.871]]],[[[151.667,-33.094],[151.668,-33.094],[151.668,-33.093],[151.667,-33.094]]],[[[151.675,-33.087],[151.672,-33.087],[151.671,-33.089],[151.675,-33.087]]],[[[151.599,-33.1],[151.591,-33.088],[151.585,-33.092],[151.599,-33.1]]],[[[151.778,-32.911],[151.79,-32.918],[151.8,-32.886],[151.876,-32.838],[151.82,-32.82],[151.79,-32.86],[151.778,-32.911]]],[[[151.64,-33.058],[151.641,-33.062],[151.643,-33.062],[151.64,-33.058]]],[[[151.649,-33.097],[151.635,-33.069],[151.597,-33.172],[151.638,-33.177],[151.63,-33.154],[151.666,-33.087],[151.642,-33.087],[151.649,-33.097]]],[[[151.656,-33.1],[151.656,-33.1],[151.656,-33.1],[151.656,-33.1]]]]},"properties":{"sa4_code_2021":"111","sa4_name_2021":"Newcastle and Lake Macquarie"},"id":"111"},{"type":"Feature","geometry":{"type":"MultiPolygon","coordinates":[[[[153.593,-28.627],[153.566,-28.583],[153.552,-28.5],[153.586,-28.258],[153.57,-28.243],[153.556,-28.17],[153.565,-28.205],[153.553,-28.238],[153.537,-28.24],[153.562,-28.207],[153.538,-28.184],[153.517,-28.194],[153.52,-28.221],[153.494,-28.219],[153.509,-28.19],[153.548,-28.184],[153.552,-28.164],[153.535,-28.178],[153.477,-28.157],[153.365,-28.247],[153.28,-28.233],[153.232,-28.265],[153.177,-28.25],[153.168,-28.295],[153.125,-28.318],[153.108,-28.358],[153.045,-28.339],[152.934,-28.338],[152.88,-28.31],[152.831,-28.32],[152.804,-28.354],[152.777,-28.346],[152.751,-28.364],[152.668,-28.312],[152.64,-28.312],[152.614,-28.269],[152.597,-28.314],[152.631,-28.339],[152.595,-28.409],[152.576,-28.416],[152.561,-28.47],[152.527,-28.496],[152.532,-28.515],[152.44,-28.53],[152.458,-28.569],[152.44,-28.576],[152.443,-28.603],[152.406,-28.622],[152.403,-28.659],[152.374,-28.688],[152.377,-28.703],[152.407,-28.704],[152.409,-28.724],[152.474,-28.731],[152.473,-28.747],[152.498,-28.738],[152.48,-28.751],[152.492,-28.765],[152.48,-28.78],[152.511,-28.78],[152.518,-28.795],[152.543,-28.783],[152.539,-28.815],[152.557,-28.823],[152.537,-28.848],[152.573,-28.864],[152.548,-28.909],[152.581,-28.913],[152.58,-28.931],[152.546,-28.936],[152.559,-28.99],[152.665,-29.005],[152.662,-29.02],[152.689,-29.023],[152.735,-29.104],[152.754,-29.101],[152.721,-29.14],[152.719,-29.193],[152.76,-29.195],[152.809,-29.236],[152.824,-29.274],[152.811,-29.317],[152.914,-29.311],[152.939,-29.325],[152.992,-29.308],[153.022,-29.342],[153.081,-29.313],[153.101,-29.317],[153.111,-29.274],[153.144,-29.282],[153.142,-29.247],[153.166,-29.25],[153.169,-29.236],[153.288,-29.251],[153.318,-29.24],[153.361,-29.263],[153.457,-29.14],[153.433,-29.101],[153.464,-29.019],[153.59,-28.878],[153.527,-28.873],[153.577,-28.87],[153.563,-28.847],[153.575,-28.84],[153.577,-28.868],[153.592,-28.876],[153.609,-28.843],[153.596,-28.775],[153.639,-28.633],[153.618,-28.642],[153.593,-28.627]]],[[[153.579,-28.196],[153.578,-28.195],[153.576,-28.196],[153.579,-28.196]],[[153.571,-28.874],[153.571,-28.873],[153.572,-28.874],[153.571,-28.874]]],[[[153.622,-28.706],[153.622,-28.706],[153.622,-28.706],[153.622,-28.706]]],[[[153.623,-28.706],[153.623,-28.706],[153.623,-28.706],[153.623,-28.706]]],[[[153.62,-28.706],[153.621,-28.705],[153.621,-28.705],[153.62,-28.706]]],[[[153.619,-28.723],[153.619,-28.723],[153.619,-28.723],[153.619,-28.723]]],[[[153.618,-28.711],[153.618,-28.711],[153.618,-28.711],[153.618,-28.711]]],[[[153.62,-28.708],[153.619,-28.708],[153.62,-28.708],[153.62,-28.708]]]]},"properties":{"sa4_code_2021":"112","sa4_name_2021":"Richmond - Tweed"},"id":"112"},{"type":"Feature","geometry":{"type":"Polygon","coordinates":[[[147.281,-35.495],[147.364,-35.514],[147.388,-35.532],[147.392,-35.564],[147.419,-35.534],[147.488,-35.546],[147.522,-35.482],[147.625,-35.546],[147.65,-35.539],[147.681,-35.557],[147.686,-35.534],[147.738,-35.541],[147.737,-35.531],[147.774,-35.553],[147.794,-35.626],[147.813,-35.629],[147.801,-35.685],[147.82,-35.744],[147.806,-35.799],[147.772,-35.807],[147.767,-35.831],[147.715,-35.824],[147.694,-35.855],[147.659,-35.859],[147.656,-35.874],[147.676,-35.887],[147.613,-35.883],[147.593,-35.913],[147.595,-35.946],[147.617,-35.971],[147.709,-35.929],[147.777,-35.969],[147.806,-35.965],[147.883,-36.002],[147.913,-35.995],[147.911,-36.027],[147.934,-36.048],[148.0,-36.046],[147.98,-36.087],[147.999,-36.099],[147.991,-36.121],[148.004,-36.14],[148.038,-36.141],[148.022,-36.176],[148.041,-36.207],[148.026,-36.223],[148.035,-36.311],[148.059,-36.32],[148.038,-36.39],[148.08,-36.422],[148.088,-36.452],[148.125,-36.465],[148.133,-36.567],[148.15,-36.558],[148.161,-36.58],[148.19,-36.577],[148.218,-36.598],[148.203,-36.612],[148.221,-36.626],[148.199,-36.672],[148.17,-36.713],[148.131,-36.735],[148.133,-36.751],[148.098,-36.787],[148.12,-36.806],[148.156,-36.79],[148.201,-36.799],[148.208,-36.755],[148.233,-36.746],[148.239,-36.706],[148.251,-36.706],[148.239,-36.664],[148.25,-36.626],[148.305,-36.611],[148.311,-36.596],[148.25,-36.544],[148.261,-36.527],[148.247,-36.51],[148.271,-36.482],[148.263,-36.452],[148.288,-36.409],[148.367,-36.34],[148.373,-36.288],[148.396,-36.291],[148.431,-36.257],[148.425,-36.21],[148.438,-36.186],[148.428,-36.177],[148.461,-36.145],[148.46,-36.118],[148.513,-36.088],[148.553,-36.106],[148.566,-36.095],[148.553,-36.083],[148.57,-36.066],[148.554,-36.041],[148.559,-36.001],[148.535,-36.0],[148.469,-35.942],[148.471,-35.915],[148.438,-35.899],[148.479,-35.794],[148.503,-35.778],[148.533,-35.719],[148.539,-35.741],[148.598,-35.74],[148.588,-35.718],[148.629,-35.688],[148.638,-35.649],[148.751,-35.686],[148.782,-35.737],[148.804,-35.714],[148.788,-35.698],[148.798,-35.667],[148.767,-35.647],[148.783,-35.629],[148.768,-35.603],[148.789,-35.588],[148.763,-35.495],[148.806,-35.365],[148.743,-35.348],[148.754,-35.335],[148.739,-35.269],[148.686,-35.195],[148.638,-35.247],[148.544,-35.239],[148.581,-35.195],[148.582,-35.168],[148.544,-35.12],[148.569,-35.092],[148.583,-35.003],[148.531,-34.99],[148.55,-34.909],[148.417,-34.897],[148.393,-34.907],[148.393,-34.86],[148.311,-34.863],[148.256,-34.771],[148.268,-34.742],[148.231,-34.741],[148.236,-34.702],[148.202,-34.698],[148.207,-34.668],[148.194,-34.664],[148.214,-34.63],[148.193,-34.621],[148.209,-34.605],[148.194,-34.595],[148.237,-34.582],[148.224,-34.581],[148.229,-34.559],[148.206,-34.556],[148.224,-34.543],[148.195,-34.513],[148.2,-34.491],[148.164,-34.485],[148.157,-34.467],[148.108,-34.467],[148.058,-34.426],[148.06,-34.412],[148.016,-34.413],[148.027,-34.35],[147.825,-34.34],[147.794,-34.286],[147.779,-34.208],[147.742,-34.178],[147.721,-34.183],[147.714,-34.161],[147.666,-34.13],[147.633,-34.13],[147.63,-34.144],[147.58,-34.138],[147.584,-34.118],[147.496,-34.107],[147.469,-34.164],[147.47,-34.209],[147.301,-34.176],[147.306,-34.204],[147.285,-34.221],[147.302,-34.229],[147.297,-34.254],[147.265,-34.235],[147.255,-34.291],[147.129,-34.276],[147.108,-34.317],[147.048,-34.297],[146.98,-34.31],[146.98,-34.299],[146.934,-34.293],[146.911,-34.31],[146.719,-34.298],[146.729,-34.237],[146.624,-34.225],[146.635,-34.151],[146.458,-34.133],[146.493,-33.92],[146.417,-33.911],[146.437,-33.794],[146.319,-33.786],[146.24,-33.741],[146.249,-33.688],[146.219,-33.692],[146.168,-33.667],[146.204,-33.578],[146.095,-33.603],[146.054,-33.476],[146.067,-33.357],[146.086,-33.337],[146.095,-33.278],[146.059,-33.212],[146.094,-33.189],[146.032,-33.094],[145.873,-33.075],[145.871,-33.086],[145.645,-33.08],[145.672,-32.806],[145.587,-32.796],[145.596,-32.738],[145.557,-32.733],[145.549,-32.765],[145.569,-32.758],[145.551,-32.792],[145.545,-32.775],[145.504,-32.77],[145.51,-32.728],[145.467,-32.723],[145.413,-32.776],[145.331,-32.767],[145.344,-32.682],[145.257,-32.671],[145.249,-32.724],[145.165,-32.715],[145.108,-33.034],[145.028,-33.022],[145.008,-33.036],[144.985,-33.022],[144.979,-33.084],[144.909,-33.074],[144.89,-33.188],[144.864,-33.185],[144.851,-33.264],[144.931,-33.274],[144.934,-33.258],[144.979,-33.263],[144.946,-33.419],[145.069,-33.423],[145.097,-33.454],[145.128,-33.445],[145.184,-33.602],[145.18,-33.628],[145.198,-33.63],[145.175,-33.658],[145.234,-33.683],[145.187,-33.683],[145.163,-33.771],[145.215,-33.826],[145.035,-33.94],[145.134,-34.05],[145.124,-34.077],[145.163,-34.081],[145.259,-34.181],[145.206,-34.489],[145.241,-34.506],[145.178,-34.851],[145.783,-34.862],[145.767,-34.892],[145.743,-34.897],[145.738,-34.925],[145.813,-34.932],[145.839,-34.952],[145.811,-35.024],[145.941,-35.053],[146.03,-35.055],[146.006,-35.133],[146.01,-35.167],[146.041,-35.197],[146.132,-35.155],[146.179,-35.158],[146.272,-35.206],[146.306,-35.175],[146.361,-35.174],[146.373,-35.197],[146.414,-35.215],[146.386,-35.247],[146.414,-35.251],[146.404,-35.304],[146.373,-35.321],[146.354,-35.388],[146.408,-35.448],[146.47,-35.466],[146.47,-35.478],[146.67,-35.52],[146.673,-35.555],[146.888,-35.573],[146.955,-35.523],[146.991,-35.517],[146.994,-35.489],[147.04,-35.484],[147.083,-35.451],[147.158,-35.469],[147.185,-35.448],[147.195,-35.466],[147.281,-35.495]]]},"properties":{"sa4_code_2021":"113","sa4_name_2021":"Riverina"},"id":"113"},{"type":"Feature","geometry":{"type":"MultiPolygon","coordinates":[[[[150.567,-34.511],[150.545,-34.511],[150.528,-34.49],[150.528,-34.449],[150.56,-34.43],[150.573,-34.389],[150.531,-34.391],[150.566,-34.323],[150.563,-34.297],[150.539,-34.29],[150.549,-34.274],[150.277,-34.227],[150.266,-34.213],[150.23,-34.232],[150.225,-34.272],[150.197,-34.304],[150.16,-34.307],[150.096,-34.266],[150.061,-34.269],[150.068,-34.306],[150.097,-34.332],[150.076,-34.349],[150.123,-34.375],[150.107,-34.39],[150.115,-34.412],[150.059,-34.465],[150.093,-34.512],[150.045,-34.527],[150.094,-34.555],[150.082,-34.578],[150.098,-34.581],[150.1,-34.627],[150.078,-34.641],[150.098,-34.655],[150.093,-34.68],[150.171,-34.72],[150.199,-34.756],[150.268,-34.732],[150.334,-34.752],[150.315,-34.774],[150.288,-34.765],[150.194,-34.82],[150.127,-34.818],[150.073,-34.768],[150.04,-34.795],[150.041,-34.86],[150.092,-34.911],[150.056,-34.965],[150.086,-34.989],[150.053,-35.018],[150.129,-35.097],[150.142,-35.145],[150.204,-35.171],[150.216,-35.201],[150.186,-35.2],[150.198,-35.229],[150.169,-35.239],[150.164,-35.27],[150.045,-35.318],[150.038,-35.406],[150.01,-35.424],[150.003,-35.474],[149.977,-35.491],[150.004,-35.543],[150.027,-35.51],[150.063,-35.515],[150.072,-35.498],[150.098,-35.497],[150.123,-35.511],[150.122,-35.534],[150.182,-35.543],[150.181,-35.553],[150.223,-35.545],[150.255,-35.568],[150.288,-35.523],[150.36,-35.535],[150.367,-35.564],[150.387,-35.563],[150.385,-35.546],[150.408,-35.53],[150.393,-35.465],[150.452,-35.39],[150.492,-35.367],[150.475,-35.357],[150.487,-35.325],[150.472,-35.317],[150.478,-35.292],[150.545,-35.248],[150.53,-35.235],[150.541,-35.216],[150.597,-35.19],[150.606,-35.155],[150.594,-35.144],[150.634,-35.149],[150.661,-35.118],[150.702,-35.123],[150.698,-35.071],[150.675,-35.065],[150.677,-35.027],[150.76,-34.992],[150.787,-35.036],[150.776,-35.083],[150.786,-35.073],[150.806,-35.094],[150.834,-35.074],[150.843,-35.051],[150.832,-35.041],[150.85,-35.013],[150.81,-35.012],[150.781,-34.979],[150.786,-34.93],[150.769,-34.926],[150.771,-34.896],[150.756,-34.897],[150.748,-34.873],[150.781,-34.792],[150.734,-34.749],[150.731,-34.717],[150.697,-34.714],[150.719,-34.69],[150.684,-34.682],[150.673,-34.705],[150.597,-34.721],[150.645,-34.684],[150.667,-34.623],[150.7,-34.635],[150.747,-34.611],[150.682,-34.602],[150.641,-34.577],[150.655,-34.547],[150.636,-34.546],[150.644,-34.527],[150.626,-34.482],[150.606,-34.475],[150.591,-34.504],[150.567,-34.511]]],[[[150.419,-35.531],[150.421,-35.526],[150.411,-35.53],[150.419,-35.531]]],[[[150.389,-35.553],[150.392,-35.555],[150.391,-35.553],[150.389,-35.553]]],[[[150.515,-35.273],[150.518,-35.272],[150.514,-35.271],[150.515,-35.273]]]]},"properties":{"sa4_code_2021":"114","sa4_name_2021":"Southern Highlands and Shoalhaven"},"id":"114"},{"type":"Feature","geometry":{"type":"MultiPolygon","coordinates":[[[[151.037,-33.124],[150.884,-33.119],[150.847,-33.098],[150.855,-33.032],[150.83,-33.033],[150.805,-33.006],[150.764,-33.0],[150.745,-33.022],[150.686,-32.997],[150.671,-33.024],[150.682,-33.045],[150.705,-33.045],[150.728,-33.072],[150.611,-33.066],[150.602,-33.101],[150.62,-33.11],[150.598,-33.125],[150.61,-33.143],[150.587,-33.148],[150.584,-33.168],[150.555,-33.162],[150.552,-33.184],[150.524,-33.194],[150.544,-33.221],[150.526,-33.239],[150.56,-33.257],[150.553,-33.275],[150.576,-33.29],[150.558,-33.291],[150.567,-33.306],[150.552,-33.315],[150.584,-33.322],[150.591,-33.343],[150.501,-33.421],[150.484,-33.446],[150.486,-33.486],[150.472,-33.485],[150.469,-33.461],[150.436,-33.494],[150.361,-33.495],[150.357,-33.519],[150.447,-33.492],[150.473,-33.498],[150.447,-33.512],[150.442,-33.537],[150.428,-33.521],[150.41,-33.53],[150.426,-33.565],[150.435,-33.542],[150.466,-33.544],[150.48,-33.521],[150.513,-33.52],[150.516,-33.506],[150.62,-33.526],[150.597,-33.567],[150.608,-33.601],[150.641,-33.62],[150.696,-33.61],[150.706,-33.599],[150.685,-33.562],[150.753,-33.539],[150.758,-33.565],[150.824,-33.583],[150.814,-33.604],[150.841,-33.602],[150.823,-33.616],[150.835,-33.658],[150.859,-33.646],[150.911,-33.675],[150.968,-33.771],[151.049,-33.759],[151.038,-33.739],[151.059,-33.731],[151.085,-33.692],[151.08,-33.663],[151.124,-33.621],[151.123,-33.596],[151.103,-33.588],[151.151,-33.562],[151.145,-33.542],[151.117,-33.546],[151.143,-33.53],[151.126,-33.531],[151.131,-33.519],[151.111,-33.507],[151.154,-33.524],[151.155,-33.499],[151.131,-33.491],[151.156,-33.467],[151.09,-33.481],[151.08,-33.449],[151.072,-33.463],[151.032,-33.427],[151.032,-33.405],[150.995,-33.399],[150.985,-33.375],[151.0,-33.351],[151.09,-33.327],[151.087,-33.269],[151.107,-33.231],[151.1,-33.144],[151.135,-33.107],[151.104,-33.077],[151.052,-33.08],[151.037,-33.124]]],[[[151.152,-33.528],[151.154,-33.528],[151.153,-33.525],[151.152,-33.528]]]]},"properties":{"sa4_code_2021":"115","sa4_name_2021":"Sydney - Baulkham Hills and Hawkesbury"},"id":"115"},{"type":"Feature","geometry":{"type":"Polygon","coordinates":[[[150.871,-33.824],[150.91,-33.825],[150.952,-33.777],[150.967,-33.781],[150.911,-33.675],[150.859,-33.646],[150.835,-33.658],[150.83,-33.643],[150.819,-33.676],[150.801,-33.674],[150.766,-33.705],[150.76,-33.73],[150.793,-33.753],[150.813,-33.822],[150.871,-33.824]]]},"properties":{"sa4_code_2021":"116","sa4_name_2021":"Sydney - Blacktown"},"id":"116"},{"type":"Feature","geometry":{"type":"MultiPolygon","coordinates":[[[[151.201,-33.863],[151.149,-33.89],[151.137,-33.921],[151.155,-33.924],[151.18,-33.967],[151.185,-33.952],[151.192,-33.974],[151.192,-33.954],[151.212,-33.964],[151.199,-33.96],[151.202,-33.971],[151.22,-33.967],[151.213,-33.985],[151.237,-33.977],[151.222,-33.959],[151.228,-33.925],[151.211,-33.921],[151.231,-33.859],[151.201,-33.863]]],[[[151.195,-33.853],[151.197,-33.854],[151.199,-33.851],[151.195,-33.853]]],[[[151.225,-33.855],[151.226,-33.855],[151.225,-33.855],[151.225,-33.855]]]]},"properties":{"sa4_code_2021":"117","sa4_name_2021":"Sydney - City and Inner South"},"id":"117"},{"type":"Feature","geometry":{"type":"MultiPolygon","coordinates":[[[[151.254,-33.865],[151.219,-33.882],[151.211,-33.92],[151.228,-33.925],[151.229,-33.989],[151.249,-34.002],[151.252,-33.965],[151.266,-33.968],[151.258,-33.922],[151.286,-33.892],[151.281,-33.833],[151.264,-33.851],[151.269,-33.869],[151.254,-33.865]]],[[[151.265,-33.926],[151.266,-33.925],[151.265,-33.926],[151.265,-33.926]]],[[[151.259,-33.86],[151.258,-33.858],[151.257,-33.858],[151.259,-33.86]]],[[[151.282,-33.833],[151.282,-33.833],[151.281,-33.833],[151.282,-33.833]]],[[[151.27,-33.848],[151.271,-33.847],[151.27,-33.848],[151.27,-33.848]]]]},"properties":{"sa4_code_2021":"118","sa4_name_2021":"Sydney - Eastern Suburbs"},"id":"118"},{"type":"Feature","geometry":{"type":"Polygon","coordinates":[[[151.097,-33.991],[151.115,-34.001],[151.131,-33.984],[151.128,-34.006],[151.149,-33.995],[151.168,-33.95],[151.155,-33.924],[151.085,-33.897],[151.077,-33.907],[151.067,-33.883],[151.016,-33.886],[151.011,-33.899],[150.979,-33.882],[150.967,-33.89],[150.979,-33.929],[150.966,-33.944],[150.996,-33.982],[151.016,-33.982],[151.023,-33.964],[151.025,-33.977],[151.041,-33.973],[151.042,-33.947],[151.036,-33.991],[151.062,-33.975],[151.054,-33.985],[151.075,-33.984],[151.072,-33.994],[151.097,-33.991]]]},"properties":{"sa4_code_2021":"119","sa4_name_2021":"Sydney - Inner South West"},"id":"119"},{"type":"Feature","geometry":{"type":"MultiPolygon","coordinates":[[[[151.132,-33.847],[151.118,-33.865],[151.121,-33.842],[151.1,-33.844],[151.087,-33.823],[151.081,-33.851],[151.057,-33.865],[151.072,-33.903],[151.146,-33.911],[151.149,-33.89],[151.177,-33.887],[151.174,-33.871],[151.197,-33.859],[151.185,-33.846],[151.151,-33.872],[151.145,-33.863],[151.166,-33.855],[151.132,-33.847]]],[[[151.174,-33.846],[151.169,-33.849],[151.174,-33.849],[151.174,-33.846]]]]},"properties":{"sa4_code_2021":"120","sa4_name_2021":"Sydney - Inner West"},"id":"120"},{"type":"Feature","geometry":{"type":"MultiPolygon","coordinates":[[[[151.205,-33.548],[151.176,-33.514],[151.17,-33.539],[151.149,-33.536],[151.17,-33.559],[151.152,-33.551],[151.162,-33.576],[151.134,-33.571],[151.144,-33.587],[151.119,-33.589],[151.124,-33.621],[151.08,-33.663],[151.085,-33.692],[151.058,-33.719],[151.157,-33.791],[151.143,-33.802],[151.146,-33.829],[151.182,-33.83],[151.181,-33.842],[151.189,-33.834],[151.219,-33.853],[151.215,-33.841],[151.233,-33.849],[151.233,-33.836],[151.246,-33.854],[151.269,-33.827],[151.253,-33.827],[151.246,-33.803],[151.219,-33.819],[151.231,-33.796],[151.215,-33.79],[151.232,-33.787],[151.213,-33.784],[151.18,-33.741],[151.191,-33.703],[151.149,-33.655],[151.164,-33.626],[151.213,-33.608],[151.186,-33.592],[151.233,-33.594],[151.247,-33.579],[151.231,-33.561],[151.213,-33.573],[151.231,-33.538],[151.205,-33.548]]],[[[151.179,-33.516],[151.183,-33.519],[151.177,-33.507],[151.179,-33.516]]],[[[151.242,-33.54],[151.238,-33.537],[151.235,-33.541],[151.242,-33.54]]]]},"properties":{"sa4_code_2021":"121","sa4_name_2021":"Sydney - North Sydney and Hornsby"},"id":"121"},{"type":"Feature","geometry":{"type":"MultiPolygon","coordinates":[[[[151.301,-33.589],[151.309,-33.576],[151.285,-33.572],[151.273,-33.589],[151.25,-33.589],[151.257,-33.605],[151.22,-33.599],[151.229,-33.618],[151.219,-33.609],[151.173,-33.626],[151.161,-33.651],[151.166,-33.686],[151.191,-33.703],[151.18,-33.741],[151.202,-33.773],[151.225,-33.784],[151.231,-33.773],[151.235,-33.803],[151.25,-33.8],[151.261,-33.818],[151.275,-33.81],[151.266,-33.798],[151.286,-33.8],[151.3,-33.824],[151.307,-33.807],[151.288,-33.792],[151.303,-33.768],[151.303,-33.747],[151.291,-33.747],[151.318,-33.742],[151.3,-33.727],[151.308,-33.704],[151.293,-33.721],[151.27,-33.715],[151.31,-33.704],[151.343,-33.625],[151.324,-33.579],[151.316,-33.602],[151.332,-33.623],[151.316,-33.614],[151.305,-33.635],[151.312,-33.667],[151.285,-33.644],[151.272,-33.659],[151.283,-33.637],[151.27,-33.632],[151.303,-33.621],[151.301,-33.589]]],[[[151.329,-33.661],[151.33,-33.661],[151.328,-33.66],[151.329,-33.661]]],[[[151.286,-33.638],[151.296,-33.642],[151.294,-33.636],[151.286,-33.638]]]]},"properties":{"sa4_code_2021":"122","sa4_name_2021":"Sydney - Northern Beaches"},"id":"122"},{"type":"Feature","geometry":{"type":"Polygon","coordinates":[[[150.82,-33.975],[150.783,-34.038],[150.724,-34.012],[150.682,-34.051],[150.692,-34.021],[150.659,-34.025],[150.65,-34.008],[150.67,-33.987],[150.629,-33.973],[150.623,-33.941],[150.6,-33.966],[150.546,-33.958],[150.559,-33.981],[150.538,-34.012],[150.552,-34.016],[150.532,-34.026],[150.504,-34.002],[150.479,-34.023],[150.455,-34.006],[150.427,-34.021],[150.419,-34.067],[150.45,-34.092],[150.459,-34.126],[150.446,-34.163],[150.47,-34.228],[150.505,-34.244],[150.518,-34.274],[150.549,-34.274],[150.539,-34.29],[150.563,-34.297],[150.562,-34.331],[150.611,-34.316],[150.601,-34.31],[150.667,-34.245],[150.714,-34.28],[150.725,-34.25],[150.756,-34.226],[150.881,-34.259],[150.898,-34.232],[150.858,-34.182],[150.899,-34.19],[150.888,-34.174],[150.925,-34.093],[150.94,-34.112],[150.96,-34.106],[150.997,-34.061],[150.963,-34.049],[150.968,-34.026],[150.952,-34.023],[150.948,-34.041],[150.887,-34.032],[150.889,-34.005],[150.907,-34.017],[150.913,-33.965],[150.887,-33.958],[150.85,-33.978],[150.841,-33.956],[150.82,-33.975]]]},"properties":{"sa4_code_2021":"123","sa4_name_2021":"Sydney - Outer South West"},"id":"123"},{"type":"Feature","geometry":{"type":"Polygon","coordinates":[[[150.772,-33.567],[150.753,-33.539],[150.722,-33.557],[150.708,-33.549],[150.704,-33.564],[150.682,-33.567],[150.703,-33.603],[150.641,-33.62],[150.608,-33.601],[150.597,-33.567],[150.62,-33.526],[150.516,-33.506],[150.513,-33.52],[150.48,-33.521],[150.466,-33.544],[150.435,-33.542],[150.426,-33.565],[150.41,-33.53],[150.428,-33.521],[150.442,-33.537],[150.447,-33.512],[150.473,-33.498],[150.403,-33.501],[150.372,-33.522],[150.357,-33.519],[150.367,-33.491],[150.355,-33.486],[150.331,-33.523],[150.312,-33.52],[150.315,-33.504],[150.257,-33.494],[150.251,-33.558],[150.216,-33.548],[150.212,-33.559],[150.271,-33.623],[150.262,-33.642],[150.241,-33.639],[150.248,-33.664],[150.215,-33.675],[150.208,-33.709],[150.181,-33.704],[150.179,-33.722],[150.212,-33.721],[150.18,-33.743],[150.196,-33.767],[150.171,-33.789],[150.178,-33.811],[150.071,-33.911],[150.051,-33.916],[150.047,-33.889],[149.993,-33.895],[149.972,-33.952],[149.986,-34.017],[149.975,-34.045],[150.004,-34.063],[150.005,-34.103],[150.038,-34.121],[150.015,-34.144],[150.044,-34.146],[150.061,-34.172],[150.05,-34.234],[150.062,-34.238],[150.06,-34.268],[150.096,-34.266],[150.16,-34.307],[150.197,-34.304],[150.225,-34.272],[150.23,-34.232],[150.266,-34.213],[150.277,-34.227],[150.501,-34.257],[150.505,-34.244],[150.47,-34.228],[150.446,-34.163],[150.459,-34.126],[150.45,-34.092],[150.419,-34.067],[150.427,-34.021],[150.455,-34.006],[150.479,-34.023],[150.504,-34.002],[150.532,-34.026],[150.552,-34.016],[150.538,-34.012],[150.559,-33.981],[150.546,-33.958],[150.6,-33.966],[150.645,-33.924],[150.635,-33.903],[150.651,-33.895],[150.691,-33.905],[150.683,-33.897],[150.721,-33.869],[150.775,-33.875],[150.766,-33.829],[150.813,-33.822],[150.816,-33.808],[150.789,-33.747],[150.76,-33.73],[150.766,-33.705],[150.801,-33.674],[150.819,-33.676],[150.825,-33.608],[150.841,-33.602],[150.814,-33.604],[150.824,-33.583],[150.772,-33.567]]]},"properties":{"sa4_code_2021":"124","sa4_name_2021":"Sydney - Outer West and Blue Mountains"},"id":"124"},{"type":"Feature","geometry":{"type":"Polygon","coordinates":[[[151.035,-33.762],[150.959,-33.766],[150.967,-33.781],[150.952,-33.777],[150.934,-33.807],[150.916,-33.805],[150.912,-33.835],[150.96,-33.861],[150.96,-33.89],[150.979,-33.882],[151.011,-33.899],[151.016,-33.886],[151.064,-33.88],[151.057,-33.865],[151.081,-33.851],[151.084,-33.822],[151.051,-33.825],[151.074,-33.818],[151.059,-33.77],[151.068,-33.761],[151.035,-33.762]]]},"properties":{"sa4_code_2021":"125","sa4_name_2021":"Sydney - Parramatta"},"id":"125"},{"type":"Feature","geometry":{"type":"Polygon","coordinates":[[[151.133,-33.841],[151.18,-33.836],[151.144,-33.829],[151.137,-33.815],[151.157,-33.791],[151.056,-33.719],[151.038,-33.74],[151.068,-33.761],[151.059,-33.77],[151.073,-33.819],[151.133,-33.841]]]},"properties":{"sa4_code_2021":"126","sa4_name_2021":"Sydney - Ryde"},"id":"126"},{"type":"Feature","geometry":{"type":"Polygon","coordinates":[[[150.992,-33.981],[150.966,-33.944],[150.979,-33.906],[150.959,-33.89],[150.96,-33.861],[150.909,-33.825],[150.889,-33.834],[150.857,-33.821],[150.766,-33.829],[150.775,-33.875],[150.721,-33.869],[150.683,-33.897],[150.691,-33.905],[150.651,-33.895],[150.618,-33.953],[150.629,-33.973],[150.67,-33.987],[150.65,-34.011],[150.663,-34.028],[150.692,-34.021],[150.682,-34.051],[150.724,-34.012],[150.791,-34.034],[150.809,-33.976],[150.841,-33.956],[150.85,-33.978],[150.887,-33.958],[150.913,-33.965],[150.907,-34.018],[150.889,-34.006],[150.895,-34.035],[150.948,-34.041],[150.952,-34.023],[150.995,-34.002],[150.992,-33.981]]]},"properties":{"sa4_code_2021":"127","sa4_name_2021":"Sydney - South West"},"id":"127"},{"type":"Feature","geometry":{"type":"Polygon","coordinates":[[[151.125,-34.08],[151.079,-34.089],[151.106,-34.079],[151.096,-34.058],[151.057,-34.073],[151.089,-34.065],[151.077,-34.054],[151.097,-34.047],[151.102,-34.059],[151.105,-34.042],[151.112,-34.072],[151.134,-34.056],[151.14,-34.074],[151.149,-34.055],[151.155,-34.073],[151.167,-34.04],[151.221,-34.039],[151.228,-34.004],[151.187,-34.007],[151.206,-34.015],[151.179,-34.026],[151.16,-34.023],[151.179,-34.013],[151.162,-34.0],[151.142,-34.015],[151.161,-34.028],[151.148,-34.039],[151.127,-34.01],[151.11,-34.024],[151.116,-34.007],[151.095,-33.998],[151.078,-34.013],[151.092,-34.001],[151.069,-33.996],[151.047,-34.007],[151.044,-34.029],[151.043,-34.008],[151.066,-33.991],[150.992,-33.979],[150.995,-34.001],[150.959,-34.042],[150.997,-34.062],[150.974,-34.099],[150.937,-34.114],[150.954,-34.135],[151.022,-34.156],[151.016,-34.166],[151.066,-34.172],[151.128,-34.138],[151.172,-34.087],[151.169,-34.075],[151.133,-34.074],[151.122,-34.093],[151.125,-34.08]]]},"properties":{"sa4_code_2021":"128","sa4_name_2021":"Sydney - Sutherland"},"id":"128"},{"type":"Feature","geometry":null,"properties":{"sa4_code_2021":"197","sa4_name_2021":"Migratory - Offshore - Shipping (NSW)","shape":null},"id":"197"},{"type":"Feature","geometry":null,"properties":{"sa4_code_2021":"199","sa4_name_2021":"No usual address (NSW)","shape":null},"id":"199"},{"type":"Feature","geometry":{"type":"Polygon","coordinates":[[[143.9,-37.001],[143.882,-36.999],[143.886,-36.975],[143.835,-36.968],[143.86,-36.95],[143.847,-36.928],[143.866,-36.902],[143.892,-36.894],[143.896,-36.861],[143.76,-36.843],[143.782,-36.777],[143.699,-36.776],[143.71,-36.729],[143.654,-36.7],[143.635,-36.704],[143.632,-36.73],[143.495,-36.711],[143.495,-36.699],[143.475,-36.711],[143.46,-36.747],[143.507,-36.808],[143.511,-36.859],[143.502,-36.887],[143.467,-36.911],[143.472,-36.937],[143.373,-36.934],[143.353,-36.915],[143.239,-36.902],[143.107,-36.904],[143.09,-36.963],[143.105,-36.979],[143.087,-36.977],[143.103,-37.002],[143.101,-37.101],[143.086,-37.125],[143.097,-37.15],[143.067,-37.147],[143.063,-37.167],[143.09,-37.178],[143.088,-37.198],[143.145,-37.185],[143.162,-37.229],[143.201,-37.232],[143.232,-37.208],[143.274,-37.284],[143.227,-37.291],[143.226,-37.314],[143.241,-37.314],[143.256,-37.358],[143.209,-37.376],[143.222,-37.414],[143.197,-37.426],[143.179,-37.525],[143.193,-37.526],[143.153,-37.573],[143.183,-37.594],[143.174,-37.635],[143.156,-37.633],[143.121,-37.707],[143.085,-37.703],[143.072,-37.719],[143.232,-37.746],[143.267,-37.733],[143.272,-37.753],[143.304,-37.757],[143.354,-37.67],[143.465,-37.659],[143.441,-37.785],[143.452,-37.877],[143.443,-37.906],[143.477,-37.924],[143.479,-37.941],[143.611,-37.958],[143.622,-37.982],[143.637,-37.972],[143.655,-37.988],[143.665,-37.93],[143.636,-37.927],[143.663,-37.87],[143.652,-37.854],[143.661,-37.824],[143.69,-37.826],[143.69,-37.802],[143.742,-37.781],[143.809,-37.803],[143.813,-37.782],[143.9,-37.783],[143.92,-37.812],[143.958,-37.827],[144.055,-37.832],[144.06,-37.796],[144.248,-37.81],[144.296,-37.82],[144.33,-37.846],[144.354,-37.845],[144.362,-37.811],[144.399,-37.815],[144.406,-37.801],[144.422,-37.847],[144.444,-37.864],[144.449,-37.837],[144.467,-37.839],[144.487,-37.696],[144.465,-37.692],[144.463,-37.706],[144.403,-37.728],[144.393,-37.696],[144.346,-37.658],[144.357,-37.648],[144.334,-37.637],[144.338,-37.619],[144.402,-37.64],[144.385,-37.607],[144.423,-37.614],[144.421,-37.593],[144.449,-37.592],[144.469,-37.521],[144.459,-37.497],[144.472,-37.432],[144.426,-37.459],[144.379,-37.439],[144.382,-37.393],[144.416,-37.396],[144.419,-37.361],[144.393,-37.358],[144.396,-37.332],[144.31,-37.293],[144.344,-37.226],[144.376,-37.202],[144.363,-37.179],[144.38,-37.175],[144.292,-37.164],[144.277,-37.209],[144.185,-37.195],[144.19,-37.166],[144.074,-37.148],[144.063,-37.252],[144.039,-37.27],[144.017,-37.263],[143.997,-37.235],[143.959,-37.22],[143.949,-37.194],[143.889,-37.188],[143.906,-37.16],[143.947,-37.166],[143.937,-37.137],[143.943,-37.119],[143.962,-37.121],[143.975,-37.072],[143.962,-37.066],[143.974,-37.034],[143.949,-37.017],[143.96,-37.014],[143.951,-36.996],[143.902,-36.988],[143.9,-37.001]]]},"properties":{"sa4_code_2021":"201","sa4_name_2021":"Ballarat"},"id":"201"},{"type":"Feature","geometry":{"type":"Polygon","coordinates":[[[144.292,-37.164],[144.38,-37.175],[144.363,-37.179],[144.376,-37.202],[144.344,-37.226],[144.31,-37.293],[144.396,-37.332],[144.393,-37.358],[144.419,-37.361],[144.416,-37.395],[144.382,-37.393],[144.378,-37.416],[144.379,-37.439],[144.425,-37.459],[144.478,-37.414],[144.513,-37.415],[144.545,-37.383],[144.562,-37.386],[144.576,-37.359],[144.6,-37.36],[144.604,-37.335],[144.634,-37.336],[144.659,-37.296],[144.592,-37.248],[144.649,-37.221],[144.628,-37.215],[144.65,-37.207],[144.659,-37.181],[144.712,-37.176],[144.735,-37.127],[144.715,-37.1],[144.574,-37.099],[144.541,-37.115],[144.53,-37.1],[144.55,-37.055],[144.541,-37.016],[144.632,-37.002],[144.65,-37.015],[144.688,-37.011],[144.688,-36.995],[144.718,-36.975],[144.797,-36.966],[144.804,-36.926],[144.854,-36.88],[144.799,-36.833],[144.785,-36.781],[144.795,-36.751],[144.666,-36.763],[144.667,-36.725],[144.518,-36.725],[144.535,-36.688],[144.525,-36.66],[144.59,-36.595],[144.598,-36.575],[144.587,-36.558],[144.611,-36.556],[144.608,-36.529],[144.626,-36.527],[144.61,-36.517],[144.621,-36.481],[144.672,-36.457],[144.659,-36.44],[144.674,-36.426],[144.668,-36.407],[144.43,-36.411],[144.416,-36.396],[144.369,-36.408],[144.358,-36.385],[144.33,-36.385],[144.332,-36.328],[144.282,-36.328],[144.267,-36.225],[144.289,-36.129],[144.319,-36.101],[144.304,-36.061],[144.318,-36.049],[144.28,-36.013],[144.291,-35.984],[144.26,-35.949],[144.259,-35.927],[144.187,-35.908],[144.185,-35.947],[143.923,-35.953],[143.918,-35.937],[143.862,-35.935],[143.874,-35.916],[143.728,-35.906],[143.728,-35.932],[143.618,-35.935],[143.618,-35.969],[143.476,-35.975],[143.482,-36.102],[143.512,-36.101],[143.514,-36.173],[143.537,-36.174],[143.532,-36.203],[143.569,-36.222],[143.508,-36.265],[143.514,-36.295],[143.482,-36.295],[143.479,-36.376],[143.439,-36.368],[143.445,-36.446],[143.431,-36.469],[143.412,-36.468],[143.407,-36.5],[143.315,-36.477],[143.324,-36.499],[143.421,-36.557],[143.45,-36.624],[143.486,-36.626],[143.503,-36.664],[143.487,-36.699],[143.495,-36.711],[143.632,-36.73],[143.635,-36.704],[143.67,-36.704],[143.71,-36.729],[143.699,-36.776],[143.782,-36.777],[143.76,-36.843],[143.896,-36.861],[143.892,-36.894],[143.866,-36.902],[143.847,-36.928],[143.86,-36.95],[143.835,-36.969],[143.886,-36.975],[143.882,-36.999],[143.951,-36.996],[143.96,-37.014],[143.949,-37.017],[143.974,-37.034],[143.962,-37.066],[143.975,-37.072],[143.962,-37.121],[143.943,-37.119],[143.937,-37.137],[143.947,-37.166],[143.906,-37.16],[143.889,-37.188],[143.949,-37.194],[143.959,-37.22],[144.039,-37.27],[144.064,-37.25],[144.074,-37.148],[144.19,-37.166],[144.185,-37.195],[144.277,-37.209],[144.292,-37.164]]]},"properties":{"sa4_code_2021":"202","sa4_name_2021":"Bendigo"},"id":"202"},{"type":"Feature","geometry":{"type":"MultiPolygon","coordinates":[[[[144.498,-37.974],[144.474,-37.936],[144.48,-37.889],[144.43,-37.858],[144.406,-37.801],[144.399,-37.815],[144.362,-37.811],[144.354,-37.845],[144.332,-37.846],[144.264,-37.812],[144.129,-37.798],[144.06,-37.796],[144.055,-37.832],[143.958,-37.827],[143.92,-37.812],[143.9,-37.783],[143.813,-37.782],[143.809,-37.803],[143.742,-37.781],[143.69,-37.802],[143.69,-37.826],[143.661,-37.824],[143.652,-37.854],[143.663,-37.87],[143.636,-37.927],[143.665,-37.93],[143.655,-37.988],[143.637,-37.972],[143.622,-37.982],[143.647,-37.987],[143.656,-38.011],[143.629,-38.023],[143.83,-38.022],[143.819,-38.08],[143.828,-38.092],[143.81,-38.128],[143.901,-38.139],[143.924,-38.166],[143.914,-38.192],[143.889,-38.2],[143.88,-38.247],[143.841,-38.243],[143.834,-38.291],[143.879,-38.276],[143.835,-38.511],[143.855,-38.524],[143.852,-38.545],[143.825,-38.567],[143.96,-38.576],[143.986,-38.551],[143.98,-38.532],[144.036,-38.476],[144.105,-38.469],[144.134,-38.435],[144.254,-38.395],[144.332,-38.323],[144.428,-38.282],[144.5,-38.29],[144.508,-38.275],[144.539,-38.272],[144.614,-38.292],[144.62,-38.276],[144.672,-38.265],[144.633,-38.27],[144.623,-38.251],[144.687,-38.197],[144.703,-38.202],[144.696,-38.22],[144.706,-38.21],[144.72,-38.147],[144.692,-38.12],[144.631,-38.107],[144.558,-38.155],[144.481,-38.164],[144.443,-38.15],[144.426,-38.124],[144.416,-38.155],[144.356,-38.138],[144.362,-38.105],[144.389,-38.077],[144.445,-38.092],[144.479,-38.077],[144.507,-38.092],[144.515,-38.046],[144.559,-38.038],[144.592,-38.005],[144.548,-37.972],[144.498,-37.974]]],[[[144.686,-38.246],[144.688,-38.245],[144.684,-38.245],[144.686,-38.246]]],[[[144.666,-38.259],[144.666,-38.257],[144.662,-38.259],[144.666,-38.259]]],[[[144.668,-38.258],[144.702,-38.243],[144.679,-38.251],[144.678,-38.238],[144.668,-38.258]]],[[[144.638,-38.267],[144.639,-38.267],[144.639,-38.267],[144.638,-38.267]]]]},"properties":{"sa4_code_2021":"203","sa4_name_2021":"Geelong"},"id":"203"},{"type":"Feature","geometry":{"type":"Polygon","coordinates":[[[146.502,-35.983],[146.468,-35.985],[146.454,-35.962],[146.443,-35.976],[146.422,-35.966],[146.399,-36.007],[146.381,-36.013],[146.388,-36.036],[146.369,-36.051],[146.339,-36.026],[146.329,-36.043],[146.283,-36.041],[146.293,-36.03],[146.283,-36.011],[146.273,-36.027],[146.257,-36.012],[146.22,-36.037],[146.177,-36.034],[146.179,-36.051],[146.199,-36.047],[146.197,-36.086],[146.215,-36.089],[146.205,-36.126],[146.244,-36.139],[146.229,-36.167],[146.245,-36.168],[146.237,-36.191],[146.131,-36.187],[146.131,-36.255],[146.037,-36.255],[146.031,-36.299],[145.781,-36.299],[145.765,-36.349],[145.732,-36.344],[145.73,-36.4],[145.748,-36.402],[145.76,-36.43],[145.724,-36.425],[145.732,-36.499],[145.632,-36.499],[145.632,-36.563],[145.354,-36.556],[145.319,-36.612],[145.305,-36.613],[145.303,-36.642],[145.205,-36.655],[145.222,-36.687],[145.186,-36.686],[145.178,-36.701],[145.169,-36.675],[145.087,-36.675],[145.043,-36.651],[145.043,-36.682],[145.02,-36.682],[145.017,-36.669],[144.987,-36.7],[144.932,-36.7],[144.932,-36.748],[144.795,-36.751],[144.785,-36.781],[144.799,-36.833],[144.854,-36.88],[144.804,-36.926],[144.806,-36.956],[144.766,-36.974],[144.753,-36.963],[144.734,-36.982],[144.718,-36.975],[144.688,-36.995],[144.688,-37.011],[144.545,-37.013],[144.535,-37.11],[144.715,-37.1],[144.735,-37.127],[144.727,-37.16],[144.71,-37.16],[144.716,-37.209],[144.704,-37.213],[144.82,-37.219],[144.825,-37.284],[144.856,-37.285],[144.849,-37.322],[144.892,-37.345],[145.03,-37.33],[145.048,-37.316],[145.056,-37.263],[145.118,-37.263],[145.125,-37.294],[145.227,-37.294],[145.227,-37.327],[145.266,-37.373],[145.266,-37.41],[145.4,-37.434],[145.413,-37.445],[145.391,-37.467],[145.489,-37.461],[145.495,-37.437],[145.517,-37.437],[145.513,-37.457],[145.57,-37.46],[145.56,-37.53],[145.579,-37.57],[145.618,-37.572],[145.676,-37.624],[145.737,-37.594],[145.738,-37.567],[145.756,-37.574],[145.765,-37.617],[145.813,-37.63],[145.812,-37.662],[145.792,-37.66],[145.811,-37.687],[145.788,-37.722],[145.846,-37.756],[145.878,-37.818],[145.926,-37.83],[145.917,-37.778],[145.944,-37.758],[146.039,-37.774],[146.089,-37.754],[146.134,-37.788],[146.163,-37.747],[146.136,-37.702],[146.13,-37.648],[146.165,-37.623],[146.159,-37.601],[146.184,-37.581],[146.25,-37.61],[146.299,-37.591],[146.368,-37.629],[146.394,-37.604],[146.435,-37.619],[146.647,-37.163],[146.639,-37.128],[146.652,-37.12],[146.718,-37.159],[146.763,-37.146],[146.826,-37.204],[147.337,-37.276],[147.385,-37.204],[147.331,-37.153],[147.316,-37.114],[147.359,-37.114],[147.381,-37.099],[147.392,-37.046],[147.387,-37.03],[147.35,-37.036],[147.263,-37.007],[147.289,-36.905],[147.342,-36.862],[147.333,-36.83],[147.283,-36.827],[147.293,-36.811],[147.268,-36.779],[147.29,-36.766],[147.297,-36.734],[147.38,-36.751],[147.458,-36.803],[147.471,-36.783],[147.529,-36.77],[147.542,-36.738],[147.96,-36.612],[148.134,-36.744],[148.216,-36.64],[148.206,-36.587],[148.161,-36.58],[148.151,-36.558],[148.134,-36.567],[148.124,-36.551],[148.14,-36.525],[148.118,-36.495],[148.124,-36.463],[148.088,-36.452],[148.08,-36.422],[148.038,-36.39],[148.059,-36.32],[148.035,-36.311],[148.026,-36.223],[148.041,-36.207],[148.022,-36.176],[148.038,-36.141],[148.004,-36.14],[147.991,-36.121],[147.999,-36.099],[147.98,-36.087],[148.0,-36.046],[147.924,-36.042],[147.912,-35.995],[147.883,-36.002],[147.806,-35.965],[147.777,-35.969],[147.708,-35.929],[147.647,-35.946],[147.601,-35.979],[147.549,-35.965],[147.548,-35.979],[147.584,-35.985],[147.552,-36.004],[147.521,-35.986],[147.526,-35.963],[147.494,-35.944],[147.464,-35.944],[147.451,-35.961],[147.405,-35.943],[147.32,-36.061],[147.285,-36.039],[147.206,-36.05],[147.164,-36.031],[147.144,-36.038],[147.123,-35.994],[147.098,-36.01],[147.095,-36.053],[147.062,-36.066],[147.053,-36.108],[147.034,-36.115],[147.007,-36.084],[146.981,-36.095],[146.957,-36.078],[146.944,-36.116],[146.927,-36.097],[146.908,-36.111],[146.907,-36.085],[146.881,-36.088],[146.873,-36.074],[146.825,-36.089],[146.804,-36.055],[146.75,-36.061],[146.753,-36.042],[146.731,-36.045],[146.732,-36.024],[146.686,-36.041],[146.68,-36.022],[146.656,-36.026],[146.651,-36.008],[146.614,-35.996],[146.613,-35.973],[146.584,-35.984],[146.563,-35.968],[146.55,-35.992],[146.502,-35.958],[146.502,-35.983]]]},"properties":{"sa4_code_2021":"204","sa4_name_2021":"Hume"},"id":"204"},{"type":"Feature","geometry":{"type":"MultiPolygon","coordinates":[[[[146.779,-38.646],[146.795,-38.625],[146.785,-38.623],[146.799,-38.629],[146.816,-38.612],[146.887,-38.614],[146.926,-38.594],[146.884,-38.634],[147.508,-38.128],[147.706,-37.998],[147.876,-37.92],[148.179,-37.832],[148.345,-37.806],[148.698,-37.802],[148.728,-37.815],[148.749,-37.797],[148.809,-37.786],[149.124,-37.777],[149.247,-37.78],[149.275,-37.804],[149.34,-37.777],[149.485,-37.775],[149.526,-37.737],[149.596,-37.727],[149.617,-37.701],[149.677,-37.685],[149.739,-37.585],[149.775,-37.558],[149.907,-37.543],[149.976,-37.505],[148.195,-36.796],[148.182,-36.805],[148.156,-36.79],[148.119,-36.806],[148.098,-36.787],[148.134,-36.744],[147.96,-36.612],[147.542,-36.738],[147.529,-36.77],[147.471,-36.783],[147.458,-36.803],[147.38,-36.751],[147.297,-36.734],[147.29,-36.766],[147.268,-36.779],[147.293,-36.811],[147.283,-36.827],[147.333,-36.83],[147.342,-36.862],[147.289,-36.905],[147.263,-37.007],[147.35,-37.036],[147.387,-37.03],[147.392,-37.046],[147.381,-37.099],[147.359,-37.114],[147.316,-37.114],[147.331,-37.153],[147.385,-37.204],[147.337,-37.276],[146.826,-37.204],[146.763,-37.146],[146.719,-37.159],[146.664,-37.124],[146.64,-37.127],[146.647,-37.163],[146.435,-37.619],[146.394,-37.604],[146.368,-37.629],[146.299,-37.591],[146.232,-37.609],[146.186,-37.58],[146.159,-37.601],[146.165,-37.623],[146.13,-37.648],[146.136,-37.702],[146.163,-37.747],[146.134,-37.788],[146.089,-37.754],[146.039,-37.774],[145.944,-37.758],[145.917,-37.778],[145.926,-37.83],[145.845,-37.798],[145.795,-37.815],[145.818,-37.858],[145.769,-37.881],[145.731,-37.959],[145.765,-38.011],[145.739,-38.101],[145.763,-38.109],[145.701,-38.206],[145.717,-38.207],[145.713,-38.252],[145.736,-38.249],[145.733,-38.289],[145.612,-38.286],[145.606,-38.332],[145.554,-38.294],[145.542,-38.309],[145.521,-38.307],[145.515,-38.338],[145.542,-38.337],[145.552,-38.352],[145.535,-38.398],[145.505,-38.417],[145.416,-38.407],[145.434,-38.435],[145.418,-38.471],[145.434,-38.494],[145.42,-38.513],[145.363,-38.521],[145.376,-38.538],[145.484,-38.556],[145.561,-38.651],[145.607,-38.679],[145.657,-38.677],[145.714,-38.646],[145.766,-38.667],[145.87,-38.776],[145.921,-38.91],[146.006,-38.878],[145.998,-38.846],[146.034,-38.813],[146.134,-38.837],[146.234,-38.919],[146.269,-38.973],[146.267,-38.991],[146.249,-38.996],[146.274,-38.996],[146.305,-39.039],[146.329,-39.028],[146.314,-39.032],[146.326,-39.041],[146.317,-39.052],[146.352,-39.059],[146.321,-39.088],[146.346,-39.125],[146.374,-39.137],[146.427,-39.13],[146.442,-39.09],[146.425,-39.084],[146.431,-39.066],[146.483,-39.061],[146.46,-39.037],[146.475,-39.026],[146.432,-39.011],[146.446,-39.004],[146.436,-38.981],[146.451,-38.948],[146.489,-38.91],[146.468,-38.871],[146.479,-38.793],[146.438,-38.779],[146.415,-38.852],[146.353,-38.868],[146.323,-38.904],[146.293,-38.905],[146.293,-38.876],[146.27,-38.86],[146.273,-38.806],[146.233,-38.809],[146.218,-38.772],[146.186,-38.743],[146.193,-38.729],[146.211,-38.738],[146.192,-38.726],[146.229,-38.701],[146.212,-38.693],[146.339,-38.691],[146.332,-38.681],[146.351,-38.673],[146.381,-38.686],[146.385,-38.72],[146.407,-38.722],[146.437,-38.694],[146.493,-38.697],[146.495,-38.68],[146.515,-38.694],[146.541,-38.685],[146.551,-38.704],[146.553,-38.689],[146.567,-38.691],[146.546,-38.685],[146.571,-38.678],[146.577,-38.692],[146.58,-38.679],[146.583,-38.698],[146.584,-38.677],[146.641,-38.669],[146.653,-38.643],[146.671,-38.663],[146.658,-38.671],[146.693,-38.676],[146.716,-38.661],[146.713,-38.648],[146.742,-38.665],[146.779,-38.646]]],[[[145.11,-38.52],[145.112,-38.519],[145.11,-38.518],[145.11,-38.52]]],[[[145.114,-38.519],[145.115,-38.518],[145.114,-38.519],[145.114,-38.519]]],[[[145.344,-38.562],[145.344,-38.562],[145.344,-38.561],[145.344,-38.562]]],[[[145.347,-38.563],[145.348,-38.563],[145.347,-38.563],[145.347,-38.563]]],[[[145.351,-38.566],[145.351,-38.566],[145.351,-38.566],[145.351,-38.566]]],[[[145.277,-38.388],[145.27,-38.409],[145.287,-38.396],[145.353,-38.42],[145.386,-38.407],[145.406,-38.373],[145.503,-38.353],[145.452,-38.307],[145.352,-38.311],[145.297,-38.282],[145.277,-38.388]]],[[[145.366,-38.416],[145.372,-38.418],[145.369,-38.411],[145.366,-38.416]]],[[[145.289,-38.455],[145.296,-38.455],[145.294,-38.454],[145.289,-38.455]]],[[[145.348,-38.422],[145.348,-38.422],[145.348,-38.421],[145.348,-38.422]]],[[[145.248,-38.505],[145.308,-38.519],[145.361,-38.566],[145.341,-38.535],[145.363,-38.512],[145.297,-38.506],[145.306,-38.485],[145.291,-38.48],[145.31,-38.461],[145.273,-38.46],[145.299,-38.451],[145.2,-38.451],[145.165,-38.465],[145.147,-38.503],[145.116,-38.518],[145.171,-38.51],[145.221,-38.53],[145.248,-38.505]]],[[[145.338,-38.494],[145.333,-38.499],[145.346,-38.509],[145.338,-38.494]]],[[[146.293,-39.158],[146.295,-39.159],[146.296,-39.156],[146.293,-39.158]]],[[[146.299,-39.156],[146.299,-39.155],[146.3,-39.155],[146.299,-39.156]]],[[[146.302,-39.154],[146.303,-39.154],[146.302,-39.153],[146.302,-39.154]]],[[[146.356,-39.139],[146.36,-39.141],[146.368,-39.139],[146.356,-39.139]]],[[[146.224,-38.97],[146.234,-38.968],[146.224,-38.967],[146.224,-38.97]]],[[[146.31,-39.157],[146.315,-39.157],[146.309,-39.15],[146.31,-39.157]]],[[[146.305,-39.152],[146.306,-39.152],[146.304,-39.151],[146.305,-39.152]]],[[[146.231,-39.088],[146.237,-39.098],[146.222,-39.071],[146.231,-39.088]]],[[[146.239,-39.019],[146.242,-39.03],[146.246,-39.024],[146.239,-39.019]]],[[[146.237,-39.109],[146.241,-39.108],[146.237,-39.101],[146.237,-39.109]]],[[[146.235,-39.114],[146.237,-39.118],[146.239,-39.114],[146.235,-39.114]]],[[[146.322,-39.145],[146.329,-39.139],[146.312,-39.135],[146.322,-39.145]]],[[[146.24,-39.116],[146.244,-39.117],[146.242,-39.114],[146.24,-39.116]]],[[[146.277,-38.772],[146.28,-38.772],[146.277,-38.771],[146.277,-38.772]]],[[[146.368,-38.842],[146.371,-38.844],[146.371,-38.841],[146.368,-38.842]]],[[[146.68,-38.955],[146.684,-38.954],[146.681,-38.953],[146.68,-38.955]]],[[[146.705,-38.952],[146.707,-38.95],[146.704,-38.949],[146.705,-38.952]]],[[[146.676,-38.942],[146.679,-38.941],[146.674,-38.938],[146.676,-38.942]]],[[[146.662,-38.922],[146.661,-38.927],[146.665,-38.926],[146.662,-38.922]]],[[[146.622,-38.75],[146.643,-38.747],[146.64,-38.744],[146.622,-38.75]]],[[[146.544,-38.744],[146.553,-38.741],[146.546,-38.74],[146.544,-38.744]]],[[[146.526,-38.742],[146.528,-38.741],[146.527,-38.74],[146.526,-38.742]]],[[[146.542,-38.746],[146.539,-38.748],[146.542,-38.747],[146.542,-38.746]]],[[[146.54,-38.746],[146.54,-38.746],[146.541,-38.745],[146.54,-38.746]]],[[[146.701,-38.703],[146.704,-38.702],[146.703,-38.702],[146.701,-38.703]]],[[[146.692,-38.709],[146.7,-38.71],[146.695,-38.707],[146.692,-38.709]]],[[[146.63,-38.724],[146.653,-38.727],[146.669,-38.718],[146.63,-38.724]]],[[[146.552,-38.704],[146.562,-38.705],[146.554,-38.702],[146.552,-38.704]]],[[[146.565,-38.714],[146.568,-38.716],[146.572,-38.715],[146.565,-38.714]]],[[[146.573,-38.701],[146.571,-38.705],[146.574,-38.704],[146.573,-38.701]]],[[[146.529,-38.713],[146.532,-38.716],[146.536,-38.716],[146.529,-38.713]]],[[[146.689,-38.71],[146.689,-38.709],[146.687,-38.711],[146.689,-38.71]]],[[[146.687,-38.7],[146.69,-38.701],[146.687,-38.699],[146.687,-38.7]]],[[[146.579,-38.702],[146.58,-38.703],[146.581,-38.702],[146.579,-38.702]]],[[[146.577,-38.707],[146.577,-38.707],[146.576,-38.707],[146.577,-38.707]]],[[[146.62,-38.702],[146.585,-38.716],[146.603,-38.727],[146.601,-38.717],[146.626,-38.725],[146.678,-38.708],[146.62,-38.702]]],[[[146.708,-38.71],[146.679,-38.727],[146.732,-38.696],[146.708,-38.71]]],[[[146.568,-38.697],[146.563,-38.697],[146.571,-38.698],[146.568,-38.697]]],[[[146.69,-38.697],[146.688,-38.697],[146.687,-38.699],[146.69,-38.697]]],[[[146.577,-38.699],[146.578,-38.701],[146.578,-38.7],[146.577,-38.699]]],[[[146.669,-38.683],[146.683,-38.69],[146.685,-38.678],[146.669,-38.683]]],[[[146.626,-38.692],[146.622,-38.695],[146.634,-38.697],[146.626,-38.692]]],[[[146.609,-38.684],[146.598,-38.686],[146.607,-38.686],[146.609,-38.684]]],[[[146.651,-38.673],[146.656,-38.673],[146.655,-38.67],[146.651,-38.673]]],[[[146.594,-38.689],[146.588,-38.691],[146.589,-38.692],[146.594,-38.689]]],[[[146.653,-38.662],[146.658,-38.659],[146.655,-38.659],[146.653,-38.662]]],[[[146.642,-38.686],[146.645,-38.688],[146.651,-38.683],[146.642,-38.686]]],[[[146.651,-38.686],[146.658,-38.686],[146.652,-38.685],[146.651,-38.686]]],[[[146.681,-38.673],[146.685,-38.675],[146.682,-38.673],[146.681,-38.673]]],[[[146.627,-38.68],[146.629,-38.68],[146.631,-38.679],[146.627,-38.68]]],[[[146.608,-38.68],[146.606,-38.681],[146.608,-38.682],[146.608,-38.68]]],[[[146.689,-38.687],[146.69,-38.685],[146.689,-38.685],[146.689,-38.687]]],[[[146.57,-38.691],[146.571,-38.691],[146.571,-38.69],[146.57,-38.691]]],[[[146.688,-38.681],[146.692,-38.681],[146.688,-38.681],[146.688,-38.681]]],[[[146.686,-38.686],[146.686,-38.686],[146.686,-38.685],[146.686,-38.686]],[[146.874,-38.632],[146.872,-38.632],[146.879,-38.628],[146.874,-38.632]]],[[[146.879,-38.61],[146.882,-38.61],[146.88,-38.61],[146.879,-38.61]]],[[[149.906,-37.564],[149.918,-37.568],[149.905,-37.548],[149.906,-37.564]]],[[[149.844,-37.556],[149.843,-37.557],[149.847,-37.557],[149.844,-37.556]]],[[[146.568,-38.742],[146.501,-38.763],[146.542,-38.728],[146.508,-38.737],[146.51,-38.719],[146.465,-38.739],[146.495,-38.775],[146.545,-38.791],[146.598,-38.759],[146.668,-38.748],[146.623,-38.758],[146.58,-38.735],[146.568,-38.742]]],[[[146.463,-38.714],[146.439,-38.728],[146.502,-38.716],[146.463,-38.714]]],[[[146.514,-38.91],[146.506,-38.913],[146.512,-38.914],[146.514,-38.91]]],[[[146.51,-38.724],[146.517,-38.721],[146.51,-38.722],[146.51,-38.724]]],[[[146.464,-38.736],[146.464,-38.738],[146.466,-38.737],[146.464,-38.736]]],[[[146.394,-38.806],[146.393,-38.807],[146.394,-38.807],[146.394,-38.806]]],[[[146.852,-38.634],[146.88,-38.616],[146.819,-38.613],[146.791,-38.633],[146.82,-38.651],[146.852,-38.634]]],[[[146.843,-38.663],[146.828,-38.679],[146.879,-38.638],[146.836,-38.654],[146.858,-38.652],[146.843,-38.663]]],[[[146.814,-38.677],[146.753,-38.69],[146.826,-38.684],[146.814,-38.677]]],[[[146.724,-38.677],[146.739,-38.673],[146.728,-38.661],[146.71,-38.677],[146.724,-38.677]]],[[[146.697,-38.687],[146.716,-38.687],[146.708,-38.677],[146.697,-38.687]]],[[[146.815,-38.659],[146.794,-38.657],[146.786,-38.669],[146.815,-38.659]]],[[[146.763,-38.659],[146.774,-38.66],[146.756,-38.655],[146.763,-38.659]]],[[[146.741,-38.667],[146.738,-38.669],[146.748,-38.669],[146.741,-38.667]]],[[[146.732,-38.667],[146.737,-38.667],[146.729,-38.662],[146.732,-38.667]],[[146.778,-38.658],[146.783,-38.658],[146.773,-38.658],[146.778,-38.658]]],[[[146.746,-38.678],[146.745,-38.675],[146.74,-38.679],[146.746,-38.678]],[[146.758,-38.675],[146.754,-38.676],[146.762,-38.673],[146.758,-38.675]]],[[[146.803,-38.666],[146.809,-38.666],[146.822,-38.66],[146.803,-38.666]]],[[[146.725,-38.684],[146.719,-38.685],[146.722,-38.686],[146.725,-38.684]]],[[[146.728,-38.685],[146.73,-38.686],[146.733,-38.685],[146.728,-38.685]]],[[[146.82,-38.665],[146.829,-38.661],[146.827,-38.661],[146.82,-38.665]]],[[[146.757,-38.672],[146.761,-38.67],[146.759,-38.67],[146.757,-38.672]]],[[[146.727,-38.679],[146.73,-38.678],[146.729,-38.677],[146.727,-38.679]]],[[[146.751,-38.675],[146.748,-38.677],[146.751,-38.676],[146.751,-38.675]]],[[[146.748,-38.664],[146.747,-38.664],[146.75,-38.664],[146.748,-38.664]]],[[[146.796,-38.667],[146.8,-38.666],[146.798,-38.666],[146.796,-38.667]]],[[[146.794,-38.667],[146.795,-38.667],[146.795,-38.667],[146.794,-38.667]]],[[[146.746,-38.672],[146.746,-38.673],[146.747,-38.672],[146.746,-38.672]]],[[[146.823,-38.678],[146.824,-38.68],[146.823,-38.677],[146.823,-38.678]]],[[[146.734,-38.678],[146.735,-38.678],[146.734,-38.678],[146.734,-38.678]]],[[[146.803,-38.676],[146.804,-38.677],[146.804,-38.676],[146.803,-38.676]]],[[[146.811,-38.667],[146.811,-38.667],[146.811,-38.666],[146.811,-38.667]],[[146.709,-38.676],[146.708,-38.676],[146.71,-38.676],[146.709,-38.676]]],[[[146.733,-38.682],[146.734,-38.682],[146.734,-38.682],[146.733,-38.682]]],[[[146.853,-38.636],[146.853,-38.636],[146.853,-38.636],[146.853,-38.636]]],[[[146.813,-38.668],[146.813,-38.668],[146.812,-38.667],[146.813,-38.668]]]]},"properties":{"sa4_code_2021":"205","sa4_name_2021":"Latrobe - Gippsland"},"id":"205"},{"type":"Feature","geometry":{"type":"Polygon","coordinates":[[[145.021,-37.754],[144.981,-37.75],[144.983,-37.736],[144.893,-37.735],[144.889,-37.762],[144.916,-37.798],[144.898,-37.841],[144.963,-37.855],[144.985,-37.891],[145.011,-37.86],[145.028,-37.866],[145.033,-37.837],[144.999,-37.805],[145.021,-37.803],[145.013,-37.786],[145.045,-37.784],[145.021,-37.754]]]},"properties":{"sa4_code_2021":"206","sa4_name_2021":"Melbourne - Inner"},"id":"206"},{"type":"Feature","geometry":{"type":"Polygon","coordinates":[[[145.162,-37.738],[145.083,-37.751],[145.067,-37.784],[145.013,-37.786],[145.021,-37.803],[144.999,-37.806],[145.073,-37.876],[145.092,-37.872],[145.095,-37.853],[145.169,-37.862],[145.157,-37.846],[145.184,-37.765],[145.177,-37.735],[145.162,-37.738]]]},"properties":{"sa4_code_2021":"207","sa4_name_2021":"Melbourne - Inner East"},"id":"207"},{"type":"Feature","geometry":{"type":"Polygon","coordinates":[[[145.074,-37.999],[145.123,-38.085],[145.149,-38.083],[145.156,-38.067],[145.134,-38.025],[145.145,-37.991],[145.119,-37.988],[145.112,-37.957],[145.08,-37.939],[145.092,-37.872],[145.069,-37.874],[145.033,-37.837],[145.028,-37.866],[145.011,-37.86],[144.985,-37.891],[144.986,-37.926],[145.031,-37.995],[145.074,-37.999]]]},"properties":{"sa4_code_2021":"208","sa4_name_2021":"Melbourne - Inner South"},"id":"208"},{"type":"Feature","geometry":{"type":"Polygon","coordinates":[[[145.055,-37.287],[145.03,-37.33],[144.991,-37.341],[144.921,-37.333],[144.895,-37.424],[144.892,-37.461],[144.905,-37.468],[144.881,-37.501],[144.977,-37.514],[144.954,-37.545],[144.965,-37.574],[144.946,-37.607],[144.976,-37.65],[144.981,-37.75],[145.031,-37.756],[145.038,-37.784],[145.067,-37.784],[145.078,-37.754],[145.113,-37.755],[145.123,-37.74],[145.242,-37.736],[145.235,-37.721],[145.268,-37.703],[145.273,-37.716],[145.292,-37.702],[145.312,-37.716],[145.354,-37.644],[145.366,-37.545],[145.403,-37.527],[145.47,-37.558],[145.531,-37.557],[145.561,-37.592],[145.573,-37.586],[145.56,-37.516],[145.57,-37.46],[145.513,-37.457],[145.517,-37.437],[145.495,-37.437],[145.489,-37.461],[145.391,-37.467],[145.413,-37.445],[145.4,-37.434],[145.266,-37.41],[145.266,-37.373],[145.227,-37.327],[145.227,-37.294],[145.125,-37.294],[145.118,-37.263],[145.056,-37.263],[145.055,-37.287]]]},"properties":{"sa4_code_2021":"209","sa4_name_2021":"Melbourne - North East"},"id":"209"},{"type":"Feature","geometry":{"type":"Polygon","coordinates":[[[144.95,-37.511],[144.881,-37.502],[144.905,-37.469],[144.892,-37.461],[144.895,-37.424],[144.921,-37.363],[144.918,-37.348],[144.849,-37.322],[144.856,-37.285],[144.825,-37.284],[144.82,-37.219],[144.704,-37.213],[144.716,-37.184],[144.694,-37.175],[144.659,-37.181],[144.65,-37.207],[144.628,-37.215],[144.649,-37.221],[144.592,-37.248],[144.627,-37.265],[144.625,-37.283],[144.66,-37.293],[144.634,-37.336],[144.604,-37.335],[144.6,-37.36],[144.576,-37.359],[144.562,-37.386],[144.545,-37.383],[144.513,-37.415],[144.478,-37.414],[144.458,-37.545],[144.627,-37.56],[144.633,-37.59],[144.657,-37.594],[144.654,-37.638],[144.668,-37.647],[144.82,-37.683],[144.802,-37.704],[144.861,-37.776],[144.889,-37.762],[144.893,-37.735],[144.983,-37.736],[144.976,-37.65],[144.946,-37.607],[144.965,-37.574],[144.954,-37.545],[144.977,-37.514],[144.95,-37.511]]]},"properties":{"sa4_code_2021":"210","sa4_name_2021":"Melbourne - North West"},"id":"210"},{"type":"Feature","geometry":{"type":"Polygon","coordinates":[[[145.3,-37.966],[145.383,-37.975],[145.384,-37.938],[145.439,-37.915],[145.451,-37.882],[145.467,-37.912],[145.508,-37.9],[145.527,-37.885],[145.519,-37.858],[145.568,-37.898],[145.628,-37.904],[145.631,-37.918],[145.671,-37.907],[145.686,-37.881],[145.748,-37.908],[145.769,-37.881],[145.804,-37.874],[145.818,-37.857],[145.795,-37.815],[145.878,-37.799],[145.846,-37.756],[145.788,-37.721],[145.811,-37.687],[145.792,-37.66],[145.812,-37.662],[145.813,-37.63],[145.766,-37.617],[145.756,-37.574],[145.74,-37.566],[145.737,-37.594],[145.676,-37.624],[145.6,-37.566],[145.563,-37.593],[145.531,-37.557],[145.47,-37.558],[145.418,-37.526],[145.366,-37.545],[145.358,-37.627],[145.331,-37.692],[145.317,-37.692],[145.322,-37.707],[145.303,-37.717],[145.287,-37.703],[145.283,-37.719],[145.268,-37.703],[145.23,-37.739],[145.181,-37.73],[145.183,-37.774],[145.157,-37.846],[145.196,-37.865],[145.206,-37.931],[145.227,-37.951],[145.28,-37.948],[145.3,-37.966]]]},"properties":{"sa4_code_2021":"211","sa4_name_2021":"Melbourne - Outer East"},"id":"211"},{"type":"Feature","geometry":{"type":"Polygon","coordinates":[[[145.373,-38.223],[145.412,-38.228],[145.438,-38.214],[145.489,-38.233],[145.521,-38.307],[145.542,-38.309],[145.554,-38.294],[145.603,-38.332],[145.612,-38.286],[145.733,-38.289],[145.736,-38.249],[145.713,-38.252],[145.717,-38.207],[145.701,-38.206],[145.763,-38.109],[145.739,-38.101],[145.754,-38.079],[145.763,-37.991],[145.731,-37.96],[145.765,-37.899],[145.748,-37.908],[145.687,-37.881],[145.671,-37.907],[145.626,-37.918],[145.628,-37.904],[145.569,-37.898],[145.519,-37.858],[145.526,-37.887],[145.467,-37.912],[145.45,-37.882],[145.439,-37.915],[145.384,-37.938],[145.379,-37.975],[145.291,-37.965],[145.28,-37.948],[145.229,-37.952],[145.206,-37.931],[145.196,-37.865],[145.095,-37.853],[145.08,-37.939],[145.112,-37.957],[145.119,-37.988],[145.145,-37.991],[145.134,-38.025],[145.15,-38.067],[145.24,-38.078],[145.215,-38.209],[145.272,-38.223],[145.274,-38.244],[145.296,-38.248],[145.325,-38.242],[145.344,-38.214],[145.373,-38.223]]]},"properties":{"sa4_code_2021":"212","sa4_name_2021":"Melbourne - South East"},"id":"212"},{"type":"Feature","geometry":{"type":"Polygon","coordinates":[[[144.861,-37.776],[144.802,-37.704],[144.82,-37.683],[144.668,-37.647],[144.654,-37.638],[144.657,-37.594],[144.633,-37.59],[144.627,-37.56],[144.459,-37.546],[144.453,-37.587],[144.421,-37.593],[144.423,-37.614],[144.385,-37.607],[144.402,-37.64],[144.337,-37.62],[144.334,-37.638],[144.358,-37.65],[144.346,-37.658],[144.393,-37.696],[144.403,-37.728],[144.463,-37.706],[144.465,-37.692],[144.487,-37.695],[144.467,-37.839],[144.449,-37.837],[144.444,-37.864],[144.481,-37.89],[144.474,-37.936],[144.496,-37.974],[144.548,-37.972],[144.58,-38.002],[144.652,-38.002],[144.736,-37.943],[144.793,-37.927],[144.82,-37.873],[144.869,-37.859],[144.916,-37.866],[144.895,-37.849],[144.906,-37.852],[144.897,-37.832],[144.917,-37.798],[144.902,-37.766],[144.882,-37.756],[144.861,-37.776]]]},"properties":{"sa4_code_2021":"213","sa4_name_2021":"Melbourne - West"},"id":"213"},{"type":"Feature","geometry":{"type":"MultiPolygon","coordinates":[[[[145.167,-38.069],[145.124,-38.082],[145.114,-38.15],[145.032,-38.213],[145.026,-38.253],[144.983,-38.296],[144.992,-38.312],[144.958,-38.336],[144.829,-38.37],[144.767,-38.356],[144.734,-38.322],[144.652,-38.304],[144.839,-38.43],[144.887,-38.477],[144.888,-38.499],[145.031,-38.487],[145.05,-38.43],[145.13,-38.39],[145.234,-38.41],[145.215,-38.383],[145.184,-38.375],[145.222,-38.378],[145.193,-38.296],[145.223,-38.306],[145.226,-38.272],[145.262,-38.242],[145.254,-38.224],[145.215,-38.207],[145.24,-38.078],[145.167,-38.069]]],[[[144.888,-38.503],[144.888,-38.503],[144.889,-38.503],[144.888,-38.503]]],[[[144.889,-38.5],[144.89,-38.501],[144.89,-38.5],[144.889,-38.5]]],[[[144.886,-38.495],[144.886,-38.495],[144.886,-38.495],[144.886,-38.495]]],[[[144.886,-38.495],[144.886,-38.495],[144.886,-38.495],[144.886,-38.495]]],[[[144.74,-38.356],[144.74,-38.356],[144.74,-38.356],[144.74,-38.356]]],[[[144.74,-38.356],[144.741,-38.356],[144.741,-38.356],[144.74,-38.356]]],[[[144.886,-38.497],[144.886,-38.497],[144.886,-38.497],[144.886,-38.497]]],[[[144.886,-38.497],[144.886,-38.497],[144.886,-38.497],[144.886,-38.497]]],[[[144.886,-38.496],[144.886,-38.496],[144.885,-38.496],[144.886,-38.496]]],[[[144.788,-38.394],[144.788,-38.394],[144.788,-38.393],[144.788,-38.394]]],[[[144.74,-38.359],[144.74,-38.358],[144.74,-38.358],[144.74,-38.359]]],[[[144.885,-38.496],[144.885,-38.496],[144.885,-38.496],[144.885,-38.496]]],[[[144.884,-38.496],[144.885,-38.496],[144.885,-38.496],[144.884,-38.496]]],[[[144.74,-38.357],[144.74,-38.357],[144.74,-38.357],[144.74,-38.357]]],[[[144.741,-38.358],[144.741,-38.358],[144.74,-38.358],[144.741,-38.358]]],[[[144.731,-38.35],[144.731,-38.35],[144.731,-38.35],[144.731,-38.35]]],[[[144.734,-38.353],[144.734,-38.352],[144.734,-38.352],[144.734,-38.353]]],[[[144.736,-38.355],[144.736,-38.354],[144.736,-38.354],[144.736,-38.355]]],[[[144.907,-38.494],[144.907,-38.494],[144.907,-38.493],[144.907,-38.494]]],[[[144.906,-38.493],[144.907,-38.493],[144.906,-38.493],[144.906,-38.493]]],[[[144.907,-38.493],[144.907,-38.493],[144.907,-38.493],[144.907,-38.493]]],[[[144.894,-38.494],[144.894,-38.493],[144.894,-38.493],[144.894,-38.494]]],[[[145.213,-38.329],[145.209,-38.327],[145.209,-38.333],[145.213,-38.329]]]]},"properties":{"sa4_code_2021":"214","sa4_name_2021":"Mornington Peninsula"},"id":"214"},{"type":"Feature","geometry":{"type":"Polygon","coordinates":[[[142.768,-34.578],[142.746,-34.582],[142.759,-34.6],[142.723,-34.592],[142.689,-34.617],[142.709,-34.622],[142.689,-34.652],[142.71,-34.677],[142.679,-34.68],[142.699,-34.725],[142.679,-34.722],[142.679,-34.739],[142.661,-34.722],[142.618,-34.729],[142.62,-34.757],[142.646,-34.763],[142.632,-34.784],[142.557,-34.775],[142.5,-34.739],[142.519,-34.703],[142.5,-34.703],[142.514,-34.692],[142.497,-34.674],[142.516,-34.664],[142.476,-34.673],[142.484,-34.636],[142.452,-34.634],[142.468,-34.613],[142.468,-34.564],[142.449,-34.559],[142.452,-34.584],[142.426,-34.562],[142.408,-34.568],[142.406,-34.542],[142.39,-34.549],[142.368,-34.53],[142.4,-34.522],[142.375,-34.515],[142.395,-34.493],[142.36,-34.499],[142.384,-34.478],[142.353,-34.47],[142.368,-34.435],[142.351,-34.397],[142.374,-34.388],[142.378,-34.365],[142.364,-34.362],[142.39,-34.363],[142.397,-34.338],[142.284,-34.327],[142.299,-34.306],[142.286,-34.297],[142.236,-34.307],[142.249,-34.285],[142.232,-34.255],[142.244,-34.21],[142.219,-34.181],[142.166,-34.183],[142.166,-34.152],[142.12,-34.157],[142.12,-34.175],[142.083,-34.174],[142.065,-34.151],[142.076,-34.131],[142.03,-34.126],[142.038,-34.1],[142.013,-34.105],[142.022,-34.125],[141.978,-34.113],[141.97,-34.136],[141.945,-34.119],[141.933,-34.138],[141.923,-34.115],[141.901,-34.111],[141.877,-34.137],[141.777,-34.117],[141.778,-34.102],[141.757,-34.112],[141.762,-34.098],[141.73,-34.091],[141.72,-34.115],[141.707,-34.096],[141.677,-34.101],[141.633,-34.121],[141.628,-34.145],[141.612,-34.139],[141.619,-34.156],[141.584,-34.151],[141.603,-34.162],[141.589,-34.177],[141.603,-34.191],[141.534,-34.191],[141.534,-34.211],[141.51,-34.216],[141.519,-34.181],[141.495,-34.155],[141.445,-34.168],[141.434,-34.146],[141.407,-34.146],[141.408,-34.128],[141.388,-34.135],[141.359,-34.111],[141.325,-34.139],[141.317,-34.112],[141.26,-34.078],[141.243,-34.087],[141.242,-34.061],[141.228,-34.074],[141.206,-34.062],[141.186,-34.092],[141.175,-34.073],[141.154,-34.082],[141.153,-34.055],[141.12,-34.065],[141.094,-34.051],[141.089,-34.077],[141.066,-34.05],[141.042,-34.061],[141.034,-34.036],[141.023,-34.06],[141.002,-34.039],[141.012,-34.025],[140.988,-34.031],[140.964,-33.981],[140.973,-37.358],[141.097,-37.45],[141.168,-37.42],[141.264,-37.43],[141.281,-37.395],[141.221,-37.365],[141.221,-37.349],[141.432,-37.372],[141.432,-37.298],[141.531,-37.298],[141.49,-37.247],[141.492,-37.22],[141.576,-37.188],[141.597,-37.161],[141.615,-37.169],[141.672,-37.152],[141.725,-37.188],[141.801,-37.167],[141.811,-37.177],[141.84,-37.168],[141.841,-37.153],[141.909,-37.135],[141.911,-37.113],[141.936,-37.171],[141.913,-37.202],[142.0,-37.224],[142.079,-37.224],[142.092,-37.171],[142.109,-37.163],[142.114,-37.112],[142.188,-37.113],[142.206,-37.087],[142.241,-37.15],[142.423,-37.26],[142.516,-37.293],[142.478,-37.401],[142.379,-37.511],[142.353,-37.598],[142.587,-37.627],[142.619,-37.647],[142.59,-37.765],[142.615,-37.81],[142.673,-37.817],[142.665,-37.83],[142.702,-37.835],[142.758,-37.813],[142.84,-37.822],[142.842,-37.808],[142.861,-37.806],[142.879,-37.808],[142.879,-37.837],[143.007,-37.766],[143.013,-37.787],[143.035,-37.793],[143.031,-37.815],[143.076,-37.816],[143.106,-37.834],[143.095,-37.819],[143.108,-37.779],[143.166,-37.765],[143.181,-37.732],[143.072,-37.719],[143.085,-37.703],[143.121,-37.707],[143.156,-37.633],[143.174,-37.635],[143.183,-37.594],[143.153,-37.573],[143.193,-37.526],[143.179,-37.525],[143.197,-37.426],[143.222,-37.414],[143.209,-37.376],[143.256,-37.358],[143.241,-37.314],[143.226,-37.314],[143.227,-37.291],[143.274,-37.284],[143.232,-37.208],[143.201,-37.232],[143.162,-37.229],[143.145,-37.185],[143.088,-37.198],[143.09,-37.178],[143.063,-37.167],[143.067,-37.147],[143.097,-37.15],[143.086,-37.125],[143.101,-37.101],[143.103,-37.002],[143.087,-36.977],[143.105,-36.979],[143.09,-36.963],[143.107,-36.904],[143.239,-36.902],[143.353,-36.915],[143.373,-36.934],[143.472,-36.937],[143.467,-36.911],[143.51,-36.869],[143.507,-36.808],[143.46,-36.747],[143.501,-36.675],[143.486,-36.626],[143.439,-36.615],[143.421,-36.557],[143.334,-36.512],[143.315,-36.477],[143.407,-36.5],[143.412,-36.468],[143.431,-36.469],[143.445,-36.446],[143.439,-36.368],[143.479,-36.376],[143.482,-36.295],[143.514,-36.295],[143.508,-36.265],[143.569,-36.222],[143.532,-36.203],[143.537,-36.174],[143.514,-36.173],[143.512,-36.101],[143.482,-36.102],[143.476,-35.975],[143.618,-35.969],[143.618,-35.935],[143.728,-35.932],[143.728,-35.906],[143.874,-35.916],[143.862,-35.935],[143.942,-35.953],[144.185,-35.947],[144.187,-35.908],[144.249,-35.93],[144.336,-35.934],[144.353,-35.92],[144.342,-35.907],[144.351,-35.891],[144.417,-35.898],[144.402,-35.869],[144.411,-35.859],[144.381,-35.852],[144.373,-35.837],[144.387,-35.836],[144.372,-35.832],[144.384,-35.82],[144.365,-35.821],[144.377,-35.793],[144.362,-35.796],[144.349,-35.767],[144.295,-35.754],[144.296,-35.737],[144.264,-35.751],[144.248,-35.721],[144.216,-35.706],[144.213,-35.687],[144.162,-35.672],[144.153,-35.643],[144.131,-35.641],[144.105,-35.591],[144.062,-35.577],[144.039,-35.549],[144.01,-35.563],[143.99,-35.555],[143.997,-35.536],[143.975,-35.533],[143.97,-35.5],[143.933,-35.507],[143.859,-35.48],[143.855,-35.462],[143.813,-35.446],[143.818,-35.438],[143.763,-35.423],[143.769,-35.402],[143.751,-35.388],[143.709,-35.393],[143.684,-35.368],[143.642,-35.401],[143.633,-35.383],[143.62,-35.388],[143.598,-35.352],[143.562,-35.337],[143.591,-35.282],[143.564,-35.244],[143.581,-35.22],[143.571,-35.207],[143.471,-35.219],[143.449,-35.189],[143.391,-35.189],[143.391,-35.145],[143.341,-35.096],[143.339,-35.068],[143.351,-35.065],[143.322,-35.037],[143.336,-35.037],[143.338,-35.011],[143.319,-34.993],[143.317,-34.953],[143.343,-34.933],[143.321,-34.889],[143.353,-34.858],[143.355,-34.846],[143.341,-34.846],[143.36,-34.817],[143.349,-34.792],[143.309,-34.78],[143.277,-34.792],[143.273,-34.776],[143.252,-34.773],[143.274,-34.753],[143.249,-34.758],[143.241,-34.745],[143.224,-34.759],[143.219,-34.729],[143.201,-34.733],[143.181,-34.709],[143.165,-34.718],[143.162,-34.698],[143.147,-34.715],[143.118,-34.703],[143.128,-34.693],[143.107,-34.702],[143.121,-34.687],[143.112,-34.681],[143.093,-34.701],[143.071,-34.678],[143.055,-34.699],[143.04,-34.686],[143.039,-34.703],[143.033,-34.683],[143.01,-34.694],[143.017,-34.674],[142.989,-34.663],[142.973,-34.695],[142.959,-34.665],[142.924,-34.648],[142.887,-34.68],[142.861,-34.665],[142.872,-34.65],[142.855,-34.64],[142.868,-34.627],[142.841,-34.626],[142.824,-34.6],[142.803,-34.607],[142.811,-34.589],[142.787,-34.589],[142.805,-34.554],[142.79,-34.547],[142.77,-34.569],[142.784,-34.579],[142.768,-34.578]]]},"properties":{"sa4_code_2021":"215","sa4_name_2021":"North West"},"id":"215"},{"type":"Feature","geometry":{"type":"Polygon","coordinates":[[[146.012,-36.006],[145.972,-36.016],[145.946,-35.984],[145.954,-35.962],[145.928,-35.974],[145.903,-35.969],[145.903,-35.953],[145.854,-35.96],[145.859,-35.975],[145.828,-35.975],[145.812,-35.992],[145.778,-35.96],[145.733,-35.96],[145.716,-35.95],[145.721,-35.935],[145.674,-35.926],[145.679,-35.917],[145.62,-35.884],[145.626,-35.862],[145.601,-35.875],[145.593,-35.849],[145.558,-35.828],[145.563,-35.813],[145.539,-35.822],[145.536,-35.802],[145.522,-35.819],[145.472,-35.809],[145.463,-35.827],[145.42,-35.828],[145.411,-35.849],[145.355,-35.867],[145.324,-35.851],[145.258,-35.851],[145.246,-35.83],[145.154,-35.843],[145.159,-35.831],[145.114,-35.821],[144.968,-35.865],[144.975,-35.884],[144.949,-35.932],[144.957,-35.961],[144.931,-35.968],[144.924,-35.989],[144.962,-36.018],[144.982,-36.073],[144.948,-36.083],[144.933,-36.067],[144.863,-36.059],[144.842,-36.101],[144.81,-36.102],[144.808,-36.123],[144.799,-36.113],[144.778,-36.13],[144.772,-36.116],[144.718,-36.114],[144.719,-36.086],[144.684,-36.096],[144.689,-36.061],[144.655,-36.075],[144.653,-36.053],[144.633,-36.048],[144.618,-36.077],[144.615,-36.032],[144.583,-36.039],[144.563,-36.008],[144.516,-35.994],[144.515,-35.965],[144.494,-35.969],[144.466,-35.933],[144.44,-35.932],[144.416,-35.909],[144.424,-35.9],[144.365,-35.885],[144.344,-35.894],[144.353,-35.92],[144.336,-35.934],[144.284,-35.924],[144.259,-35.947],[144.291,-35.984],[144.28,-36.013],[144.318,-36.05],[144.304,-36.061],[144.319,-36.101],[144.289,-36.129],[144.267,-36.225],[144.282,-36.328],[144.332,-36.328],[144.33,-36.385],[144.358,-36.385],[144.369,-36.408],[144.416,-36.396],[144.43,-36.411],[144.668,-36.407],[144.674,-36.426],[144.659,-36.44],[144.672,-36.457],[144.621,-36.481],[144.61,-36.517],[144.626,-36.527],[144.608,-36.529],[144.611,-36.556],[144.587,-36.558],[144.598,-36.575],[144.59,-36.595],[144.525,-36.66],[144.535,-36.688],[144.518,-36.725],[144.667,-36.725],[144.666,-36.763],[144.932,-36.748],[144.932,-36.7],[144.987,-36.7],[145.017,-36.669],[145.02,-36.682],[145.043,-36.682],[145.043,-36.651],[145.087,-36.675],[145.169,-36.675],[145.178,-36.701],[145.186,-36.686],[145.222,-36.687],[145.205,-36.655],[145.303,-36.642],[145.305,-36.613],[145.319,-36.612],[145.354,-36.556],[145.632,-36.563],[145.632,-36.499],[145.732,-36.499],[145.724,-36.425],[145.76,-36.43],[145.748,-36.402],[145.73,-36.4],[145.732,-36.344],[145.765,-36.349],[145.781,-36.299],[146.031,-36.299],[146.037,-36.255],[146.131,-36.255],[146.131,-36.187],[146.245,-36.182],[146.245,-36.167],[146.229,-36.167],[146.241,-36.133],[146.205,-36.126],[146.215,-36.089],[146.197,-36.086],[146.199,-36.047],[146.178,-36.051],[146.174,-36.02],[146.132,-36.02],[146.135,-36.003],[146.119,-36.018],[146.112,-36.007],[146.09,-36.011],[146.093,-36.021],[146.062,-36.016],[146.052,-35.995],[146.012,-36.006]]]},"properties":{"sa4_code_2021":"216","sa4_name_2021":"Shepparton"},"id":"216"},{"type":"Feature","geometry":{"type":"MultiPolygon","coordinates":[[[[143.154,-38.706],[143.233,-38.766],[143.357,-38.754],[143.429,-38.783],[143.511,-38.858],[143.554,-38.856],[143.616,-38.796],[143.666,-38.779],[143.682,-38.737],[143.84,-38.691],[143.946,-38.579],[143.825,-38.567],[143.852,-38.545],[143.855,-38.524],[143.835,-38.511],[143.879,-38.276],[143.834,-38.291],[143.841,-38.243],[143.88,-38.247],[143.889,-38.2],[143.915,-38.191],[143.923,-38.163],[143.901,-38.139],[143.81,-38.128],[143.828,-38.092],[143.819,-38.08],[143.83,-38.022],[143.629,-38.023],[143.656,-38.007],[143.612,-37.959],[143.479,-37.941],[143.477,-37.924],[143.443,-37.906],[143.441,-37.785],[143.465,-37.659],[143.354,-37.67],[143.304,-37.757],[143.272,-37.753],[143.267,-37.733],[143.242,-37.747],[143.18,-37.732],[143.166,-37.765],[143.108,-37.779],[143.095,-37.819],[143.106,-37.834],[143.076,-37.816],[143.031,-37.815],[143.035,-37.793],[143.013,-37.787],[143.007,-37.766],[142.879,-37.837],[142.879,-37.808],[142.861,-37.806],[142.842,-37.808],[142.84,-37.822],[142.758,-37.813],[142.702,-37.835],[142.615,-37.81],[142.59,-37.765],[142.619,-37.647],[142.587,-37.627],[142.353,-37.598],[142.379,-37.511],[142.478,-37.401],[142.516,-37.293],[142.423,-37.26],[142.241,-37.15],[142.206,-37.087],[142.188,-37.113],[142.114,-37.112],[142.109,-37.163],[142.092,-37.171],[142.079,-37.224],[142.0,-37.224],[141.913,-37.202],[141.936,-37.171],[141.911,-37.113],[141.909,-37.135],[141.841,-37.153],[141.84,-37.168],[141.811,-37.177],[141.801,-37.167],[141.725,-37.188],[141.672,-37.152],[141.615,-37.169],[141.597,-37.161],[141.576,-37.188],[141.492,-37.22],[141.49,-37.247],[141.531,-37.298],[141.432,-37.298],[141.432,-37.372],[141.218,-37.351],[141.28,-37.394],[141.264,-37.43],[141.168,-37.42],[141.097,-37.45],[140.973,-37.358],[140.966,-38.056],[141.15,-38.127],[141.295,-38.221],[141.392,-38.32],[141.398,-38.339],[141.366,-38.365],[141.374,-38.387],[141.413,-38.396],[141.407,-38.369],[141.461,-38.362],[141.519,-38.39],[141.521,-38.415],[141.543,-38.433],[141.573,-38.39],[141.626,-38.406],[141.628,-38.393],[141.65,-38.393],[141.602,-38.313],[141.68,-38.268],[141.742,-38.253],[141.93,-38.278],[142.146,-38.391],[142.245,-38.396],[142.262,-38.365],[142.372,-38.349],[142.472,-38.404],[142.492,-38.394],[142.563,-38.422],[142.858,-38.605],[142.937,-38.627],[143.021,-38.626],[143.154,-38.706]]],[[[142.009,-38.417],[141.993,-38.417],[141.999,-38.425],[142.009,-38.417]]],[[[143.047,-38.641],[143.048,-38.641],[143.047,-38.641],[143.047,-38.641]]],[[[143.062,-38.65],[143.066,-38.649],[143.064,-38.649],[143.062,-38.65]]],[[[143.069,-38.65],[143.071,-38.648],[143.069,-38.649],[143.069,-38.65]]],[[[143.072,-38.651],[143.073,-38.65],[143.072,-38.65],[143.072,-38.651]]],[[[143.057,-38.645],[143.057,-38.645],[143.057,-38.645],[143.057,-38.645]]],[[[143.022,-38.63],[143.023,-38.629],[143.022,-38.629],[143.022,-38.63]]],[[[143.403,-38.782],[143.403,-38.781],[143.403,-38.781],[143.403,-38.782]]],[[[143.265,-38.77],[143.266,-38.77],[143.265,-38.77],[143.265,-38.77]]],[[[143.074,-38.651],[143.075,-38.651],[143.074,-38.651],[143.074,-38.651]]],[[[143.076,-38.652],[143.077,-38.651],[143.077,-38.651],[143.076,-38.652]]],[[[143.075,-38.652],[143.076,-38.652],[143.075,-38.652],[143.075,-38.652]]],[[[143.075,-38.651],[143.075,-38.651],[143.076,-38.651],[143.075,-38.651]]],[[[143.084,-38.654],[143.083,-38.654],[143.084,-38.654],[143.084,-38.654]]],[[[143.082,-38.655],[143.081,-38.655],[143.082,-38.656],[143.082,-38.655]]],[[[143.088,-38.659],[143.088,-38.658],[143.088,-38.658],[143.088,-38.659]]],[[[143.095,-38.661],[143.096,-38.661],[143.096,-38.661],[143.095,-38.661]]],[[[143.101,-38.664],[143.101,-38.663],[143.101,-38.663],[143.101,-38.664]]],[[[143.103,-38.665],[143.103,-38.665],[143.103,-38.664],[143.103,-38.665]]],[[[143.108,-38.669],[143.108,-38.668],[143.108,-38.668],[143.108,-38.669]]],[[[143.107,-38.669],[143.107,-38.668],[143.107,-38.668],[143.107,-38.669]]],[[[143.1,-38.663],[143.1,-38.663],[143.1,-38.662],[143.1,-38.663]]]]},"properties":{"sa4_code_2021":"217","sa4_name_2021":"Warrnambool and South West"},"id":"217"},{"type":"Feature","geometry":null,"properties":{"sa4_code_2021":"297","sa4_name_2021":"Migratory - Offshore - Shipping (Vic.)","shape":null},"id":"297"},{"type":"Feature","geometry":null,"properties":{"sa4_code_2021":"299","sa4_name_2021":"No usual address (Vic.)","shape":null},"id":"299"},{"type":"Feature","geometry":{"type":"MultiPolygon","coordinates":[[[[153.26,-27.493],[153.24,-27.465],[153.228,-27.483],[153.192,-27.476],[153.165,-27.399],[153.183,-27.393],[153.202,-27.353],[153.189,-27.345],[153.156,-27.392],[153.164,-27.402],[153.089,-27.453],[153.126,-27.494],[153.123,-27.532],[153.168,-27.53],[153.19,-27.553],[153.172,-27.591],[153.184,-27.613],[153.174,-27.634],[153.281,-27.658],[153.282,-27.687],[153.308,-27.707],[153.323,-27.7],[153.301,-27.601],[153.318,-27.582],[153.281,-27.55],[153.291,-27.511],[153.262,-27.516],[153.26,-27.493]]],[[[153.222,-27.39],[153.238,-27.402],[153.239,-27.373],[153.222,-27.39]]],[[[153.235,-27.338],[153.253,-27.351],[153.271,-27.338],[153.248,-27.321],[153.235,-27.338]]],[[[153.232,-27.421],[153.226,-27.42],[153.235,-27.431],[153.232,-27.421]]],[[[153.291,-27.53],[153.295,-27.531],[153.291,-27.527],[153.291,-27.53]]],[[[153.344,-27.513],[153.373,-27.492],[153.339,-27.496],[153.344,-27.513]]],[[[153.319,-27.681],[153.339,-27.695],[153.333,-27.682],[153.319,-27.681]]],[[[153.327,-27.642],[153.329,-27.67],[153.341,-27.649],[153.327,-27.642]]],[[[153.355,-27.661],[153.354,-27.649],[153.356,-27.687],[153.355,-27.661]]],[[[153.323,-27.61],[153.325,-27.61],[153.325,-27.606],[153.323,-27.61]]],[[[153.323,-27.575],[153.335,-27.575],[153.338,-27.565],[153.323,-27.575]]],[[[153.335,-27.624],[153.352,-27.635],[153.339,-27.62],[153.335,-27.624]]],[[[153.336,-27.62],[153.341,-27.604],[153.333,-27.614],[153.336,-27.62]]],[[[153.356,-27.589],[153.347,-27.622],[153.362,-27.632],[153.376,-27.618],[153.368,-27.606],[153.36,-27.615],[153.368,-27.589],[153.356,-27.589]]],[[[153.395,-27.662],[153.411,-27.65],[153.402,-27.652],[153.395,-27.662]]],[[[153.413,-27.623],[153.421,-27.644],[153.399,-27.663],[153.393,-27.707],[153.423,-27.741],[153.44,-27.715],[153.438,-27.733],[153.454,-27.729],[153.481,-27.581],[153.547,-27.436],[153.483,-27.416],[153.455,-27.388],[153.439,-27.394],[153.423,-27.47],[153.398,-27.496],[153.413,-27.512],[153.413,-27.623]]],[[[153.189,-27.401],[153.184,-27.393],[153.178,-27.397],[153.189,-27.401]]],[[[153.384,-27.516],[153.384,-27.517],[153.385,-27.515],[153.384,-27.516]]],[[[153.382,-27.709],[153.398,-27.696],[153.388,-27.657],[153.416,-27.642],[153.404,-27.634],[153.365,-27.653],[153.379,-27.675],[153.366,-27.697],[153.382,-27.709]]],[[[153.375,-27.642],[153.386,-27.639],[153.36,-27.636],[153.375,-27.642]]],[[[153.381,-27.622],[153.372,-27.631],[153.39,-27.62],[153.381,-27.622]]]]},"properties":{"sa4_code_2021":"301","sa4_name_2021":"Brisbane - East"},"id":"301"},{"type":"Feature","geometry":{"type":"Polygon","coordinates":[[[153.059,-27.41],[153.077,-27.41],[153.07,-27.441],[153.108,-27.442],[153.141,-27.417],[153.161,-27.377],[153.156,-27.363],[153.083,-27.334],[153.066,-27.281],[153.043,-27.279],[153.034,-27.298],[153.016,-27.288],[153.014,-27.302],[152.997,-27.302],[152.975,-27.392],[152.991,-27.414],[153.024,-27.422],[153.059,-27.41]]]},"properties":{"sa4_code_2021":"302","sa4_name_2021":"Brisbane - North"},"id":"302"},{"type":"Feature","geometry":{"type":"Polygon","coordinates":[[[153.116,-27.487],[153.088,-27.458],[153.081,-27.486],[153.031,-27.484],[153.002,-27.509],[153.011,-27.52],[152.99,-27.527],[152.997,-27.549],[152.983,-27.558],[152.999,-27.614],[152.971,-27.638],[152.979,-27.646],[153.038,-27.66],[153.095,-27.645],[153.106,-27.593],[153.123,-27.587],[153.178,-27.606],[153.19,-27.553],[153.168,-27.53],[153.123,-27.532],[153.116,-27.487]]]},"properties":{"sa4_code_2021":"303","sa4_name_2021":"Brisbane - South"},"id":"303"},{"type":"Feature","geometry":{"type":"MultiPolygon","coordinates":[[[[152.99,-27.414],[152.925,-27.393],[152.897,-27.417],[152.849,-27.422],[152.8,-27.4],[152.828,-27.433],[152.81,-27.473],[152.843,-27.497],[152.857,-27.597],[152.874,-27.579],[152.906,-27.601],[152.894,-27.578],[152.903,-27.546],[152.939,-27.525],[152.974,-27.543],[152.971,-27.505],[153.009,-27.52],[152.998,-27.511],[153.019,-27.496],[152.97,-27.488],[152.981,-27.477],[152.958,-27.458],[153.0,-27.422],[152.99,-27.414]]],[[[152.95,-27.529],[152.929,-27.529],[152.895,-27.561],[152.962,-27.555],[152.95,-27.529]]],[[[152.991,-27.551],[152.996,-27.526],[152.972,-27.506],[152.971,-27.549],[152.991,-27.551]]]]},"properties":{"sa4_code_2021":"304","sa4_name_2021":"Brisbane - West"},"id":"304"},{"type":"Feature","geometry":{"type":"MultiPolygon","coordinates":[[[[153.035,-27.414],[153.005,-27.414],[152.963,-27.441],[152.958,-27.458],[152.981,-27.477],[152.97,-27.488],[152.993,-27.491],[153.014,-27.468],[153.03,-27.479],[153.034,-27.463],[153.053,-27.472],[153.047,-27.443],[153.078,-27.435],[153.077,-27.41],[153.035,-27.414]]],[[[153.037,-27.466],[153.032,-27.482],[153.016,-27.469],[152.996,-27.489],[153.078,-27.487],[153.09,-27.449],[153.053,-27.442],[153.057,-27.472],[153.037,-27.466]]]]},"properties":{"sa4_code_2021":"305","sa4_name_2021":"Brisbane Inner City"},"id":"305"},{"type":"Feature","geometry":{"type":"MultiPolygon","coordinates":[[[[146.079,-17.535],[146.061,-17.51],[146.059,-17.525],[146.033,-17.525],[146.028,-17.55],[146.033,-17.512],[146.056,-17.521],[146.052,-17.505],[146.077,-17.505],[146.065,-17.459],[146.073,-17.395],[146.021,-17.347],[145.972,-17.242],[145.949,-17.131],[145.889,-17.058],[145.901,-16.982],[145.934,-16.948],[145.93,-16.925],[145.955,-16.892],[145.916,-16.865],[145.906,-16.897],[145.87,-16.907],[145.849,-16.871],[145.793,-16.911],[145.779,-16.94],[145.783,-16.917],[145.762,-16.898],[145.775,-16.87],[145.725,-16.804],[145.683,-16.776],[145.671,-16.737],[145.582,-16.687],[145.47,-16.514],[145.469,-16.48],[145.411,-16.462],[145.418,-16.338],[145.449,-16.291],[145.489,-16.277],[145.469,-16.211],[145.443,-16.192],[145.477,-16.077],[145.451,-16.009],[145.409,-15.944],[145.366,-15.921],[145.353,-15.956],[145.287,-15.993],[145.317,-15.961],[145.32,-15.931],[145.289,-15.926],[145.285,-15.903],[145.255,-15.933],[145.246,-15.918],[145.202,-15.935],[145.161,-15.923],[145.14,-15.93],[145.136,-15.953],[145.103,-15.947],[145.073,-15.967],[145.068,-16.002],[145.091,-16.044],[145.085,-16.118],[145.045,-16.163],[145.009,-16.146],[144.989,-16.159],[144.986,-16.189],[145.016,-16.203],[145.02,-16.229],[145.054,-16.241],[145.061,-16.264],[145.134,-16.286],[145.14,-16.347],[145.214,-16.4],[145.209,-16.42],[145.243,-16.464],[145.27,-16.467],[145.258,-16.485],[145.296,-16.537],[145.354,-16.557],[145.385,-16.51],[145.411,-16.52],[145.446,-16.575],[145.449,-16.604],[145.436,-16.604],[145.449,-16.611],[145.447,-16.644],[145.489,-16.644],[145.471,-16.832],[145.495,-16.872],[145.453,-16.884],[145.482,-16.927],[145.448,-16.944],[145.428,-16.921],[145.418,-16.937],[145.368,-16.937],[145.385,-16.951],[145.394,-17.004],[145.373,-17.022],[145.395,-17.03],[145.4,-17.06],[145.381,-17.134],[145.414,-17.154],[145.408,-17.212],[145.436,-17.306],[145.397,-17.353],[145.36,-17.366],[145.359,-17.384],[145.311,-17.39],[145.306,-17.411],[145.259,-17.413],[145.23,-17.465],[145.224,-17.529],[145.184,-17.515],[145.155,-17.539],[145.128,-17.535],[145.058,-17.566],[145.048,-17.601],[145.021,-17.616],[144.994,-17.606],[144.973,-17.644],[144.975,-17.688],[144.951,-17.719],[144.966,-17.744],[144.938,-17.788],[144.914,-17.797],[144.895,-17.836],[144.907,-17.865],[144.881,-17.865],[144.868,-17.901],[144.877,-17.955],[144.856,-17.98],[144.877,-18.03],[144.864,-18.113],[144.79,-18.109],[144.762,-18.13],[144.741,-18.319],[144.76,-18.356],[144.855,-18.37],[144.837,-18.493],[144.881,-18.497],[144.878,-18.518],[144.924,-18.523],[144.922,-18.501],[144.952,-18.504],[144.951,-18.477],[144.962,-18.486],[144.969,-18.469],[144.981,-18.507],[145.048,-18.514],[145.054,-18.549],[145.101,-18.569],[145.128,-18.558],[145.134,-18.578],[145.182,-18.511],[145.173,-18.489],[145.186,-18.48],[145.183,-18.432],[145.161,-18.391],[145.134,-18.385],[145.134,-18.362],[145.156,-18.365],[145.167,-18.347],[145.268,-18.355],[145.26,-18.427],[145.287,-18.43],[145.279,-18.44],[145.384,-18.57],[145.494,-18.577],[145.5,-18.462],[145.715,-18.489],[145.708,-18.471],[145.731,-18.464],[145.755,-18.438],[145.756,-18.408],[145.769,-18.409],[145.76,-18.394],[145.792,-18.403],[145.809,-18.378],[145.826,-18.407],[145.88,-18.407],[145.947,-18.364],[145.962,-18.394],[146.036,-18.388],[146.086,-18.401],[146.101,-18.417],[146.092,-18.448],[146.12,-18.474],[146.12,-18.507],[146.187,-18.533],[146.23,-18.49],[146.215,-18.472],[146.189,-18.474],[146.2,-18.452],[146.168,-18.445],[146.141,-18.364],[146.108,-18.353],[146.019,-18.253],[146.008,-18.179],[146.008,-18.121],[146.041,-18.044],[146.074,-17.99],[146.101,-17.977],[146.098,-17.897],[146.12,-17.856],[146.107,-17.852],[146.091,-17.799],[146.113,-17.771],[146.113,-17.693],[146.149,-17.649],[146.133,-17.601],[146.115,-17.61],[146.128,-17.593],[146.079,-17.535]]],[[[145.495,-16.294],[145.507,-16.304],[145.499,-16.293],[145.495,-16.294]]],[[[145.57,-16.39],[145.572,-16.387],[145.569,-16.384],[145.57,-16.39]]],[[[145.558,-16.384],[145.562,-16.384],[145.563,-16.382],[145.558,-16.384]]],[[[145.568,-16.383],[145.567,-16.382],[145.566,-16.382],[145.568,-16.383]]],[[[145.447,-16.171],[145.448,-16.171],[145.448,-16.17],[145.447,-16.171]]],[[[146.017,-17.156],[146.005,-17.154],[146.012,-17.165],[146.017,-17.156]]],[[[146.006,-16.922],[146.007,-16.924],[146.008,-16.922],[146.006,-16.922]]],[[[145.973,-16.76],[145.977,-16.76],[145.971,-16.759],[145.973,-16.76]]],[[[146.005,-16.925],[145.991,-16.925],[145.986,-16.942],[146.005,-16.925]]],[[[145.901,-16.994],[145.902,-16.994],[145.901,-16.994],[145.901,-16.994]]],[[[145.896,-16.885],[145.894,-16.883],[145.896,-16.887],[145.896,-16.885]]],[[[146.157,-18.177],[146.192,-18.167],[146.161,-18.152],[146.157,-18.177]]],[[[146.304,-18.159],[146.307,-18.157],[146.302,-18.156],[146.304,-18.159]]],[[[146.289,-18.148],[146.289,-18.15],[146.294,-18.151],[146.289,-18.148]]],[[[146.288,-18.148],[146.287,-18.146],[146.287,-18.147],[146.288,-18.148]]],[[[146.278,-18.14],[146.287,-18.143],[146.282,-18.135],[146.278,-18.14]]],[[[146.202,-18.052],[146.205,-18.051],[146.199,-18.046],[146.202,-18.052]]],[[[146.15,-18.009],[146.152,-17.997],[146.141,-18.004],[146.15,-18.009]]],[[[146.133,-17.982],[146.138,-17.981],[146.133,-17.98],[146.133,-17.982]]],[[[146.094,-17.223],[146.095,-17.223],[146.094,-17.221],[146.094,-17.223]]],[[[146.145,-18.182],[146.142,-18.185],[146.144,-18.187],[146.145,-18.182]]],[[[146.197,-18.042],[146.199,-18.044],[146.199,-18.041],[146.197,-18.042]]],[[[146.167,-18.029],[146.17,-18.028],[146.166,-18.023],[146.167,-18.029]]],[[[146.136,-17.925],[146.136,-17.924],[146.135,-17.925],[146.136,-17.925]]],[[[146.157,-17.739],[146.164,-17.738],[146.158,-17.737],[146.157,-17.739]]],[[[146.178,-17.677],[146.182,-17.675],[146.177,-17.675],[146.178,-17.677]]],[[[146.174,-17.674],[146.175,-17.673],[146.173,-17.672],[146.174,-17.674]]],[[[146.168,-17.668],[146.168,-17.666],[146.168,-17.667],[146.168,-17.668]]],[[[146.173,-18.039],[146.182,-18.041],[146.177,-18.036],[146.173,-18.039]]],[[[146.198,-18.037],[146.202,-18.039],[146.203,-18.037],[146.198,-18.037]]],[[[146.227,-18.278],[146.241,-18.293],[146.238,-18.282],[146.227,-18.278]]],[[[146.159,-17.746],[146.161,-17.745],[146.16,-17.745],[146.159,-17.746]]],[[[146.171,-17.675],[146.167,-17.672],[146.168,-17.674],[146.171,-17.675]]],[[[146.209,-18.461],[146.19,-18.471],[146.206,-18.472],[146.209,-18.461]]],[[[146.218,-18.473],[146.219,-18.472],[146.218,-18.471],[146.218,-18.473]]],[[[146.328,-18.357],[146.331,-18.356],[146.328,-18.353],[146.328,-18.357]]],[[[146.153,-17.78],[146.154,-17.78],[146.154,-17.777],[146.153,-17.78]]],[[[146.158,-17.655],[146.16,-17.657],[146.156,-17.651],[146.158,-17.655]]],[[[146.189,-18.438],[146.177,-18.437],[146.171,-18.445],[146.189,-18.438]]],[[[146.176,-18.432],[146.179,-18.419],[146.171,-18.423],[146.176,-18.432]]],[[[146.179,-18.436],[146.187,-18.433],[146.184,-18.427],[146.179,-18.436]]],[[[146.326,-18.236],[146.326,-18.235],[146.325,-18.235],[146.326,-18.236]]],[[[146.172,-17.965],[146.174,-17.947],[146.152,-17.928],[146.134,-17.935],[146.172,-17.965]]],[[[146.139,-17.956],[146.142,-17.956],[146.142,-17.953],[146.139,-17.956]]],[[[146.172,-18.368],[146.145,-18.358],[146.179,-18.41],[146.172,-18.368]]],[[[146.183,-18.414],[146.193,-18.429],[146.179,-18.373],[146.183,-18.414]]],[[[146.179,-18.411],[146.168,-18.414],[146.174,-18.42],[146.179,-18.411]]],[[[145.679,-16.728],[145.688,-16.726],[145.686,-16.722],[145.679,-16.728]]],[[[145.695,-16.732],[145.696,-16.731],[145.695,-16.731],[145.695,-16.732]]],[[[146.093,-17.229],[146.096,-17.227],[146.092,-17.224],[146.093,-17.229]]],[[[146.08,-17.211],[146.079,-17.209],[146.078,-17.208],[146.08,-17.211]]],[[[146.202,-18.383],[146.201,-18.437],[146.224,-18.479],[146.301,-18.494],[146.328,-18.483],[146.329,-18.447],[146.358,-18.418],[146.324,-18.4],[146.34,-18.381],[146.331,-18.362],[146.306,-18.356],[146.275,-18.312],[146.306,-18.24],[146.251,-18.237],[146.223,-18.194],[146.216,-18.227],[146.247,-18.296],[146.127,-18.235],[146.071,-18.247],[146.101,-18.286],[146.152,-18.313],[146.202,-18.383]]],[[[146.044,-17.527],[146.046,-17.528],[146.048,-17.526],[146.044,-17.527]]],[[[146.077,-17.207],[146.078,-17.204],[146.075,-17.205],[146.077,-17.207]]]]},"properties":{"sa4_code_2021":"306","sa4_name_2021":"Cairns"},"id":"306"},{"type":"Feature","geometry":{"type":"Polygon","coordinates":[[[151.96,-28.567],[151.955,-28.519],[151.973,-28.505],[151.989,-28.526],[152.017,-28.525],[152.07,-28.469],[152.121,-28.463],[152.156,-28.435],[152.22,-28.448],[152.309,-28.363],[152.388,-28.367],[152.416,-28.335],[152.415,-28.298],[152.443,-28.298],[152.462,-28.26],[152.493,-28.243],[152.459,-28.227],[152.471,-28.195],[152.448,-28.189],[152.434,-28.131],[152.412,-28.114],[152.416,-28.07],[152.39,-28.059],[152.375,-28.012],[152.388,-27.972],[152.294,-27.956],[152.27,-27.969],[152.188,-27.924],[152.176,-27.887],[152.151,-27.877],[152.139,-27.78],[152.101,-27.765],[152.105,-27.746],[152.085,-27.76],[152.077,-27.729],[152.032,-27.716],[152.034,-27.703],[152.002,-27.703],[151.981,-27.678],[151.965,-27.707],[151.933,-27.696],[151.916,-27.736],[151.897,-27.732],[151.868,-27.766],[151.845,-27.763],[151.841,-27.785],[151.769,-27.735],[151.8,-27.688],[151.81,-27.625],[151.805,-27.605],[151.767,-27.6],[151.781,-27.547],[151.773,-27.531],[151.822,-27.528],[151.847,-27.492],[151.802,-27.472],[151.796,-27.449],[151.863,-27.443],[151.868,-27.391],[151.904,-27.391],[151.888,-27.369],[151.921,-27.366],[151.924,-27.39],[151.965,-27.398],[151.946,-27.385],[151.964,-27.366],[152.023,-27.35],[152.022,-27.395],[152.038,-27.41],[152.055,-27.413],[152.054,-27.392],[152.089,-27.397],[152.162,-27.447],[152.18,-27.407],[152.198,-27.409],[152.201,-27.322],[152.19,-27.32],[152.206,-27.292],[152.196,-27.272],[152.164,-27.289],[152.152,-27.269],[152.226,-27.229],[152.236,-27.204],[152.159,-27.206],[152.188,-27.169],[152.134,-27.142],[152.182,-27.09],[152.185,-27.061],[152.219,-27.078],[152.227,-27.061],[152.195,-27.057],[152.192,-27.027],[152.221,-27.022],[152.187,-27.007],[152.173,-26.989],[152.183,-26.978],[152.126,-26.955],[152.147,-26.899],[152.071,-26.927],[152.051,-26.919],[152.076,-26.861],[152.034,-26.854],[152.073,-26.818],[152.053,-26.767],[152.032,-26.783],[152.008,-26.769],[151.974,-26.806],[151.933,-26.801],[151.886,-26.879],[151.843,-26.898],[151.813,-26.933],[151.722,-26.947],[151.577,-26.88],[151.516,-26.799],[151.52,-26.767],[151.421,-26.746],[151.417,-26.698],[151.392,-26.684],[151.409,-26.661],[151.395,-26.639],[151.314,-26.591],[151.288,-26.545],[151.258,-26.548],[151.247,-26.527],[151.212,-26.514],[151.208,-26.479],[151.077,-26.463],[151.115,-26.379],[151.136,-26.263],[151.017,-26.256],[151.013,-26.192],[151.1,-26.16],[151.116,-26.141],[151.15,-26.16],[151.16,-26.121],[151.15,-26.105],[151.115,-26.119],[151.067,-26.085],[151.016,-26.077],[150.984,-26.008],[150.914,-26.004],[150.85,-26.056],[150.79,-26.049],[150.764,-25.982],[150.673,-25.97],[150.678,-25.889],[150.699,-25.856],[150.644,-25.786],[150.668,-25.758],[150.643,-25.716],[150.664,-25.684],[150.654,-25.66],[150.57,-25.638],[150.524,-25.645],[150.484,-25.606],[150.441,-25.602],[150.436,-25.661],[150.418,-25.675],[150.434,-25.734],[150.426,-25.774],[150.389,-25.815],[150.345,-25.818],[150.337,-25.79],[150.295,-25.78],[150.282,-25.779],[150.279,-25.796],[150.174,-25.78],[150.181,-25.805],[150.159,-25.819],[150.129,-25.818],[150.096,-25.794],[150.085,-25.812],[150.056,-25.813],[150.05,-25.84],[150.027,-25.83],[150.022,-25.865],[149.897,-25.815],[149.851,-25.837],[149.824,-25.828],[149.818,-25.852],[149.771,-25.852],[149.783,-25.891],[149.771,-25.906],[149.736,-25.85],[149.649,-25.894],[149.585,-25.886],[149.575,-25.944],[149.477,-25.934],[149.484,-25.892],[149.399,-25.876],[149.328,-25.925],[149.303,-25.966],[149.097,-25.948],[149.108,-25.873],[149.028,-25.804],[149.031,-25.77],[148.961,-25.79],[148.901,-25.76],[148.924,-25.74],[148.939,-25.686],[148.974,-25.713],[149.057,-25.669],[149.066,-25.647],[149.049,-25.647],[149.057,-25.625],[149.033,-25.641],[149.02,-25.604],[148.986,-25.613],[148.984,-25.589],[149.024,-25.56],[148.938,-25.459],[148.9,-25.472],[148.833,-25.46],[148.726,-25.401],[148.727,-25.343],[148.759,-25.311],[148.745,-25.28],[148.684,-25.282],[148.666,-25.311],[148.643,-25.284],[148.568,-25.25],[148.473,-25.245],[148.412,-25.26],[148.326,-25.21],[148.306,-25.212],[148.296,-25.165],[148.235,-25.101],[148.206,-25.079],[148.161,-25.084],[148.116,-25.023],[148.096,-25.017],[148.056,-24.914],[147.973,-24.882],[147.952,-24.883],[147.922,-24.92],[147.895,-24.918],[147.899,-24.94],[147.814,-24.97],[147.766,-25.034],[147.732,-25.037],[147.7,-25.012],[147.659,-25.004],[147.649,-25.077],[147.675,-25.08],[147.655,-25.231],[147.554,-25.219],[147.541,-25.312],[147.359,-25.291],[147.362,-25.322],[147.393,-25.354],[147.373,-25.374],[147.356,-25.501],[147.305,-25.495],[147.285,-25.641],[147.179,-25.629],[147.16,-25.781],[147.259,-25.792],[147.282,-25.916],[147.352,-25.929],[147.399,-25.97],[147.455,-25.98],[147.442,-26.013],[147.451,-26.081],[147.444,-26.134],[147.383,-26.134],[147.359,-26.156],[147.371,-26.183],[147.356,-26.239],[147.379,-26.241],[147.373,-26.287],[147.344,-26.283],[147.305,-26.528],[147.216,-26.528],[147.21,-26.574],[147.243,-26.577],[147.249,-26.595],[147.221,-26.743],[147.206,-26.967],[147.064,-26.956],[147.031,-27.083],[147.097,-27.1],[147.064,-27.245],[147.04,-27.475],[147.053,-27.476],[147.063,-27.566],[147.143,-27.575],[147.109,-27.818],[147.11,-27.896],[147.124,-27.898],[147.105,-27.995],[146.99,-27.99],[146.949,-28.263],[146.932,-28.261],[146.916,-28.354],[146.968,-28.36],[146.963,-28.506],[146.938,-28.56],[146.925,-28.724],[146.892,-28.721],[146.863,-28.854],[146.953,-28.861],[146.942,-28.997],[148.958,-28.999],[148.972,-28.978],[149.032,-28.957],[149.081,-28.842],[149.128,-28.836],[149.14,-28.807],[149.179,-28.803],[149.189,-28.775],[149.225,-28.765],[149.245,-28.739],[149.269,-28.743],[149.297,-28.71],[149.318,-28.714],[149.359,-28.684],[149.387,-28.696],[149.452,-28.595],[149.503,-28.574],[149.587,-28.573],[149.611,-28.601],[149.625,-28.594],[149.662,-28.61],[149.667,-28.632],[149.704,-28.634],[149.721,-28.609],[149.977,-28.614],[150.015,-28.581],[150.08,-28.584],[150.092,-28.564],[150.138,-28.565],[150.153,-28.55],[150.213,-28.574],[150.29,-28.537],[150.351,-28.575],[150.37,-28.621],[150.415,-28.634],[150.413,-28.65],[150.442,-28.664],[150.525,-28.654],[150.539,-28.66],[150.527,-28.669],[150.551,-28.672],[150.554,-28.653],[150.632,-28.677],[150.673,-28.65],[150.681,-28.662],[150.751,-28.634],[150.874,-28.694],[150.907,-28.689],[150.938,-28.731],[151.01,-28.741],[151.028,-28.762],[151.024,-28.793],[151.043,-28.802],[151.044,-28.844],[151.103,-28.837],[151.274,-28.938],[151.284,-29.007],[151.272,-29.03],[151.291,-29.051],[151.275,-29.076],[151.28,-29.102],[151.318,-29.138],[151.316,-29.166],[151.394,-29.178],[151.503,-29.07],[151.49,-29.057],[151.498,-29.021],[151.545,-28.953],[151.61,-28.923],[151.635,-28.93],[151.706,-28.872],[151.734,-28.871],[151.742,-28.919],[151.773,-28.938],[151.777,-28.959],[151.807,-28.945],[151.831,-28.962],[151.85,-28.908],[151.916,-28.929],[151.996,-28.895],[152.011,-28.907],[152.038,-28.864],[152.038,-28.852],[152.015,-28.85],[152.037,-28.818],[152.042,-28.732],[152.076,-28.708],[152.066,-28.681],[152.01,-28.665],[151.986,-28.582],[151.96,-28.567]]]},"properties":{"sa4_code_2021":"307","sa4_name_2021":"Darling Downs - Maranoa"},"id":"307"},{"type":"Feature","geometry":{"type":"MultiPolygon","coordinates":[[[[151.442,-24.077],[151.425,-24.046],[151.435,-24.026],[151.427,-23.988],[151.355,-23.936],[151.319,-23.874],[151.323,-23.855],[151.281,-23.856],[151.275,-23.836],[151.233,-23.816],[151.193,-23.827],[151.173,-23.816],[151.165,-23.796],[151.184,-23.793],[151.165,-23.763],[151.155,-23.779],[151.144,-23.77],[151.159,-23.748],[151.151,-23.728],[151.11,-23.704],[151.135,-23.698],[151.122,-23.671],[151.046,-23.628],[151.027,-23.572],[150.975,-23.555],[150.968,-23.605],[150.925,-23.623],[150.959,-23.6],[150.957,-23.55],[150.935,-23.544],[150.868,-23.577],[150.879,-23.542],[150.791,-23.506],[150.85,-23.507],[150.871,-23.481],[150.81,-23.407],[150.792,-23.322],[150.776,-23.323],[150.759,-23.3],[150.79,-23.31],[150.825,-23.28],[150.83,-23.255],[150.819,-23.222],[150.799,-23.228],[150.789,-23.208],[150.794,-23.162],[150.775,-23.165],[150.75,-23.129],[150.777,-22.962],[150.8,-22.933],[150.787,-22.922],[150.79,-22.866],[150.835,-22.684],[150.812,-22.68],[150.804,-22.647],[150.778,-22.639],[150.784,-22.529],[150.754,-22.524],[150.774,-22.552],[150.763,-22.552],[150.754,-22.589],[150.744,-22.585],[150.752,-22.622],[150.738,-22.624],[150.759,-22.627],[150.707,-22.636],[150.694,-22.606],[150.715,-22.633],[150.732,-22.623],[150.719,-22.6],[150.725,-22.563],[150.692,-22.554],[150.68,-22.573],[150.689,-22.545],[150.667,-22.523],[150.674,-22.501],[150.644,-22.474],[150.674,-22.495],[150.678,-22.473],[150.724,-22.519],[150.731,-22.485],[150.759,-22.469],[150.753,-22.446],[150.693,-22.431],[150.667,-22.347],[150.65,-22.369],[150.672,-22.403],[150.666,-22.454],[150.65,-22.439],[150.655,-22.422],[150.627,-22.442],[150.646,-22.424],[150.628,-22.421],[150.658,-22.414],[150.644,-22.391],[150.611,-22.389],[150.643,-22.38],[150.618,-22.348],[150.64,-22.364],[150.646,-22.346],[150.626,-22.328],[150.604,-22.335],[150.562,-22.317],[150.53,-22.402],[150.556,-22.431],[150.54,-22.427],[150.539,-22.443],[150.59,-22.464],[150.533,-22.45],[150.556,-22.477],[150.593,-22.476],[150.602,-22.486],[150.587,-22.488],[150.608,-22.501],[150.552,-22.484],[150.598,-22.559],[150.592,-22.575],[150.552,-22.566],[150.56,-22.603],[150.547,-22.576],[150.537,-22.59],[150.549,-22.617],[150.53,-22.602],[150.544,-22.574],[150.53,-22.581],[150.515,-22.557],[150.538,-22.572],[150.545,-22.561],[150.492,-22.521],[150.498,-22.56],[150.484,-22.534],[150.451,-22.523],[150.449,-22.535],[150.384,-22.465],[150.301,-22.421],[150.301,-22.398],[150.217,-22.394],[150.206,-22.369],[150.177,-22.36],[150.192,-22.325],[150.157,-22.305],[150.152,-22.26],[150.11,-22.233],[150.082,-22.152],[150.066,-22.153],[150.044,-22.125],[149.956,-22.185],[149.917,-22.276],[149.927,-22.345],[149.913,-22.343],[150.003,-22.53],[150.047,-22.661],[149.991,-22.602],[149.963,-22.539],[149.888,-22.493],[149.85,-22.416],[149.809,-22.382],[149.784,-22.38],[149.772,-22.42],[149.66,-22.501],[149.631,-22.544],[149.64,-22.585],[149.627,-22.582],[149.625,-22.598],[149.566,-22.594],[149.518,-22.623],[149.463,-22.597],[149.459,-22.631],[149.424,-22.647],[149.389,-22.616],[149.377,-22.659],[149.391,-22.685],[149.432,-22.702],[149.449,-22.741],[149.427,-22.772],[149.435,-22.828],[149.413,-22.857],[149.369,-22.878],[149.33,-22.876],[149.33,-22.899],[149.287,-22.956],[149.237,-22.976],[149.199,-23.05],[149.044,-23.059],[149.025,-23.081],[148.976,-23.095],[148.974,-23.125],[148.991,-23.13],[149.006,-23.167],[148.953,-23.208],[148.948,-23.241],[148.926,-23.246],[148.925,-23.262],[148.879,-23.248],[148.856,-23.266],[148.845,-23.289],[148.869,-23.319],[148.866,-23.356],[148.826,-23.379],[148.781,-23.351],[148.759,-23.381],[148.736,-23.348],[148.712,-23.354],[148.712,-23.386],[148.672,-23.421],[148.706,-23.435],[148.635,-23.477],[148.634,-23.51],[148.612,-23.54],[148.581,-23.531],[148.571,-23.552],[148.525,-23.55],[148.523,-23.505],[148.573,-23.469],[148.55,-23.407],[148.57,-23.379],[148.55,-23.347],[148.503,-23.33],[148.512,-23.289],[148.582,-23.234],[148.565,-23.222],[148.624,-23.149],[148.562,-23.116],[148.588,-23.071],[148.6,-23.003],[148.585,-23.001],[148.581,-22.972],[148.554,-22.975],[148.543,-22.959],[148.553,-22.942],[148.542,-22.877],[148.458,-22.867],[148.325,-22.95],[148.275,-22.876],[148.371,-22.791],[148.374,-22.767],[148.343,-22.725],[148.239,-22.74],[148.231,-22.777],[148.176,-22.79],[148.064,-22.739],[148.061,-22.71],[148.023,-22.693],[148.013,-22.654],[147.985,-22.704],[147.913,-22.719],[147.895,-22.762],[147.794,-22.801],[147.755,-22.856],[147.703,-22.886],[147.694,-22.915],[147.641,-22.926],[147.618,-22.894],[147.602,-22.895],[147.582,-22.963],[147.555,-22.976],[147.553,-23.009],[147.504,-22.986],[147.497,-23.001],[147.52,-23.028],[147.484,-23.047],[147.479,-23.091],[147.354,-23.19],[147.287,-23.193],[147.261,-23.21],[147.261,-23.245],[147.288,-23.279],[147.28,-23.299],[147.295,-23.322],[147.25,-23.455],[147.273,-23.469],[147.284,-23.525],[147.219,-23.551],[147.22,-23.594],[147.198,-23.609],[147.212,-23.639],[147.195,-23.746],[147.2,-23.773],[147.23,-23.787],[147.238,-23.811],[147.228,-23.832],[147.241,-23.903],[147.203,-23.94],[147.179,-23.943],[147.163,-23.973],[147.184,-24.005],[147.183,-24.086],[147.11,-24.093],[146.99,-24.161],[146.956,-24.164],[146.953,-24.207],[146.927,-24.257],[146.935,-24.291],[146.874,-24.338],[146.864,-24.369],[146.814,-24.377],[146.802,-24.407],[146.73,-24.419],[146.722,-24.385],[146.689,-24.374],[146.66,-24.403],[146.572,-24.413],[146.596,-24.453],[146.621,-24.458],[146.626,-24.494],[146.68,-24.573],[146.667,-24.591],[146.739,-24.629],[146.758,-24.663],[146.774,-24.663],[146.787,-24.626],[146.8,-24.621],[146.809,-24.639],[146.834,-24.624],[146.861,-24.587],[146.887,-24.597],[146.894,-24.64],[146.933,-24.675],[146.942,-24.704],[146.882,-24.762],[146.903,-24.805],[147.092,-24.814],[147.089,-24.846],[147.139,-24.849],[147.137,-24.883],[147.296,-24.896],[147.322,-24.87],[147.481,-24.878],[147.508,-24.821],[147.558,-24.819],[147.561,-24.834],[147.579,-24.836],[147.59,-24.818],[147.647,-24.8],[147.647,-24.773],[147.68,-24.774],[147.735,-24.73],[147.824,-24.735],[147.854,-24.78],[147.917,-24.821],[147.916,-24.846],[147.952,-24.883],[148.056,-24.914],[148.096,-25.017],[148.116,-25.023],[148.161,-25.084],[148.206,-25.079],[148.235,-25.101],[148.296,-25.165],[148.306,-25.212],[148.326,-25.21],[148.412,-25.26],[148.473,-25.245],[148.568,-25.25],[148.643,-25.284],[148.666,-25.311],[148.684,-25.282],[148.745,-25.28],[148.759,-25.311],[148.727,-25.343],[148.726,-25.401],[148.833,-25.46],[148.9,-25.472],[148.938,-25.459],[149.024,-25.56],[148.984,-25.589],[148.986,-25.613],[149.02,-25.604],[149.035,-25.642],[149.046,-25.624],[149.061,-25.628],[149.049,-25.642],[149.066,-25.647],[149.057,-25.669],[148.974,-25.713],[148.939,-25.686],[148.924,-25.74],[148.901,-25.76],[148.961,-25.79],[149.031,-25.77],[149.028,-25.804],[149.108,-25.873],[149.097,-25.948],[149.303,-25.966],[149.328,-25.925],[149.399,-25.876],[149.484,-25.892],[149.477,-25.934],[149.575,-25.944],[149.584,-25.887],[149.649,-25.894],[149.736,-25.85],[149.771,-25.906],[149.783,-25.891],[149.771,-25.852],[149.821,-25.85],[149.824,-25.828],[149.851,-25.837],[149.898,-25.815],[150.022,-25.865],[150.027,-25.83],[150.05,-25.84],[150.056,-25.813],[150.085,-25.812],[150.096,-25.794],[150.141,-25.823],[150.181,-25.805],[150.174,-25.78],[150.279,-25.796],[150.282,-25.779],[150.295,-25.78],[150.337,-25.79],[150.341,-25.815],[150.361,-25.818],[150.418,-25.789],[150.434,-25.734],[150.418,-25.675],[150.436,-25.661],[150.443,-25.622],[150.437,-25.606],[150.402,-25.598],[150.412,-25.567],[150.392,-25.532],[150.402,-25.503],[150.385,-25.503],[150.37,-25.476],[150.405,-25.431],[150.391,-25.419],[150.402,-25.414],[150.396,-25.391],[150.418,-25.372],[150.407,-25.362],[150.417,-25.331],[150.443,-25.321],[150.444,-25.282],[150.459,-25.278],[150.472,-25.19],[150.502,-25.193],[150.508,-25.174],[150.557,-25.162],[150.557,-25.134],[150.579,-25.112],[150.556,-25.094],[150.553,-24.986],[150.54,-24.961],[150.606,-24.799],[150.587,-24.731],[150.656,-24.693],[150.874,-24.721],[150.883,-24.678],[150.911,-24.65],[150.898,-24.631],[150.868,-24.631],[150.819,-24.604],[150.826,-24.555],[150.881,-24.552],[150.973,-24.576],[150.97,-24.552],[150.981,-24.549],[150.964,-24.508],[151.005,-24.395],[151.044,-24.394],[151.057,-24.428],[151.093,-24.444],[151.114,-24.475],[151.153,-24.461],[151.169,-24.479],[151.152,-24.527],[151.162,-24.55],[151.229,-24.528],[151.218,-24.575],[151.23,-24.628],[151.193,-24.637],[151.229,-24.638],[151.254,-24.666],[151.275,-24.654],[151.302,-24.668],[151.315,-24.647],[151.345,-24.646],[151.371,-24.609],[151.407,-24.615],[151.442,-24.578],[151.433,-24.563],[151.457,-24.571],[151.478,-24.536],[151.505,-24.594],[151.542,-24.617],[151.542,-24.646],[151.515,-24.67],[151.531,-24.696],[151.565,-24.71],[151.595,-24.7],[151.639,-24.73],[151.679,-24.696],[151.745,-24.772],[151.751,-24.736],[151.798,-24.745],[151.843,-24.792],[151.863,-24.786],[151.893,-24.743],[151.923,-24.739],[151.928,-24.709],[151.962,-24.703],[151.961,-24.676],[151.991,-24.681],[151.996,-24.644],[151.959,-24.641],[151.958,-24.616],[151.986,-24.611],[151.989,-24.591],[151.959,-24.587],[151.999,-24.516],[152.032,-24.53],[152.058,-24.512],[152.006,-24.434],[151.943,-24.24],[151.906,-24.208],[151.886,-24.149],[151.869,-24.19],[151.879,-24.194],[151.849,-24.218],[151.876,-24.172],[151.836,-24.177],[151.793,-24.126],[151.771,-24.13],[151.787,-24.118],[151.765,-24.016],[151.738,-24.003],[151.745,-24.032],[151.716,-24.087],[151.705,-24.04],[151.73,-24.022],[151.644,-23.977],[151.611,-23.979],[151.604,-24.009],[151.63,-24.013],[151.638,-23.997],[151.638,-24.033],[151.677,-24.05],[151.686,-24.067],[151.665,-24.06],[151.682,-24.104],[151.635,-24.056],[151.61,-24.043],[151.583,-24.05],[151.574,-24.036],[151.555,-24.07],[151.58,-24.087],[151.56,-24.074],[151.564,-24.111],[151.553,-24.082],[151.545,-24.113],[151.548,-24.089],[151.525,-24.089],[151.527,-24.06],[151.501,-24.045],[151.544,-24.029],[151.441,-23.992],[151.442,-24.016],[151.475,-24.034],[151.494,-24.067],[151.466,-24.072],[151.443,-24.026],[151.442,-24.077]]],[[[150.101,-22.029],[150.101,-22.028],[150.101,-22.028],[150.101,-22.029]]],[[[149.831,-22.026],[149.831,-22.024],[149.828,-22.024],[149.831,-22.026]]],[[[150.127,-21.952],[150.127,-21.949],[150.125,-21.951],[150.127,-21.952]]],[[[150.121,-21.95],[150.12,-21.947],[150.118,-21.947],[150.121,-21.95]]],[[[150.099,-21.94],[150.099,-21.939],[150.099,-21.939],[150.099,-21.94]]],[[[150.125,-21.942],[150.128,-21.936],[150.12,-21.939],[150.125,-21.942]]],[[[150.111,-21.932],[150.119,-21.915],[150.108,-21.922],[150.111,-21.932]]],[[[150.222,-21.92],[150.222,-21.919],[150.221,-21.918],[150.222,-21.92]]],[[[149.914,-22.305],[149.92,-22.307],[149.916,-22.303],[149.914,-22.305]]],[[[149.888,-22.268],[149.892,-22.264],[149.887,-22.265],[149.888,-22.268]]],[[[149.849,-22.149],[149.853,-22.146],[149.85,-22.146],[149.849,-22.149]]],[[[149.988,-22.059],[149.989,-22.052],[149.986,-22.056],[149.988,-22.059]]],[[[150.098,-22.047],[150.098,-22.045],[150.097,-22.046],[150.098,-22.047]]],[[[149.841,-22.035],[149.844,-22.034],[149.844,-22.033],[149.841,-22.035]]],[[[150.098,-22.032],[150.099,-22.031],[150.098,-22.031],[150.098,-22.032]]],[[[150.294,-22.027],[150.303,-22.024],[150.29,-22.024],[150.294,-22.027]]],[[[149.825,-22.017],[149.825,-22.014],[149.824,-22.015],[149.825,-22.017]]],[[[150.379,-22.0],[150.375,-21.999],[150.384,-22.003],[150.379,-22.0]]],[[[149.805,-21.987],[149.82,-21.996],[149.809,-21.982],[149.805,-21.987]]],[[[150.188,-21.984],[150.189,-21.982],[150.188,-21.983],[150.188,-21.984]]],[[[149.878,-21.982],[149.879,-21.981],[149.878,-21.979],[149.878,-21.982]]],[[[150.195,-21.979],[150.194,-21.978],[150.194,-21.978],[150.195,-21.979]]],[[[150.382,-21.973],[150.383,-21.972],[150.38,-21.971],[150.382,-21.973]]],[[[149.894,-21.971],[149.895,-21.971],[149.893,-21.97],[149.894,-21.971]]],[[[150.199,-21.965],[150.198,-21.966],[150.199,-21.967],[150.199,-21.965]]],[[[150.134,-21.957],[150.133,-21.954],[150.132,-21.955],[150.134,-21.957]]],[[[149.972,-22.038],[149.975,-22.034],[149.969,-22.036],[149.972,-22.038]]],[[[149.88,-22.259],[149.895,-22.258],[149.878,-22.254],[149.88,-22.259]]],[[[149.869,-22.148],[149.869,-22.144],[149.862,-22.145],[149.869,-22.148]]],[[[150.383,-22.013],[150.388,-22.016],[150.383,-22.009],[150.383,-22.013]]],[[[150.376,-22.009],[150.38,-22.008],[150.379,-22.006],[150.376,-22.009]]],[[[150.164,-22.013],[150.164,-22.011],[150.163,-22.011],[150.164,-22.013]]],[[[150.143,-21.994],[150.143,-21.993],[150.142,-21.993],[150.143,-21.994]]],[[[150.362,-22.018],[150.374,-22.023],[150.367,-22.011],[150.362,-22.018]]],[[[149.915,-22.312],[149.919,-22.311],[149.919,-22.31],[149.915,-22.312]]],[[[149.892,-22.243],[149.901,-22.236],[149.889,-22.237],[149.892,-22.243]]],[[[149.846,-22.008],[149.862,-22.013],[149.881,-21.994],[149.846,-22.008]]],[[[150.125,-21.994],[150.14,-21.998],[150.13,-21.988],[150.125,-21.994]]],[[[149.894,-21.997],[149.894,-21.995],[149.892,-21.996],[149.894,-21.997]]],[[[150.185,-21.979],[150.152,-21.971],[150.169,-22.004],[150.185,-21.979]]],[[[150.141,-21.979],[150.15,-21.961],[150.141,-21.957],[150.141,-21.979]]],[[[150.156,-21.971],[150.156,-21.969],[150.154,-21.969],[150.156,-21.971]]],[[[150.155,-21.985],[150.154,-21.983],[150.153,-21.984],[150.155,-21.985]]],[[[150.143,-21.982],[150.142,-21.983],[150.143,-21.983],[150.143,-21.982]]],[[[149.908,-22.478],[149.909,-22.47],[149.898,-22.462],[149.908,-22.478]]],[[[149.965,-22.477],[149.974,-22.492],[149.966,-22.474],[149.965,-22.477]]],[[[149.914,-22.23],[149.899,-22.26],[149.911,-22.254],[149.914,-22.23]]],[[[149.879,-22.252],[149.893,-22.251],[149.881,-22.234],[149.879,-22.252]]],[[[149.92,-22.2],[149.932,-22.187],[149.927,-22.175],[149.92,-22.2]]],[[[149.93,-22.16],[149.935,-22.166],[149.931,-22.156],[149.93,-22.16]]],[[[149.939,-22.224],[149.941,-22.213],[149.937,-22.218],[149.939,-22.224]]],[[[149.937,-22.142],[149.943,-22.138],[149.942,-22.134],[149.937,-22.142]]],[[[149.873,-22.208],[149.877,-22.204],[149.871,-22.204],[149.873,-22.208]]],[[[149.874,-22.232],[149.876,-22.231],[149.869,-22.23],[149.874,-22.232]]],[[[149.933,-22.206],[149.933,-22.201],[149.932,-22.202],[149.933,-22.206]]],[[[149.94,-22.23],[149.942,-22.228],[149.941,-22.225],[149.94,-22.23]]],[[[149.929,-22.26],[149.93,-22.256],[149.928,-22.259],[149.929,-22.26]]],[[[150.09,-22.178],[150.09,-22.177],[150.089,-22.178],[150.09,-22.178]]],[[[150.094,-22.187],[150.094,-22.186],[150.093,-22.186],[150.094,-22.187]]],[[[149.862,-22.17],[149.879,-22.204],[149.866,-22.222],[149.901,-22.233],[149.93,-22.134],[149.908,-22.053],[149.882,-22.068],[149.862,-22.17]]],[[[150.014,-22.106],[149.937,-22.145],[149.943,-22.171],[150.021,-22.127],[150.014,-22.11],[150.04,-22.111],[150.014,-22.106]]],[[[149.913,-22.06],[149.915,-22.059],[149.914,-22.057],[149.913,-22.06]]],[[[150.051,-22.131],[150.052,-22.13],[150.051,-22.13],[150.051,-22.131]]],[[[150.059,-22.132],[150.059,-22.131],[150.058,-22.131],[150.059,-22.132]]],[[[150.015,-22.626],[150.019,-22.623],[150.014,-22.618],[150.015,-22.626]]],[[[150.01,-22.617],[150.012,-22.614],[150.009,-22.615],[150.01,-22.617]]],[[[150.013,-22.627],[150.014,-22.629],[150.013,-22.623],[150.013,-22.627]]],[[[150.67,-22.094],[150.677,-22.091],[150.67,-22.083],[150.67,-22.094]]],[[[150.649,-22.028],[150.649,-22.027],[150.648,-22.026],[150.649,-22.028]]],[[[150.646,-22.004],[150.643,-22.01],[150.648,-22.009],[150.646,-22.004]]],[[[150.668,-21.991],[150.671,-21.993],[150.668,-21.988],[150.668,-21.991]]],[[[150.684,-21.96],[150.698,-21.953],[150.686,-21.946],[150.684,-21.96]]],[[[150.703,-21.953],[150.703,-21.951],[150.701,-21.951],[150.703,-21.953]]],[[[150.691,-21.942],[150.692,-21.94],[150.691,-21.941],[150.691,-21.942]]],[[[150.691,-21.939],[150.692,-21.938],[150.691,-21.939],[150.691,-21.939]]],[[[150.814,-23.356],[150.812,-23.358],[150.818,-23.358],[150.814,-23.356]]],[[[150.805,-23.173],[150.805,-23.172],[150.804,-23.173],[150.805,-23.173]]],[[[150.845,-22.684],[150.841,-22.686],[150.848,-22.685],[150.845,-22.684]]],[[[150.711,-22.626],[150.712,-22.626],[150.711,-22.625],[150.711,-22.626]]],[[[150.775,-22.482],[150.776,-22.481],[150.773,-22.477],[150.775,-22.482]]],[[[150.761,-22.47],[150.762,-22.468],[150.76,-22.468],[150.761,-22.47]]],[[[150.764,-22.449],[150.763,-22.448],[150.762,-22.448],[150.764,-22.449]]],[[[150.833,-23.287],[150.835,-23.287],[150.835,-23.286],[150.833,-23.287]]],[[[150.731,-22.427],[150.732,-22.426],[150.731,-22.426],[150.731,-22.427]]],[[[150.738,-22.611],[150.735,-22.607],[150.738,-22.617],[150.738,-22.611]]],[[[150.737,-22.609],[150.737,-22.608],[150.736,-22.607],[150.737,-22.609]]],[[[150.746,-22.412],[150.749,-22.413],[150.745,-22.409],[150.746,-22.412]]],[[[150.741,-22.403],[150.74,-22.404],[150.743,-22.406],[150.741,-22.403]]],[[[150.828,-23.524],[150.837,-23.528],[150.831,-23.52],[150.828,-23.524]]],[[[150.816,-23.519],[150.822,-23.522],[150.816,-23.518],[150.816,-23.519]]],[[[150.661,-22.34],[150.663,-22.335],[150.657,-22.33],[150.661,-22.34]]],[[[150.718,-22.34],[150.719,-22.338],[150.718,-22.339],[150.718,-22.34]]],[[[150.659,-22.343],[150.659,-22.343],[150.659,-22.342],[150.659,-22.343]]],[[[150.667,-22.346],[150.667,-22.345],[150.667,-22.345],[150.667,-22.346]]],[[[150.715,-22.339],[150.715,-22.338],[150.714,-22.338],[150.715,-22.339]]],[[[150.735,-22.44],[150.736,-22.438],[150.736,-22.436],[150.735,-22.44]]],[[[150.729,-22.433],[150.73,-22.43],[150.728,-22.432],[150.729,-22.433]]],[[[150.757,-22.479],[150.758,-22.478],[150.756,-22.476],[150.757,-22.479]]],[[[150.753,-22.455],[150.752,-22.454],[150.752,-22.454],[150.753,-22.455]]],[[[150.797,-22.562],[150.797,-22.564],[150.8,-22.565],[150.797,-22.562]]],[[[150.681,-22.571],[150.683,-22.572],[150.679,-22.566],[150.681,-22.571]]],[[[150.689,-22.559],[150.691,-22.557],[150.689,-22.557],[150.689,-22.559]]],[[[150.679,-22.564],[150.681,-22.562],[150.679,-22.562],[150.679,-22.564]]],[[[150.77,-22.518],[150.772,-22.518],[150.771,-22.517],[150.77,-22.518]]],[[[151.05,-23.431],[151.05,-23.426],[151.049,-23.427],[151.05,-23.431]]],[[[151.155,-23.405],[151.163,-23.397],[151.145,-23.398],[151.155,-23.405]]],[[[151.277,-23.534],[151.278,-23.532],[151.276,-23.533],[151.277,-23.534]]],[[[151.086,-23.154],[151.085,-23.155],[151.086,-23.155],[151.086,-23.154]]],[[[151.078,-23.154],[151.069,-23.161],[151.079,-23.163],[151.078,-23.154]]],[[[151.272,-23.537],[151.272,-23.535],[151.27,-23.535],[151.272,-23.537]]],[[[151.104,-23.481],[151.099,-23.477],[151.101,-23.479],[151.104,-23.481]]],[[[151.317,-23.765],[151.319,-23.765],[151.318,-23.764],[151.317,-23.765]]],[[[151.186,-23.497],[151.174,-23.498],[151.207,-23.505],[151.186,-23.497]]],[[[151.099,-23.483],[151.103,-23.482],[151.1,-23.481],[151.099,-23.483]]],[[[151.256,-23.787],[151.262,-23.792],[151.259,-23.78],[151.256,-23.787]]],[[[151.255,-23.809],[151.257,-23.807],[151.255,-23.803],[151.255,-23.809]]],[[[151.263,-23.798],[151.265,-23.802],[151.264,-23.796],[151.263,-23.798]]],[[[151.227,-23.802],[151.23,-23.802],[151.229,-23.799],[151.227,-23.802]]],[[[151.245,-23.813],[151.247,-23.812],[151.245,-23.808],[151.245,-23.813]]],[[[151.242,-23.804],[151.243,-23.804],[151.241,-23.802],[151.242,-23.804]]],[[[151.227,-23.814],[151.226,-23.813],[151.225,-23.813],[151.227,-23.814]],[[151.284,-23.805],[151.286,-23.819],[151.282,-23.801],[151.284,-23.805]]],[[[151.336,-23.83],[151.338,-23.836],[151.342,-23.826],[151.336,-23.83]]],[[[151.216,-23.819],[151.219,-23.821],[151.223,-23.818],[151.216,-23.819]]],[[[151.364,-23.859],[151.374,-23.881],[151.394,-23.865],[151.333,-23.754],[151.328,-23.798],[151.337,-23.825],[151.361,-23.824],[151.364,-23.859]]],[[[151.336,-23.839],[151.339,-23.84],[151.337,-23.838],[151.336,-23.839]]],[[[151.382,-23.878],[151.382,-23.878],[151.383,-23.877],[151.382,-23.878]]],[[[152.3,-23.801],[152.302,-23.801],[152.3,-23.8],[152.3,-23.801]]],[[[151.726,-23.537],[151.72,-23.538],[151.732,-23.539],[151.726,-23.537]]],[[[152.091,-23.508],[152.092,-23.506],[152.09,-23.506],[152.091,-23.508]]],[[[151.771,-23.503],[151.773,-23.502],[151.77,-23.502],[151.771,-23.503]]],[[[151.916,-23.441],[151.91,-23.442],[151.919,-23.443],[151.916,-23.441]]],[[[151.956,-23.334],[151.958,-23.333],[151.96,-23.331],[151.956,-23.334]]],[[[151.915,-23.306],[151.917,-23.304],[151.915,-23.304],[151.915,-23.306]]],[[[151.707,-23.301],[151.717,-23.295],[151.701,-23.295],[151.707,-23.301]]],[[[151.775,-23.249],[151.783,-23.246],[151.78,-23.245],[151.775,-23.249]]],[[[152.713,-24.118],[152.718,-24.116],[152.717,-24.109],[152.713,-24.118]]],[[[152.39,-23.909],[152.394,-23.909],[152.395,-23.905],[152.39,-23.909]]],[[[152.366,-23.864],[152.367,-23.863],[152.366,-23.862],[152.366,-23.864]]],[[[152.373,-23.857],[152.381,-23.853],[152.379,-23.852],[152.373,-23.857]]],[[[152.287,-23.807],[152.289,-23.809],[152.293,-23.805],[152.287,-23.807]]],[[[152.368,-23.858],[152.369,-23.858],[152.368,-23.856],[152.368,-23.858]]],[[[151.537,-24.083],[151.548,-24.078],[151.542,-24.075],[151.537,-24.083]]],[[[151.652,-24.047],[151.664,-24.048],[151.661,-24.043],[151.652,-24.047]]],[[[151.656,-24.043],[151.653,-24.036],[151.644,-24.037],[151.656,-24.043]]],[[[151.634,-24.025],[151.635,-24.023],[151.624,-24.022],[151.634,-24.025]]],[[[151.663,-24.052],[151.666,-24.051],[151.665,-24.05],[151.663,-24.052]]],[[[151.728,-24.045],[151.725,-24.046],[151.723,-24.049],[151.728,-24.045]]],[[[151.674,-24.054],[151.673,-24.055],[151.677,-24.056],[151.674,-24.054]]],[[[151.728,-24.062],[151.729,-24.061],[151.727,-24.06],[151.728,-24.062]]],[[[151.626,-24.017],[151.626,-24.014],[151.625,-24.016],[151.626,-24.017]]],[[[151.737,-24.034],[151.737,-24.032],[151.736,-24.033],[151.737,-24.034]]],[[[151.67,-24.055],[151.67,-24.053],[151.669,-24.054],[151.67,-24.055]]],[[[151.733,-24.018],[151.733,-24.017],[151.732,-24.017],[151.733,-24.018]]],[[[151.871,-24.168],[151.876,-24.168],[151.88,-24.163],[151.871,-24.168]]],[[[150.325,-22.428],[150.325,-22.427],[150.324,-22.427],[150.325,-22.428]]],[[[150.297,-22.242],[150.304,-22.25],[150.323,-22.236],[150.297,-22.242]]],[[[150.252,-22.365],[150.262,-22.371],[150.283,-22.352],[150.252,-22.365]]],[[[150.202,-22.323],[150.207,-22.318],[150.202,-22.318],[150.202,-22.323]]],[[[150.228,-22.309],[150.23,-22.308],[150.229,-22.306],[150.228,-22.309]]],[[[150.23,-22.287],[150.228,-22.285],[150.228,-22.287],[150.23,-22.287]]],[[[150.313,-22.329],[150.314,-22.328],[150.313,-22.327],[150.313,-22.329]]],[[[150.303,-22.309],[150.303,-22.308],[150.302,-22.308],[150.303,-22.309]]],[[[150.259,-22.342],[150.26,-22.341],[150.259,-22.341],[150.259,-22.342]]],[[[150.24,-22.31],[150.24,-22.309],[150.24,-22.309],[150.24,-22.31]]],[[[150.289,-22.236],[150.288,-22.236],[150.289,-22.236],[150.289,-22.236]]],[[[150.272,-22.226],[150.261,-22.227],[150.272,-22.231],[150.272,-22.226]]],[[[150.359,-22.19],[150.36,-22.19],[150.359,-22.187],[150.359,-22.19]]],[[[150.359,-22.195],[150.362,-22.194],[150.359,-22.193],[150.359,-22.195]]],[[[150.332,-22.228],[150.332,-22.226],[150.331,-22.227],[150.332,-22.228]]],[[[150.373,-22.207],[150.374,-22.207],[150.373,-22.205],[150.373,-22.207]]],[[[150.334,-22.227],[150.335,-22.227],[150.334,-22.226],[150.334,-22.227]]],[[[150.37,-22.215],[150.37,-22.216],[150.371,-22.216],[150.37,-22.215]]],[[[150.335,-22.231],[150.335,-22.23],[150.334,-22.23],[150.335,-22.231]]],[[[150.586,-21.983],[150.587,-21.981],[150.586,-21.981],[150.586,-21.983]]],[[[150.854,-23.534],[150.865,-23.528],[150.838,-23.521],[150.854,-23.534]]],[[[150.938,-23.347],[150.939,-23.343],[150.933,-23.341],[150.938,-23.347]]],[[[151.304,-23.759],[151.315,-23.759],[151.287,-23.684],[151.248,-23.657],[151.226,-23.609],[151.235,-23.484],[151.217,-23.518],[151.183,-23.541],[151.193,-23.527],[151.183,-23.521],[151.202,-23.512],[151.155,-23.511],[151.087,-23.48],[151.073,-23.488],[151.081,-23.467],[151.057,-23.448],[151.017,-23.452],[151.012,-23.475],[150.978,-23.488],[151.033,-23.57],[151.048,-23.623],[151.13,-23.669],[151.216,-23.797],[151.245,-23.794],[151.245,-23.768],[151.257,-23.779],[151.263,-23.749],[151.275,-23.753],[151.263,-23.775],[151.276,-23.765],[151.265,-23.778],[151.285,-23.797],[151.287,-23.768],[151.304,-23.759]]],[[[150.852,-23.513],[150.865,-23.517],[150.872,-23.506],[150.852,-23.513]]],[[[150.97,-23.217],[150.973,-23.209],[150.965,-23.215],[150.97,-23.217]]],[[[150.884,-23.278],[150.893,-23.281],[150.886,-23.275],[150.884,-23.278]]],[[[150.879,-23.243],[150.875,-23.24],[150.871,-23.242],[150.879,-23.243]]],[[[150.85,-23.317],[150.851,-23.316],[150.848,-23.315],[150.85,-23.317]]],[[[150.925,-23.302],[150.923,-23.303],[150.924,-23.306],[150.925,-23.302]]],[[[150.923,-23.302],[150.924,-23.301],[150.92,-23.3],[150.923,-23.302]]],[[[150.869,-23.246],[150.87,-23.245],[150.871,-23.244],[150.869,-23.246]]],[[[150.94,-23.198],[150.978,-23.183],[150.988,-23.192],[150.976,-23.149],[150.951,-23.171],[150.933,-23.168],[150.94,-23.198]]],[[[150.907,-23.085],[150.892,-23.054],[150.885,-23.077],[150.907,-23.085]]],[[[150.925,-23.169],[150.914,-23.162],[150.919,-23.169],[150.925,-23.169]]],[[[150.994,-22.732],[150.999,-22.734],[150.992,-22.726],[150.994,-22.732]]],[[[150.906,-23.155],[150.908,-23.151],[150.9,-23.151],[150.906,-23.155]]],[[[150.9,-23.095],[150.907,-23.09],[150.902,-23.09],[150.9,-23.095]]],[[[150.888,-23.05],[150.89,-23.048],[150.886,-23.048],[150.888,-23.05]]],[[[150.963,-22.655],[150.96,-22.655],[150.959,-22.658],[150.963,-22.655]]],[[[150.97,-23.197],[150.972,-23.202],[150.972,-23.197],[150.97,-23.197]]],[[[150.899,-23.1],[150.901,-23.098],[150.897,-23.098],[150.899,-23.1]]],[[[150.954,-23.065],[150.954,-23.063],[150.953,-23.063],[150.954,-23.065]]],[[[150.877,-23.038],[150.879,-23.037],[150.878,-23.036],[150.877,-23.038]]],[[[150.881,-23.047],[150.881,-23.046],[150.879,-23.046],[150.881,-23.047]]],[[[150.449,-22.04],[150.452,-22.037],[150.451,-22.032],[150.449,-22.04]]],[[[150.496,-22.553],[150.5,-22.55],[150.497,-22.541],[150.496,-22.553]]],[[[150.515,-22.379],[150.506,-22.38],[150.516,-22.383],[150.515,-22.379]]],[[[150.444,-22.515],[150.449,-22.517],[150.443,-22.513],[150.444,-22.515]]],[[[150.535,-22.423],[150.534,-22.423],[150.537,-22.428],[150.535,-22.423]]],[[[150.438,-22.512],[150.439,-22.51],[150.437,-22.508],[150.438,-22.512]]],[[[150.448,-22.521],[150.449,-22.52],[150.447,-22.519],[150.448,-22.521]]],[[[150.537,-22.431],[150.538,-22.429],[150.536,-22.43],[150.537,-22.431]]],[[[150.404,-22.495],[150.407,-22.493],[150.406,-22.493],[150.404,-22.495]]],[[[150.449,-22.523],[150.451,-22.521],[150.449,-22.522],[150.449,-22.523]]],[[[150.446,-22.521],[150.446,-22.519],[150.445,-22.518],[150.446,-22.521]]],[[[150.532,-22.384],[150.533,-22.383],[150.531,-22.383],[150.532,-22.384]]],[[[150.452,-22.521],[150.452,-22.521],[150.452,-22.521],[150.452,-22.521]]],[[[150.472,-22.286],[150.463,-22.301],[150.5,-22.303],[150.478,-22.321],[150.49,-22.325],[150.476,-22.335],[150.486,-22.35],[150.523,-22.334],[150.528,-22.317],[150.543,-22.321],[150.544,-22.3],[150.561,-22.295],[150.535,-22.275],[150.52,-22.225],[150.489,-22.207],[150.47,-22.222],[150.496,-22.235],[150.492,-22.255],[150.478,-22.255],[150.5,-22.27],[150.475,-22.261],[150.472,-22.286]]],[[[150.421,-22.295],[150.431,-22.272],[150.463,-22.259],[150.464,-22.225],[150.44,-22.233],[150.421,-22.295]]],[[[150.518,-22.373],[150.529,-22.374],[150.521,-22.367],[150.518,-22.373]]],[[[150.45,-22.32],[150.45,-22.315],[150.443,-22.312],[150.45,-22.32]]],[[[150.456,-22.311],[150.454,-22.308],[150.45,-22.306],[150.456,-22.311]]],[[[150.465,-22.335],[150.463,-22.34],[150.465,-22.339],[150.465,-22.335]]],[[[150.44,-22.207],[150.44,-22.205],[150.438,-22.205],[150.44,-22.207]]],[[[150.539,-22.267],[150.542,-22.266],[150.539,-22.265],[150.539,-22.267]]],[[[150.425,-22.25],[150.427,-22.249],[150.425,-22.249],[150.425,-22.25]]],[[[150.474,-22.206],[150.473,-22.207],[150.473,-22.206],[150.474,-22.206]]],[[[150.628,-22.328],[150.628,-22.327],[150.627,-22.327],[150.628,-22.328]]],[[[150.45,-22.324],[150.45,-22.323],[150.449,-22.323],[150.45,-22.324]]],[[[150.528,-22.376],[150.529,-22.376],[150.528,-22.375],[150.528,-22.376]]],[[[151.469,-24.063],[151.471,-24.063],[151.47,-24.061],[151.469,-24.063]]],[[[151.461,-24.058],[151.459,-24.057],[151.458,-24.059],[151.461,-24.058]]],[[[151.47,-24.066],[151.468,-24.065],[151.468,-24.067],[151.47,-24.066]]],[[[151.461,-24.062],[151.461,-24.06],[151.46,-24.06],[151.461,-24.062]]],[[[151.434,-24.052],[151.435,-24.036],[151.427,-24.044],[151.434,-24.052]],[[151.47,-24.045],[151.475,-24.054],[151.464,-24.037],[151.47,-24.045]]],[[[151.457,-24.05],[151.461,-24.056],[151.46,-24.039],[151.457,-24.05]]],[[[151.43,-24.051],[151.433,-24.053],[151.431,-24.051],[151.43,-24.051]]]]},"properties":{"sa4_code_2021":"308","sa4_name_2021":"Central Queensland"},"id":"308"},{"type":"Feature","geometry":{"type":"MultiPolygon","coordinates":[[[[153.467,-28.109],[153.436,-28.033],[153.434,-27.935],[153.421,-27.941],[153.426,-27.999],[153.415,-27.999],[153.401,-27.872],[153.379,-27.874],[153.382,-27.891],[153.358,-27.893],[153.349,-27.919],[153.342,-27.895],[153.381,-27.889],[153.382,-27.86],[153.366,-27.851],[153.385,-27.874],[153.402,-27.864],[153.395,-27.84],[153.379,-27.843],[153.386,-27.827],[153.369,-27.802],[153.35,-27.8],[153.427,-27.779],[153.439,-27.736],[153.412,-27.741],[153.392,-27.708],[153.357,-27.712],[153.348,-27.695],[153.304,-27.715],[153.293,-27.692],[153.234,-27.694],[153.234,-27.711],[153.213,-27.715],[153.233,-27.724],[153.201,-27.74],[153.193,-27.78],[153.169,-27.801],[153.183,-27.821],[153.151,-27.85],[153.158,-27.859],[153.138,-27.852],[153.104,-27.868],[153.106,-27.911],[153.085,-27.932],[153.094,-27.962],[153.115,-27.955],[153.143,-27.978],[153.139,-28.021],[153.096,-28.071],[153.123,-28.185],[153.101,-28.177],[153.107,-28.201],[153.092,-28.186],[153.066,-28.191],[153.088,-28.198],[153.083,-28.225],[153.095,-28.22],[153.093,-28.248],[153.111,-28.256],[153.101,-28.293],[153.026,-28.31],[153.037,-28.333],[153.008,-28.341],[153.108,-28.358],[153.125,-28.318],[153.168,-28.295],[153.177,-28.25],[153.233,-28.265],[153.28,-28.233],[153.357,-28.249],[153.477,-28.157],[153.535,-28.178],[153.552,-28.164],[153.515,-28.161],[153.467,-28.109]]],[[[153.44,-27.74],[153.449,-27.738],[153.445,-27.734],[153.44,-27.74]]],[[[153.305,-27.714],[153.31,-27.713],[153.302,-27.712],[153.305,-27.714]]],[[[153.403,-27.865],[153.403,-27.864],[153.403,-27.864],[153.403,-27.865]]],[[[153.402,-27.829],[153.403,-27.829],[153.402,-27.829],[153.402,-27.829]]],[[[153.409,-27.812],[153.41,-27.811],[153.41,-27.81],[153.409,-27.812]]],[[[153.41,-27.85],[153.408,-27.848],[153.409,-27.851],[153.41,-27.85]]],[[[153.407,-27.851],[153.408,-27.85],[153.407,-27.848],[153.407,-27.851]]],[[[153.411,-27.9],[153.412,-27.9],[153.411,-27.899],[153.411,-27.9]]],[[[153.404,-27.821],[153.405,-27.82],[153.404,-27.819],[153.404,-27.821]]],[[[153.319,-27.708],[153.311,-27.71],[153.317,-27.709],[153.319,-27.708]]],[[[153.415,-27.866],[153.416,-27.868],[153.416,-27.867],[153.415,-27.866]]],[[[153.413,-27.813],[153.419,-27.811],[153.418,-27.807],[153.413,-27.813]]],[[[153.421,-27.808],[153.422,-27.804],[153.42,-27.806],[153.421,-27.808]]],[[[153.414,-27.803],[153.414,-27.802],[153.414,-27.802],[153.414,-27.803]]],[[[153.417,-27.88],[153.422,-27.879],[153.416,-27.869],[153.417,-27.88]]],[[[153.418,-27.935],[153.412,-27.931],[153.416,-27.94],[153.418,-27.935]]],[[[153.413,-27.905],[153.41,-27.899],[153.413,-27.908],[153.413,-27.905]]],[[[153.415,-27.899],[153.415,-27.899],[153.414,-27.9],[153.415,-27.899]]],[[[153.421,-27.869],[153.428,-27.934],[153.44,-27.751],[153.407,-27.834],[153.421,-27.869]]],[[[153.416,-27.792],[153.416,-27.795],[153.425,-27.784],[153.416,-27.792]]],[[[153.414,-27.81],[153.422,-27.794],[153.414,-27.804],[153.414,-27.81]]],[[[153.438,-27.769],[153.436,-27.769],[153.434,-27.771],[153.438,-27.769]]],[[[153.429,-27.781],[153.43,-27.782],[153.431,-27.781],[153.429,-27.781]]],[[[153.415,-27.797],[153.416,-27.798],[153.417,-27.797],[153.415,-27.797]]],[[[153.415,-27.801],[153.416,-27.798],[153.415,-27.798],[153.415,-27.801]]],[[[153.436,-27.772],[153.437,-27.771],[153.436,-27.772],[153.436,-27.772]]],[[[153.416,-27.786],[153.416,-27.786],[153.416,-27.786],[153.416,-27.786]]],[[[153.401,-27.878],[153.41,-27.868],[153.4,-27.869],[153.401,-27.878]]],[[[153.401,-27.888],[153.404,-27.887],[153.401,-27.884],[153.401,-27.888]]],[[[153.396,-27.833],[153.382,-27.836],[153.396,-27.84],[153.396,-27.833]]],[[[153.4,-27.858],[153.403,-27.863],[153.402,-27.859],[153.4,-27.858]]],[[[153.383,-27.831],[153.392,-27.832],[153.387,-27.829],[153.383,-27.831]]],[[[153.402,-27.828],[153.404,-27.827],[153.402,-27.825],[153.402,-27.828]]],[[[153.393,-27.829],[153.392,-27.83],[153.393,-27.831],[153.393,-27.829]]],[[[153.401,-27.829],[153.399,-27.827],[153.399,-27.828],[153.401,-27.829]]],[[[153.4,-27.824],[153.401,-27.825],[153.4,-27.824],[153.4,-27.824]]],[[[153.4,-27.823],[153.402,-27.823],[153.4,-27.822],[153.4,-27.823]]],[[[153.385,-27.825],[153.384,-27.825],[153.385,-27.826],[153.385,-27.825]]],[[[153.396,-27.831],[153.397,-27.831],[153.396,-27.831],[153.396,-27.831]]],[[[153.386,-27.786],[153.373,-27.812],[153.384,-27.82],[153.412,-27.791],[153.386,-27.786]]],[[[153.388,-27.821],[153.382,-27.823],[153.397,-27.829],[153.388,-27.821]]],[[[153.399,-27.819],[153.402,-27.821],[153.408,-27.81],[153.399,-27.819]]],[[[153.373,-27.802],[153.373,-27.807],[153.381,-27.802],[153.373,-27.802]]],[[[153.356,-27.799],[153.361,-27.8],[153.363,-27.798],[153.356,-27.799]]],[[[153.384,-27.8],[153.387,-27.799],[153.384,-27.796],[153.384,-27.8]]]]},"properties":{"sa4_code_2021":"309","sa4_name_2021":"Gold Coast"},"id":"309"},{"type":"Feature","geometry":{"type":"Polygon","coordinates":[[[152.971,-27.549],[152.904,-27.566],[152.905,-27.602],[152.874,-27.579],[152.856,-27.596],[152.843,-27.497],[152.81,-27.473],[152.828,-27.431],[152.775,-27.401],[152.76,-27.364],[152.772,-27.343],[152.749,-27.332],[152.754,-27.295],[152.704,-27.293],[152.705,-27.277],[152.684,-27.272],[152.702,-27.203],[152.739,-27.151],[152.734,-27.102],[152.679,-27.095],[152.677,-27.056],[152.649,-27.069],[152.6,-27.059],[152.57,-27.094],[152.525,-27.093],[152.507,-27.051],[152.513,-26.996],[152.424,-26.991],[152.424,-27.007],[152.36,-27.011],[152.356,-27.023],[152.311,-27.012],[152.299,-27.063],[152.257,-27.073],[152.251,-27.103],[152.185,-27.061],[152.182,-27.09],[152.134,-27.142],[152.188,-27.169],[152.159,-27.206],[152.236,-27.204],[152.226,-27.229],[152.152,-27.269],[152.164,-27.289],[152.196,-27.272],[152.206,-27.292],[152.19,-27.32],[152.201,-27.322],[152.192,-27.387],[152.261,-27.393],[152.263,-27.416],[152.291,-27.4],[152.305,-27.427],[152.296,-27.475],[152.346,-27.484],[152.316,-27.525],[152.319,-27.543],[152.341,-27.532],[152.349,-27.557],[152.333,-27.573],[152.313,-27.564],[152.309,-27.617],[152.283,-27.632],[152.292,-27.703],[152.311,-27.726],[152.298,-27.73],[152.292,-27.787],[152.315,-27.813],[152.311,-27.873],[152.389,-27.974],[152.375,-28.013],[152.39,-28.059],[152.416,-28.07],[152.412,-28.113],[152.434,-28.131],[152.442,-28.179],[152.471,-28.195],[152.459,-28.227],[152.482,-28.23],[152.488,-28.253],[152.534,-28.263],[152.526,-28.306],[152.58,-28.339],[152.613,-28.27],[152.63,-28.305],[152.667,-28.312],[152.648,-28.291],[152.654,-28.267],[152.69,-28.263],[152.721,-28.237],[152.725,-28.199],[152.75,-28.178],[152.727,-28.146],[152.746,-28.14],[152.719,-28.123],[152.747,-28.104],[152.754,-28.061],[152.777,-28.063],[152.767,-28.05],[152.816,-28.025],[152.781,-27.983],[152.877,-27.937],[152.876,-27.91],[152.897,-27.908],[152.907,-27.884],[152.929,-27.887],[152.924,-27.863],[152.952,-27.858],[152.931,-27.84],[152.835,-27.87],[152.799,-27.839],[152.827,-27.81],[152.822,-27.785],[152.803,-27.786],[152.808,-27.759],[152.883,-27.747],[152.891,-27.704],[152.924,-27.707],[152.942,-27.626],[152.971,-27.638],[152.998,-27.615],[152.983,-27.558],[152.993,-27.551],[152.971,-27.549]]]},"properties":{"sa4_code_2021":"310","sa4_name_2021":"Ipswich"},"id":"310"},{"type":"Feature","geometry":{"type":"Polygon","coordinates":[[[153.208,-27.645],[153.174,-27.634],[153.184,-27.613],[153.156,-27.592],[153.124,-27.587],[153.106,-27.593],[153.095,-27.645],[153.059,-27.657],[152.998,-27.654],[152.942,-27.626],[152.923,-27.708],[152.891,-27.704],[152.873,-27.753],[152.829,-27.747],[152.808,-27.759],[152.803,-27.786],[152.822,-27.785],[152.827,-27.81],[152.799,-27.839],[152.819,-27.865],[152.931,-27.84],[152.952,-27.858],[152.924,-27.863],[152.929,-27.887],[152.907,-27.884],[152.897,-27.908],[152.876,-27.91],[152.877,-27.937],[152.78,-27.984],[152.816,-28.025],[152.767,-28.05],[152.777,-28.063],[152.754,-28.061],[152.747,-28.104],[152.719,-28.123],[152.746,-28.14],[152.727,-28.146],[152.75,-28.18],[152.725,-28.199],[152.715,-28.244],[152.654,-28.267],[152.648,-28.291],[152.674,-28.326],[152.757,-28.364],[152.777,-28.346],[152.804,-28.354],[152.849,-28.311],[152.88,-28.31],[152.934,-28.338],[153.008,-28.34],[153.037,-28.333],[153.026,-28.31],[153.101,-28.293],[153.111,-28.256],[153.093,-28.248],[153.095,-28.22],[153.083,-28.225],[153.088,-28.198],[153.066,-28.191],[153.092,-28.186],[153.107,-28.201],[153.101,-28.177],[153.123,-28.185],[153.096,-28.071],[153.139,-28.021],[153.143,-27.978],[153.115,-27.955],[153.103,-27.967],[153.085,-27.954],[153.106,-27.911],[153.101,-27.872],[153.138,-27.852],[153.158,-27.859],[153.151,-27.85],[153.183,-27.82],[153.169,-27.801],[153.193,-27.78],[153.198,-27.746],[153.233,-27.724],[153.213,-27.715],[153.234,-27.711],[153.234,-27.694],[153.29,-27.688],[153.281,-27.658],[153.208,-27.645]]]},"properties":{"sa4_code_2021":"311","sa4_name_2021":"Logan - Beaudesert"},"id":"311"},{"type":"Feature","geometry":{"type":"MultiPolygon","coordinates":[[[[149.164,-21.031],[149.158,-21.0],[149.116,-21.002],[149.089,-20.976],[149.015,-20.992],[149.032,-20.958],[149.015,-20.935],[149.061,-20.928],[149.046,-20.903],[149.005,-20.912],[148.995,-20.892],[148.971,-20.9],[148.951,-20.876],[148.915,-20.892],[148.89,-20.878],[148.885,-20.849],[148.877,-20.875],[148.845,-20.876],[148.839,-20.825],[148.795,-20.813],[148.818,-20.802],[148.815,-20.791],[148.841,-20.791],[148.781,-20.762],[148.778,-20.732],[148.731,-20.717],[148.733,-20.688],[148.706,-20.671],[148.727,-20.633],[148.7,-20.64],[148.69,-20.599],[148.662,-20.586],[148.715,-20.495],[148.68,-20.441],[148.736,-20.482],[148.764,-20.48],[148.784,-20.452],[148.756,-20.419],[148.786,-20.43],[148.794,-20.454],[148.791,-20.415],[148.814,-20.421],[148.821,-20.444],[148.824,-20.426],[148.821,-20.497],[148.845,-20.503],[148.857,-20.528],[148.885,-20.523],[148.899,-20.545],[148.93,-20.534],[148.884,-20.488],[148.911,-20.479],[148.903,-20.467],[148.88,-20.472],[148.839,-20.431],[148.84,-20.392],[148.816,-20.385],[148.831,-20.384],[148.841,-20.352],[148.826,-20.338],[148.818,-20.354],[148.807,-20.343],[148.816,-20.321],[148.792,-20.321],[148.769,-20.3],[148.766,-20.287],[148.786,-20.293],[148.802,-20.278],[148.778,-20.274],[148.769,-20.236],[148.752,-20.236],[148.753,-20.262],[148.734,-20.254],[148.739,-20.282],[148.716,-20.263],[148.673,-20.282],[148.685,-20.241],[148.679,-20.231],[148.663,-20.247],[148.661,-20.217],[148.678,-20.179],[148.653,-20.216],[148.639,-20.171],[148.63,-20.22],[148.601,-20.211],[148.62,-20.177],[148.599,-20.201],[148.583,-20.198],[148.598,-20.166],[148.57,-20.17],[148.58,-20.134],[148.555,-20.114],[148.563,-20.067],[148.513,-20.093],[148.452,-20.059],[148.444,-20.111],[148.479,-20.118],[148.435,-20.168],[148.342,-20.153],[148.278,-20.1],[148.284,-20.077],[148.231,-20.045],[148.24,-20.023],[148.267,-20.024],[148.26,-19.975],[148.239,-19.984],[148.22,-19.956],[148.186,-19.944],[148.165,-19.958],[148.113,-19.941],[148.08,-19.882],[148.026,-19.894],[147.992,-19.928],[147.923,-19.912],[147.865,-19.851],[147.846,-19.728],[147.822,-19.709],[147.753,-19.706],[147.761,-19.727],[147.745,-19.769],[147.769,-19.792],[147.765,-19.837],[147.71,-19.841],[147.711,-19.824],[147.681,-19.832],[147.663,-19.811],[147.602,-19.799],[147.54,-19.813],[147.537,-19.833],[147.508,-19.851],[147.51,-19.873],[147.491,-19.871],[147.467,-20.096],[147.386,-20.087],[147.389,-20.069],[147.32,-20.052],[147.302,-20.015],[147.273,-20.028],[147.295,-20.069],[147.274,-20.124],[147.309,-20.222],[147.3,-20.318],[147.348,-20.397],[147.341,-20.425],[147.298,-20.447],[147.301,-20.504],[147.279,-20.555],[147.241,-20.584],[147.215,-20.577],[147.18,-20.605],[147.156,-20.652],[147.112,-20.636],[147.079,-20.653],[147.062,-20.627],[147.036,-20.629],[147.015,-20.606],[146.976,-20.62],[146.986,-20.662],[146.961,-20.684],[146.961,-20.74],[146.92,-20.757],[146.91,-20.787],[146.853,-20.809],[146.866,-20.886],[146.853,-20.919],[146.884,-20.998],[146.86,-21.031],[146.849,-21.101],[146.883,-21.17],[146.866,-21.191],[146.891,-21.222],[146.95,-21.24],[146.966,-21.279],[146.959,-21.3],[146.879,-21.37],[146.875,-21.397],[146.912,-21.454],[146.835,-21.574],[146.834,-21.643],[146.651,-21.609],[146.657,-21.583],[146.492,-21.566],[146.484,-21.68],[146.396,-21.663],[146.341,-21.57],[146.347,-21.518],[146.151,-21.5],[146.132,-21.514],[146.093,-21.51],[146.069,-21.809],[146.127,-21.814],[146.118,-21.901],[146.211,-21.908],[146.201,-22.008],[146.072,-21.997],[146.067,-22.027],[146.039,-22.023],[146.031,-22.105],[146.074,-22.123],[146.052,-22.339],[146.122,-22.347],[146.109,-22.446],[146.276,-22.463],[146.269,-22.509],[146.33,-22.495],[146.383,-22.521],[146.429,-22.488],[146.452,-22.499],[146.439,-22.549],[146.424,-22.547],[146.401,-22.756],[146.548,-22.769],[146.525,-22.804],[146.56,-22.878],[146.578,-22.89],[146.646,-22.883],[146.684,-22.946],[146.753,-22.984],[146.788,-23.037],[146.789,-23.127],[146.864,-23.175],[146.884,-23.22],[146.855,-23.305],[146.933,-23.315],[146.94,-23.26],[146.976,-23.263],[147.079,-23.28],[147.075,-23.307],[147.159,-23.326],[147.162,-23.34],[147.287,-23.351],[147.288,-23.279],[147.261,-23.245],[147.261,-23.21],[147.287,-23.193],[147.354,-23.19],[147.479,-23.091],[147.484,-23.047],[147.52,-23.028],[147.497,-23.001],[147.504,-22.986],[147.553,-23.009],[147.555,-22.976],[147.582,-22.963],[147.605,-22.892],[147.641,-22.926],[147.694,-22.915],[147.703,-22.886],[147.755,-22.856],[147.794,-22.801],[147.895,-22.762],[147.913,-22.719],[147.985,-22.704],[148.013,-22.654],[148.023,-22.693],[148.061,-22.71],[148.064,-22.739],[148.176,-22.79],[148.231,-22.777],[148.239,-22.74],[148.343,-22.725],[148.374,-22.767],[148.371,-22.791],[148.275,-22.876],[148.325,-22.95],[148.458,-22.867],[148.542,-22.877],[148.553,-22.942],[148.543,-22.959],[148.554,-22.975],[148.581,-22.972],[148.585,-23.001],[148.6,-23.003],[148.588,-23.071],[148.562,-23.116],[148.624,-23.149],[148.565,-23.222],[148.582,-23.234],[148.512,-23.289],[148.503,-23.33],[148.55,-23.347],[148.57,-23.379],[148.55,-23.407],[148.573,-23.469],[148.523,-23.505],[148.525,-23.55],[148.571,-23.552],[148.581,-23.531],[148.612,-23.54],[148.634,-23.51],[148.635,-23.477],[148.706,-23.435],[148.672,-23.421],[148.712,-23.386],[148.712,-23.354],[148.736,-23.348],[148.759,-23.381],[148.781,-23.351],[148.826,-23.379],[148.866,-23.356],[148.869,-23.319],[148.845,-23.289],[148.856,-23.266],[148.879,-23.248],[148.925,-23.262],[148.926,-23.246],[148.948,-23.241],[148.953,-23.208],[149.006,-23.167],[148.991,-23.13],[148.974,-23.125],[148.976,-23.095],[149.025,-23.081],[149.044,-23.059],[149.199,-23.05],[149.237,-22.976],[149.287,-22.956],[149.33,-22.899],[149.33,-22.876],[149.369,-22.878],[149.413,-22.857],[149.435,-22.828],[149.427,-22.772],[149.449,-22.741],[149.432,-22.702],[149.391,-22.685],[149.377,-22.659],[149.389,-22.616],[149.424,-22.647],[149.459,-22.631],[149.463,-22.597],[149.518,-22.623],[149.566,-22.594],[149.625,-22.598],[149.627,-22.582],[149.64,-22.585],[149.632,-22.543],[149.66,-22.501],[149.752,-22.436],[149.747,-22.387],[149.767,-22.373],[149.731,-22.348],[149.711,-22.37],[149.684,-22.345],[149.658,-22.355],[149.573,-22.231],[149.554,-22.187],[149.567,-22.172],[149.517,-22.075],[149.523,-22.027],[149.49,-21.99],[149.465,-21.926],[149.472,-21.839],[149.458,-21.818],[149.434,-21.818],[149.431,-21.746],[149.422,-21.772],[149.425,-21.743],[149.457,-21.73],[149.436,-21.722],[149.48,-21.743],[149.471,-21.708],[149.449,-21.713],[149.456,-21.68],[149.439,-21.641],[149.486,-21.571],[149.485,-21.532],[149.468,-21.535],[149.458,-21.553],[149.472,-21.56],[149.457,-21.556],[149.443,-21.593],[149.45,-21.578],[149.422,-21.575],[149.444,-21.578],[149.438,-21.554],[149.414,-21.546],[149.4,-21.56],[149.399,-21.541],[149.374,-21.535],[149.396,-21.493],[149.35,-21.509],[149.357,-21.496],[149.34,-21.475],[149.309,-21.497],[149.327,-21.505],[149.29,-21.504],[149.274,-21.478],[149.298,-21.471],[149.298,-21.426],[149.338,-21.427],[149.331,-21.41],[149.295,-21.416],[149.276,-21.401],[149.276,-21.389],[149.317,-21.393],[149.315,-21.354],[149.291,-21.318],[149.299,-21.273],[149.274,-21.278],[149.256,-21.245],[149.198,-21.296],[149.201,-21.277],[149.179,-21.285],[149.214,-21.242],[149.202,-21.213],[149.174,-21.198],[149.196,-21.211],[149.2,-21.159],[149.215,-21.145],[149.153,-21.143],[149.199,-21.138],[149.197,-21.126],[149.222,-21.148],[149.235,-21.106],[149.227,-21.063],[149.206,-21.077],[149.187,-21.034],[149.171,-21.042],[149.164,-21.031]]],[[[148.625,-20.016],[148.627,-20.02],[148.625,-20.014],[148.625,-20.016]]],[[[148.554,-19.997],[148.56,-19.989],[148.554,-19.995],[148.554,-19.997]]],[[[148.359,-19.725],[148.357,-19.729],[148.364,-19.73],[148.359,-19.725]]],[[[147.898,-19.853],[147.905,-19.848],[147.9,-19.849],[147.898,-19.853]]],[[[148.278,-20.038],[148.294,-20.032],[148.283,-20.027],[148.278,-20.038]]],[[[148.361,-19.985],[148.37,-19.984],[148.364,-19.981],[148.361,-19.985]]],[[[148.311,-20.105],[148.318,-20.103],[148.315,-20.1],[148.311,-20.105]]],[[[148.297,-20.083],[148.3,-20.081],[148.298,-20.08],[148.297,-20.083]]],[[[148.44,-20.063],[148.442,-20.063],[148.44,-20.062],[148.44,-20.063]]],[[[149.113,-20.592],[149.112,-20.583],[149.11,-20.582],[149.113,-20.592]]],[[[149.126,-20.549],[149.127,-20.546],[149.126,-20.547],[149.126,-20.549]]],[[[149.112,-20.493],[149.11,-20.486],[149.11,-20.491],[149.112,-20.493]]],[[[149.133,-20.468],[149.121,-20.469],[149.132,-20.482],[149.133,-20.468]]],[[[149.034,-20.404],[149.026,-20.393],[149.024,-20.401],[149.034,-20.404]]],[[[149.123,-20.358],[149.127,-20.348],[149.12,-20.343],[149.123,-20.358]]],[[[149.115,-20.277],[149.116,-20.279],[149.116,-20.273],[149.115,-20.277]]],[[[149.123,-20.272],[149.123,-20.265],[149.119,-20.272],[149.123,-20.272]]],[[[149.161,-20.236],[149.161,-20.234],[149.16,-20.236],[149.161,-20.236]]],[[[149.143,-20.228],[149.142,-20.225],[149.142,-20.226],[149.143,-20.228]]],[[[149.072,-20.626],[149.073,-20.625],[149.072,-20.624],[149.072,-20.626]]],[[[149.102,-20.55],[149.124,-20.544],[149.113,-20.538],[149.102,-20.55]]],[[[149.142,-20.234],[149.143,-20.231],[149.142,-20.233],[149.142,-20.234]]],[[[149.115,-20.197],[149.116,-20.196],[149.115,-20.196],[149.115,-20.197]]],[[[149.074,-20.162],[149.073,-20.156],[149.071,-20.157],[149.074,-20.162]]],[[[149.097,-20.681],[149.097,-20.679],[149.097,-20.681],[149.097,-20.681]]],[[[149.063,-20.613],[149.066,-20.614],[149.063,-20.612],[149.063,-20.613]]],[[[149.087,-20.535],[149.088,-20.53],[149.086,-20.532],[149.087,-20.535]]],[[[149.105,-20.466],[149.109,-20.461],[149.104,-20.462],[149.105,-20.466]]],[[[149.101,-20.436],[149.103,-20.438],[149.102,-20.432],[149.101,-20.436]]],[[[148.997,-20.358],[148.996,-20.36],[149.0,-20.355],[148.997,-20.358]]],[[[149.036,-20.159],[149.021,-20.163],[149.039,-20.183],[149.036,-20.159]]],[[[149.006,-20.175],[149.011,-20.172],[149.005,-20.174],[149.006,-20.175]]],[[[149.062,-20.921],[149.059,-20.92],[149.059,-20.923],[149.062,-20.921]]],[[[149.063,-20.651],[149.054,-20.637],[149.057,-20.648],[149.063,-20.651]],[[149.073,-20.642],[149.055,-20.618],[149.089,-20.661],[149.073,-20.642]]],[[[149.07,-20.662],[149.071,-20.661],[149.07,-20.66],[149.07,-20.662]]],[[[149.067,-20.526],[149.082,-20.484],[149.105,-20.481],[149.083,-20.435],[149.065,-20.502],[149.037,-20.504],[149.044,-20.522],[149.067,-20.526]]],[[[149.029,-20.451],[149.065,-20.453],[149.033,-20.43],[149.029,-20.451]]],[[[149.083,-20.433],[149.092,-20.418],[149.085,-20.421],[149.083,-20.433]]],[[[149.081,-20.526],[149.09,-20.524],[149.081,-20.515],[149.081,-20.526]]],[[[149.035,-20.427],[149.037,-20.423],[149.027,-20.421],[149.035,-20.427]]],[[[149.032,-20.474],[149.037,-20.466],[149.033,-20.468],[149.032,-20.474]]],[[[149.005,-20.425],[149.008,-20.427],[149.007,-20.422],[149.005,-20.425]]],[[[149.089,-20.507],[149.09,-20.506],[149.088,-20.506],[149.089,-20.507]]],[[[149.016,-20.42],[149.017,-20.419],[149.016,-20.419],[149.016,-20.42]]],[[[149.04,-20.234],[149.045,-20.231],[149.04,-20.231],[149.04,-20.234]]],[[[149.094,-20.271],[149.076,-20.27],[149.075,-20.301],[149.094,-20.3],[149.103,-20.251],[149.094,-20.271]]],[[[149.11,-20.286],[149.107,-20.265],[149.104,-20.276],[149.11,-20.286]]],[[[149.067,-20.305],[149.075,-20.306],[149.068,-20.3],[149.067,-20.305]]],[[[149.096,-20.307],[149.097,-20.304],[149.095,-20.303],[149.096,-20.307]]],[[[149.811,-21.576],[149.812,-21.574],[149.811,-21.572],[149.811,-21.576]]],[[[150.153,-21.533],[150.153,-21.531],[150.152,-21.532],[150.153,-21.533]]],[[[150.15,-21.52],[150.153,-21.529],[150.156,-21.526],[150.15,-21.52]]],[[[150.254,-21.523],[150.276,-21.517],[150.245,-21.517],[150.254,-21.523]]],[[[149.662,-21.473],[149.665,-21.471],[149.662,-21.47],[149.662,-21.473]]],[[[150.308,-21.471],[150.308,-21.47],[150.307,-21.471],[150.308,-21.471]]],[[[150.309,-21.47],[150.31,-21.469],[150.31,-21.467],[150.309,-21.47]]],[[[149.879,-21.468],[149.889,-21.469],[149.878,-21.464],[149.879,-21.468]]],[[[149.932,-21.104],[149.936,-21.102],[149.933,-21.101],[149.932,-21.104]]],[[[149.545,-21.031],[149.548,-21.031],[149.546,-21.028],[149.545,-21.031]]],[[[149.895,-21.017],[149.911,-21.019],[149.904,-21.003],[149.895,-21.017]]],[[[149.79,-20.989],[149.78,-20.983],[149.772,-20.986],[149.79,-20.989]]],[[[149.733,-20.948],[149.734,-20.945],[149.733,-20.947],[149.733,-20.948]]],[[[149.465,-20.931],[149.467,-20.937],[149.47,-20.928],[149.465,-20.931]]],[[[149.476,-20.931],[149.475,-20.927],[149.474,-20.93],[149.476,-20.931]]],[[[149.434,-20.93],[149.426,-20.946],[149.452,-20.933],[149.453,-20.906],[149.425,-20.908],[149.434,-20.93]]],[[[149.616,-20.779],[149.626,-20.773],[149.623,-20.761],[149.616,-20.779]]],[[[149.473,-20.748],[149.484,-20.741],[149.466,-20.727],[149.473,-20.748]]],[[[149.775,-22.36],[149.778,-22.358],[149.775,-22.358],[149.775,-22.36]]],[[[149.595,-22.143],[149.597,-22.142],[149.594,-22.142],[149.595,-22.143]]],[[[149.614,-22.055],[149.616,-22.054],[149.613,-22.051],[149.614,-22.055]]],[[[149.669,-21.986],[149.67,-21.986],[149.668,-21.984],[149.669,-21.986]]],[[[149.805,-21.84],[149.807,-21.839],[149.805,-21.838],[149.805,-21.84]]],[[[149.819,-21.824],[149.823,-21.837],[149.825,-21.835],[149.819,-21.824]]],[[[150.435,-21.772],[150.439,-21.772],[150.432,-21.771],[150.435,-21.772]]],[[[150.442,-21.766],[150.442,-21.766],[150.441,-21.766],[150.442,-21.766]]],[[[150.43,-21.761],[150.429,-21.761],[150.43,-21.763],[150.43,-21.761]]],[[[150.413,-21.753],[150.413,-21.752],[150.412,-21.752],[150.413,-21.753]]],[[[150.288,-21.683],[150.288,-21.682],[150.288,-21.683],[150.288,-21.683]]],[[[150.343,-21.676],[150.344,-21.675],[150.343,-21.675],[150.343,-21.676]]],[[[150.356,-21.673],[150.357,-21.673],[150.355,-21.673],[150.356,-21.673]]],[[[150.337,-21.653],[150.341,-21.653],[150.342,-21.649],[150.337,-21.653]]],[[[149.862,-21.603],[149.87,-21.606],[149.863,-21.6],[149.862,-21.603]]],[[[149.718,-21.51],[149.72,-21.513],[149.719,-21.508],[149.718,-21.51]]],[[[150.271,-21.49],[150.281,-21.483],[150.266,-21.477],[150.271,-21.49]]],[[[149.871,-21.458],[149.875,-21.461],[149.87,-21.454],[149.871,-21.458]]],[[[149.841,-21.445],[149.855,-21.448],[149.848,-21.441],[149.841,-21.445]]],[[[149.82,-21.436],[149.821,-21.434],[149.82,-21.434],[149.82,-21.436]]],[[[149.494,-21.422],[149.495,-21.422],[149.494,-21.422],[149.494,-21.422]]],[[[149.824,-21.374],[149.839,-21.382],[149.828,-21.371],[149.824,-21.374]]],[[[149.826,-21.369],[149.826,-21.366],[149.825,-21.368],[149.826,-21.369]]],[[[149.684,-21.328],[149.694,-21.313],[149.668,-21.302],[149.684,-21.328]]],[[[149.624,-20.857],[149.603,-20.846],[149.606,-20.865],[149.578,-20.87],[149.617,-20.884],[149.624,-20.857]]],[[[149.573,-22.126],[149.589,-22.139],[149.578,-22.12],[149.573,-22.126]]],[[[150.437,-21.764],[150.441,-21.763],[150.439,-21.762],[150.437,-21.764]]],[[[150.316,-21.735],[150.316,-21.734],[150.315,-21.734],[150.316,-21.735]]],[[[149.826,-21.606],[149.827,-21.603],[149.825,-21.603],[149.826,-21.606]]],[[[149.657,-21.373],[149.66,-21.37],[149.657,-21.371],[149.657,-21.373]]],[[[149.756,-22.413],[149.763,-22.406],[149.757,-22.4],[149.756,-22.413]]],[[[149.758,-22.399],[149.767,-22.391],[149.758,-22.392],[149.758,-22.399]]],[[[149.8,-21.827],[149.799,-21.824],[149.799,-21.826],[149.8,-21.827]]],[[[150.289,-21.749],[150.29,-21.748],[150.288,-21.747],[150.289,-21.749]]],[[[150.339,-21.67],[150.351,-21.667],[150.326,-21.659],[150.339,-21.67]]],[[[150.257,-21.488],[150.258,-21.485],[150.254,-21.487],[150.257,-21.488]]],[[[149.921,-21.494],[149.921,-21.489],[149.917,-21.488],[149.921,-21.494]]],[[[149.659,-21.985],[149.657,-21.985],[149.66,-21.988],[149.659,-21.985]]],[[[149.793,-21.838],[149.804,-21.831],[149.793,-21.83],[149.793,-21.838]]],[[[149.797,-21.85],[149.8,-21.852],[149.799,-21.842],[149.797,-21.85]]],[[[150.358,-21.734],[150.362,-21.718],[150.34,-21.741],[150.3,-21.745],[150.332,-21.772],[150.358,-21.734]]],[[[150.426,-21.758],[150.427,-21.756],[150.425,-21.756],[150.426,-21.758]]],[[[150.429,-21.757],[150.429,-21.755],[150.428,-21.755],[150.429,-21.757]]],[[[150.296,-21.673],[150.297,-21.671],[150.295,-21.672],[150.296,-21.673]]],[[[150.294,-21.674],[150.295,-21.673],[150.294,-21.673],[150.294,-21.674]]],[[[149.488,-21.6],[149.493,-21.605],[149.499,-21.598],[149.488,-21.6]]],[[[149.502,-21.604],[149.504,-21.604],[149.503,-21.602],[149.502,-21.604]]],[[[149.77,-21.601],[149.773,-21.6],[149.77,-21.599],[149.77,-21.601]]],[[[149.917,-21.497],[149.906,-21.497],[149.917,-21.507],[149.917,-21.497]]],[[[149.889,-21.5],[149.897,-21.499],[149.891,-21.485],[149.889,-21.5]]],[[[149.908,-21.481],[149.913,-21.486],[149.908,-21.478],[149.908,-21.481]]],[[[149.786,-21.816],[149.79,-21.818],[149.785,-21.814],[149.786,-21.816]]],[[[149.667,-21.727],[149.674,-21.728],[149.663,-21.718],[149.667,-21.727]]],[[[149.67,-21.718],[149.672,-21.717],[149.67,-21.716],[149.67,-21.718]]],[[[149.711,-21.455],[149.719,-21.459],[149.713,-21.439],[149.711,-21.455]]],[[[149.461,-21.453],[149.457,-21.456],[149.462,-21.457],[149.461,-21.453]]],[[[149.561,-21.988],[149.583,-21.974],[149.578,-21.969],[149.561,-21.988]]],[[[149.658,-21.978],[149.665,-21.975],[149.656,-21.966],[149.658,-21.978]]],[[[149.654,-21.93],[149.643,-21.932],[149.651,-21.936],[149.654,-21.93]]],[[[149.599,-21.959],[149.599,-21.957],[149.598,-21.957],[149.599,-21.959]]],[[[149.577,-21.958],[149.579,-21.957],[149.578,-21.956],[149.577,-21.958]]],[[[149.66,-21.951],[149.662,-21.95],[149.66,-21.95],[149.66,-21.951]]],[[[149.652,-21.959],[149.653,-21.959],[149.653,-21.958],[149.652,-21.959]]],[[[149.66,-21.959],[149.66,-21.958],[149.659,-21.957],[149.66,-21.959]]],[[[149.66,-21.947],[149.66,-21.945],[149.659,-21.946],[149.66,-21.947]]],[[[149.659,-21.955],[149.659,-21.953],[149.658,-21.954],[149.659,-21.955]]],[[[150.248,-21.676],[150.283,-21.679],[150.302,-21.665],[150.248,-21.619],[150.248,-21.676]]],[[[149.801,-21.594],[149.781,-21.613],[149.819,-21.607],[149.801,-21.594]]],[[[149.835,-21.662],[149.842,-21.66],[149.834,-21.647],[149.835,-21.662]]],[[[149.777,-21.671],[149.776,-21.675],[149.782,-21.679],[149.777,-21.671]]],[[[150.22,-21.654],[150.217,-21.657],[150.225,-21.653],[150.22,-21.654]]],[[[149.637,-21.677],[149.639,-21.673],[149.637,-21.673],[149.637,-21.677]]],[[[150.227,-21.652],[150.227,-21.649],[150.226,-21.649],[150.227,-21.652]]],[[[149.808,-21.628],[149.81,-21.628],[149.81,-21.627],[149.808,-21.628]]],[[[150.275,-21.684],[150.276,-21.683],[150.275,-21.683],[150.275,-21.684]]],[[[150.286,-21.681],[150.285,-21.68],[150.284,-21.68],[150.286,-21.681]]],[[[150.23,-21.652],[150.231,-21.651],[150.229,-21.652],[150.23,-21.652]]],[[[150.225,-21.658],[150.225,-21.657],[150.224,-21.657],[150.225,-21.658]]],[[[150.287,-21.679],[150.287,-21.678],[150.286,-21.678],[150.287,-21.679]]],[[[150.287,-21.685],[150.287,-21.684],[150.287,-21.684],[150.287,-21.685]]],[[[149.48,-21.833],[149.498,-21.833],[149.498,-21.821],[149.47,-21.821],[149.48,-21.833]]],[[[149.4,-21.491],[149.402,-21.489],[149.4,-21.488],[149.4,-21.491]]],[[[148.958,-20.872],[148.961,-20.871],[148.961,-20.869],[148.958,-20.872]]],[[[148.902,-20.865],[148.898,-20.867],[148.9,-20.867],[148.902,-20.865]]],[[[148.943,-20.864],[148.944,-20.862],[148.944,-20.861],[148.943,-20.864]]],[[[148.959,-20.868],[148.96,-20.867],[148.959,-20.867],[148.959,-20.868]]],[[[148.897,-20.852],[148.915,-20.854],[148.902,-20.827],[148.891,-20.831],[148.897,-20.852]]],[[[148.921,-20.856],[148.928,-20.852],[148.918,-20.847],[148.921,-20.856]]],[[[148.933,-20.854],[148.938,-20.852],[148.932,-20.844],[148.933,-20.854]]],[[[148.931,-20.863],[148.93,-20.859],[148.924,-20.86],[148.931,-20.863]]],[[[148.877,-20.797],[148.88,-20.798],[148.879,-20.796],[148.877,-20.797]]],[[[148.871,-20.805],[148.873,-20.804],[148.872,-20.804],[148.871,-20.805]]],[[[148.841,-20.824],[148.842,-20.823],[148.84,-20.823],[148.841,-20.824]]],[[[148.94,-20.863],[148.94,-20.862],[148.939,-20.861],[148.94,-20.863]]],[[[148.937,-20.86],[148.939,-20.859],[148.938,-20.859],[148.937,-20.86]]],[[[148.873,-20.617],[148.864,-20.607],[148.865,-20.619],[148.873,-20.617]]],[[[148.88,-20.602],[148.882,-20.606],[148.879,-20.591],[148.88,-20.602]]],[[[148.766,-20.692],[148.766,-20.689],[148.76,-20.689],[148.766,-20.692]]],[[[148.863,-20.583],[148.866,-20.582],[148.859,-20.58],[148.863,-20.583]]],[[[148.818,-20.505],[148.822,-20.504],[148.818,-20.503],[148.818,-20.505]]],[[[148.846,-20.423],[148.842,-20.423],[148.847,-20.425],[148.846,-20.423]]],[[[148.85,-20.788],[148.851,-20.786],[148.848,-20.786],[148.85,-20.788]]],[[[148.855,-20.795],[148.859,-20.795],[148.855,-20.794],[148.855,-20.795]]],[[[148.759,-20.673],[148.758,-20.672],[148.758,-20.673],[148.759,-20.673]]],[[[148.856,-20.783],[148.856,-20.783],[148.855,-20.782],[148.856,-20.783]]],[[[148.846,-20.792],[148.845,-20.791],[148.844,-20.792],[148.846,-20.792]]],[[[148.849,-20.427],[148.85,-20.427],[148.849,-20.426],[148.849,-20.427]]],[[[148.943,-20.661],[148.943,-20.661],[148.943,-20.661],[148.943,-20.661]]],[[[148.953,-20.251],[148.913,-20.291],[148.929,-20.286],[148.938,-20.307],[148.975,-20.269],[148.95,-20.303],[148.962,-20.304],[148.963,-20.329],[148.987,-20.323],[148.99,-20.301],[149.022,-20.321],[149.033,-20.3],[149.047,-20.31],[149.063,-20.294],[149.025,-20.255],[149.015,-20.27],[149.026,-20.235],[148.992,-20.25],[148.998,-20.21],[148.976,-20.205],[148.984,-20.185],[148.967,-20.156],[148.938,-20.237],[148.958,-20.228],[148.953,-20.251]]],[[[148.851,-20.344],[148.854,-20.316],[148.852,-20.382],[148.874,-20.395],[148.851,-20.344]]],[[[148.961,-20.348],[148.947,-20.332],[148.953,-20.377],[148.982,-20.348],[148.961,-20.348]]],[[[148.847,-20.271],[148.849,-20.257],[148.83,-20.256],[148.826,-20.285],[148.847,-20.271]]],[[[148.936,-20.363],[148.928,-20.337],[148.94,-20.381],[148.936,-20.363]]],[[[148.908,-20.273],[148.921,-20.271],[148.922,-20.252],[148.908,-20.273]]],[[[148.83,-20.241],[148.825,-20.225],[148.81,-20.214],[148.83,-20.241]]],[[[148.601,-20.148],[148.614,-20.152],[148.613,-20.138],[148.601,-20.148]]],[[[148.652,-20.106],[148.654,-20.092],[148.646,-20.1],[148.652,-20.106]]],[[[148.893,-20.381],[148.883,-20.369],[148.896,-20.385],[148.893,-20.381]],[[148.927,-20.319],[148.928,-20.326],[148.924,-20.311],[148.927,-20.319]]],[[[148.574,-20.104],[148.572,-20.096],[148.57,-20.104],[148.574,-20.104]]],[[[148.604,-20.099],[148.613,-20.094],[148.607,-20.094],[148.604,-20.099]]],[[[148.996,-20.353],[148.991,-20.35],[148.989,-20.357],[148.996,-20.353]]],[[[148.802,-20.297],[148.8,-20.291],[148.803,-20.3],[148.802,-20.297]]],[[[148.716,-20.104],[148.725,-20.102],[148.716,-20.1],[148.716,-20.104]]],[[[148.813,-20.256],[148.815,-20.261],[148.816,-20.252],[148.813,-20.256]]],[[[148.831,-20.248],[148.83,-20.245],[148.832,-20.252],[148.831,-20.248]]],[[[148.794,-20.299],[148.796,-20.3],[148.798,-20.297],[148.794,-20.299]]],[[[148.852,-20.267],[148.853,-20.27],[148.854,-20.264],[148.852,-20.267]]],[[[148.709,-20.111],[148.71,-20.105],[148.708,-20.107],[148.709,-20.111]]],[[[148.851,-20.283],[148.849,-20.281],[148.851,-20.285],[148.851,-20.283]]],[[[148.843,-20.28],[148.845,-20.28],[148.845,-20.278],[148.843,-20.28]]],[[[148.792,-20.296],[148.79,-20.294],[148.79,-20.297],[148.792,-20.296]]],[[[148.873,-20.081],[148.874,-20.079],[148.871,-20.079],[148.873,-20.081]]],[[[148.959,-20.331],[148.962,-20.331],[148.961,-20.33],[148.959,-20.331]]],[[[148.796,-20.287],[148.795,-20.288],[148.796,-20.289],[148.796,-20.287]]],[[[148.892,-20.085],[148.892,-20.082],[148.891,-20.084],[148.892,-20.085]]],[[[148.695,-20.267],[148.696,-20.266],[148.696,-20.265],[148.695,-20.267]]],[[[148.58,-20.146],[148.581,-20.144],[148.581,-20.144],[148.58,-20.146]]],[[[148.81,-20.303],[148.81,-20.302],[148.81,-20.302],[148.81,-20.303]]],[[[148.931,-20.135],[148.933,-20.179],[148.951,-20.157],[148.937,-20.102],[148.957,-20.106],[148.959,-20.06],[148.926,-20.082],[148.923,-20.062],[148.907,-20.071],[148.912,-20.1],[148.889,-20.112],[148.882,-20.162],[148.916,-20.123],[148.902,-20.166],[148.915,-20.175],[148.931,-20.135]]],[[[148.479,-20.002],[148.445,-19.974],[148.445,-20.044],[148.475,-20.05],[148.479,-20.002]]],[[[148.884,-20.06],[148.898,-20.05],[148.881,-20.037],[148.884,-20.06]]],[[[148.546,-20.059],[148.542,-20.057],[148.536,-20.065],[148.546,-20.059]]],[[[148.873,-20.061],[148.874,-20.06],[148.874,-20.058],[148.873,-20.061]]],[[[149.322,-21.324],[149.324,-21.322],[149.322,-21.323],[149.322,-21.324]]],[[[149.39,-21.474],[149.392,-21.474],[149.391,-21.473],[149.39,-21.474]]],[[[149.268,-21.175],[149.266,-21.17],[149.263,-21.174],[149.268,-21.175]]],[[[149.303,-21.293],[149.303,-21.292],[149.303,-21.293],[149.303,-21.293]]],[[[149.395,-20.92],[149.423,-20.925],[149.414,-20.897],[149.386,-20.904],[149.395,-20.92]]],[[[149.282,-20.803],[149.249,-20.806],[149.268,-20.81],[149.266,-20.823],[149.288,-20.818],[149.282,-20.803]]],[[[149.148,-20.983],[149.152,-20.977],[149.148,-20.976],[149.148,-20.983]]],[[[149.247,-21.163],[149.247,-21.157],[149.24,-21.161],[149.247,-21.163]]],[[[149.267,-20.793],[149.267,-20.792],[149.267,-20.792],[149.267,-20.793]]],[[[149.245,-21.097],[149.245,-21.096],[149.244,-21.096],[149.245,-21.097]]],[[[149.276,-20.791],[149.301,-20.798],[149.285,-20.772],[149.276,-20.791]]],[[[149.148,-20.686],[149.139,-20.695],[149.156,-20.674],[149.167,-20.683],[149.163,-20.664],[149.151,-20.663],[149.148,-20.686]]],[[[149.186,-20.687],[149.194,-20.672],[149.181,-20.666],[149.186,-20.687]]],[[[149.406,-20.769],[149.39,-20.774],[149.412,-20.775],[149.406,-20.769]]],[[[149.201,-20.686],[149.205,-20.698],[149.209,-20.691],[149.201,-20.686]]],[[[149.172,-20.25],[149.178,-20.25],[149.174,-20.241],[149.172,-20.25]]],[[[149.155,-20.243],[149.157,-20.237],[149.153,-20.236],[149.155,-20.243]]],[[[149.162,-20.755],[149.163,-20.75],[149.159,-20.749],[149.162,-20.755]]],[[[149.142,-20.703],[149.146,-20.702],[149.142,-20.699],[149.142,-20.703]]],[[[149.139,-20.677],[149.14,-20.673],[149.138,-20.673],[149.139,-20.677]]],[[[149.138,-20.715],[149.141,-20.709],[149.137,-20.712],[149.138,-20.715]]],[[[149.153,-20.653],[149.153,-20.649],[149.151,-20.652],[149.153,-20.653]]],[[[149.208,-20.701],[149.209,-20.7],[149.207,-20.699],[149.208,-20.701]]],[[[149.232,-20.733],[149.233,-20.732],[149.232,-20.731],[149.232,-20.733]]],[[[149.187,-20.6],[149.187,-20.599],[149.185,-20.599],[149.187,-20.6]]],[[[149.27,-20.757],[149.27,-20.755],[149.269,-20.756],[149.27,-20.757]]]]},"properties":{"sa4_code_2021":"312","sa4_name_2021":"Mackay - Isaac - Whitsunday"},"id":"312"},{"type":"Feature","geometry":{"type":"MultiPolygon","coordinates":[[[[153.066,-26.999],[153.043,-26.969],[152.976,-26.985],[152.917,-26.955],[152.858,-26.956],[152.875,-26.914],[152.854,-26.895],[152.869,-26.873],[152.792,-26.827],[152.779,-26.797],[152.761,-26.792],[152.749,-26.816],[152.729,-26.817],[152.679,-26.8],[152.661,-26.769],[152.602,-26.758],[152.579,-26.716],[152.551,-26.704],[152.583,-26.645],[152.584,-26.597],[152.554,-26.573],[152.511,-26.567],[152.52,-26.588],[152.457,-26.581],[152.44,-26.557],[152.45,-26.531],[152.436,-26.538],[152.443,-26.46],[152.316,-26.481],[152.278,-26.453],[152.214,-26.513],[152.167,-26.475],[152.136,-26.48],[152.126,-26.532],[152.143,-26.593],[152.13,-26.6],[152.131,-26.639],[152.081,-26.658],[152.075,-26.685],[152.113,-26.707],[152.133,-26.741],[152.142,-26.727],[152.164,-26.742],[152.156,-26.769],[152.179,-26.784],[152.189,-26.877],[152.167,-26.867],[152.147,-26.879],[152.145,-26.927],[152.125,-26.954],[152.183,-26.978],[152.173,-26.989],[152.187,-27.007],[152.221,-27.022],[152.193,-27.023],[152.195,-27.057],[152.227,-27.061],[152.215,-27.072],[152.248,-27.103],[152.257,-27.073],[152.299,-27.063],[152.311,-27.012],[152.356,-27.023],[152.36,-27.011],[152.424,-27.007],[152.424,-26.991],[152.504,-26.993],[152.525,-27.093],[152.57,-27.094],[152.6,-27.059],[152.649,-27.069],[152.66,-27.053],[152.684,-27.066],[152.681,-27.095],[152.765,-27.111],[152.784,-27.086],[152.814,-27.09],[152.807,-27.108],[152.858,-27.154],[152.845,-27.183],[152.946,-27.198],[152.967,-27.215],[153.033,-27.205],[153.046,-27.228],[153.076,-27.228],[153.077,-27.263],[153.104,-27.263],[153.115,-27.191],[153.087,-27.206],[153.038,-27.197],[153.029,-27.179],[153.067,-27.111],[153.144,-27.076],[153.099,-27.064],[153.112,-27.051],[153.066,-26.999]]],[[[153.121,-26.844],[153.123,-26.843],[153.122,-26.842],[153.121,-26.844]]],[[[153.118,-26.86],[153.12,-26.866],[153.123,-26.865],[153.118,-26.86]]],[[[153.122,-26.873],[153.125,-26.87],[153.122,-26.87],[153.122,-26.873]]],[[[153.119,-26.877],[153.121,-26.876],[153.12,-26.873],[153.119,-26.877]]],[[[153.086,-27.007],[153.079,-27.002],[153.078,-27.01],[153.086,-27.007]]],[[[153.105,-27.065],[153.108,-27.065],[153.109,-27.065],[153.105,-27.065]]],[[[153.105,-27.036],[153.108,-27.039],[153.107,-27.037],[153.105,-27.036]]],[[[153.397,-27.344],[153.408,-27.346],[153.405,-27.327],[153.397,-27.344]]],[[[153.432,-27.032],[153.361,-27.061],[153.366,-27.201],[153.428,-27.364],[153.437,-27.334],[153.418,-27.274],[153.42,-27.204],[153.468,-27.028],[153.432,-27.032]]],[[[153.145,-27.076],[153.146,-27.076],[153.145,-27.076],[153.145,-27.076]]],[[[153.138,-27.059],[153.166,-27.1],[153.207,-27.084],[153.139,-26.908],[153.131,-26.81],[153.13,-26.874],[153.075,-26.92],[153.091,-26.945],[153.077,-26.979],[153.138,-27.059]]],[[[153.074,-27.001],[153.076,-27.0],[153.075,-27.0],[153.074,-27.001]]]]},"properties":{"sa4_code_2021":"313","sa4_name_2021":"Moreton Bay - North"},"id":"313"},{"type":"Feature","geometry":{"type":"Polygon","coordinates":[[[153.016,-27.208],[152.967,-27.215],[152.946,-27.198],[152.845,-27.183],[152.851,-27.14],[152.807,-27.108],[152.818,-27.092],[152.784,-27.086],[152.765,-27.111],[152.731,-27.108],[152.734,-27.172],[152.704,-27.199],[152.681,-27.263],[152.704,-27.293],[152.754,-27.295],[152.749,-27.332],[152.772,-27.343],[152.76,-27.364],[152.775,-27.402],[152.812,-27.401],[152.849,-27.422],[152.897,-27.417],[152.917,-27.394],[152.949,-27.409],[152.976,-27.401],[152.997,-27.302],[153.014,-27.302],[153.016,-27.288],[153.034,-27.298],[153.038,-27.281],[153.066,-27.281],[153.079,-27.265],[153.06,-27.222],[153.046,-27.228],[153.033,-27.205],[153.016,-27.208]]]},"properties":{"sa4_code_2021":"314","sa4_name_2021":"Moreton Bay - South"},"id":"314"},{"type":"Feature","geometry":{"type":"MultiPolygon","coordinates":[[[[146.71,-24.618],[146.667,-24.591],[146.68,-24.573],[146.626,-24.494],[146.621,-24.458],[146.596,-24.453],[146.572,-24.413],[146.66,-24.403],[146.689,-24.374],[146.722,-24.385],[146.73,-24.419],[146.802,-24.407],[146.814,-24.377],[146.864,-24.369],[146.874,-24.338],[146.935,-24.291],[146.927,-24.257],[146.953,-24.207],[146.956,-24.164],[146.99,-24.161],[147.11,-24.093],[147.183,-24.086],[147.184,-24.005],[147.163,-23.973],[147.179,-23.943],[147.203,-23.94],[147.241,-23.903],[147.228,-23.832],[147.238,-23.811],[147.23,-23.787],[147.2,-23.773],[147.195,-23.746],[147.212,-23.639],[147.198,-23.609],[147.22,-23.594],[147.219,-23.551],[147.284,-23.525],[147.279,-23.482],[147.249,-23.451],[147.287,-23.351],[147.162,-23.34],[147.159,-23.326],[147.075,-23.307],[147.079,-23.28],[146.976,-23.263],[146.94,-23.26],[146.933,-23.315],[146.855,-23.305],[146.884,-23.22],[146.864,-23.175],[146.789,-23.127],[146.788,-23.037],[146.753,-22.984],[146.684,-22.946],[146.646,-22.883],[146.578,-22.89],[146.56,-22.878],[146.525,-22.804],[146.548,-22.769],[146.401,-22.756],[146.424,-22.547],[146.439,-22.549],[146.452,-22.499],[146.429,-22.488],[146.383,-22.521],[146.33,-22.495],[146.269,-22.509],[146.276,-22.463],[146.109,-22.446],[146.122,-22.347],[146.052,-22.339],[146.071,-22.227],[146.066,-22.116],[145.77,-22.067],[145.77,-22.049],[145.661,-22.041],[145.668,-21.932],[145.627,-21.927],[145.651,-21.707],[145.675,-21.708],[145.678,-21.668],[145.533,-21.658],[145.54,-21.575],[145.453,-21.566],[145.465,-21.461],[145.262,-21.458],[145.29,-21.414],[145.25,-21.315],[145.256,-21.281],[145.243,-21.277],[145.256,-21.175],[145.221,-21.172],[145.218,-21.122],[145.181,-21.091],[145.173,-21.062],[145.22,-21.065],[145.227,-20.975],[145.164,-20.97],[145.189,-20.634],[145.097,-20.628],[145.01,-20.537],[144.998,-20.492],[144.971,-20.468],[144.922,-20.462],[144.909,-20.438],[144.933,-20.412],[144.905,-20.407],[144.909,-20.373],[144.82,-20.332],[144.832,-20.293],[144.821,-20.246],[144.84,-20.205],[144.772,-20.129],[144.776,-20.067],[144.664,-20.058],[144.667,-20.028],[144.622,-19.969],[144.62,-19.992],[144.58,-19.988],[144.559,-19.953],[144.492,-19.953],[144.478,-19.975],[144.43,-19.976],[144.396,-19.935],[144.426,-19.611],[144.285,-19.573],[144.303,-19.497],[144.345,-19.502],[144.352,-19.424],[144.468,-19.447],[144.475,-19.371],[144.591,-19.38],[144.599,-19.318],[144.618,-19.32],[144.634,-19.285],[144.751,-19.181],[144.772,-19.206],[144.832,-19.161],[144.774,-19.148],[144.699,-19.004],[144.707,-18.936],[144.79,-18.871],[144.745,-18.818],[144.808,-18.77],[144.792,-18.733],[144.778,-18.741],[144.745,-18.722],[144.742,-18.703],[144.787,-18.661],[144.764,-18.638],[144.652,-18.627],[144.687,-18.314],[144.741,-18.319],[144.762,-18.13],[144.79,-18.109],[144.864,-18.113],[144.877,-18.03],[144.856,-17.98],[144.877,-17.955],[144.868,-17.901],[144.881,-17.865],[144.907,-17.865],[144.895,-17.836],[144.914,-17.797],[144.938,-17.788],[144.966,-17.744],[144.951,-17.719],[144.975,-17.688],[144.973,-17.644],[144.994,-17.606],[145.021,-17.616],[145.048,-17.601],[145.058,-17.566],[145.128,-17.535],[145.155,-17.539],[145.184,-17.515],[145.224,-17.529],[145.23,-17.465],[145.259,-17.413],[145.306,-17.411],[145.311,-17.39],[145.359,-17.384],[145.36,-17.366],[145.397,-17.353],[145.437,-17.303],[145.408,-17.212],[145.414,-17.154],[145.381,-17.134],[145.4,-17.06],[145.395,-17.03],[145.373,-17.022],[145.394,-17.004],[145.385,-16.951],[145.368,-16.937],[145.418,-16.937],[145.428,-16.921],[145.448,-16.944],[145.482,-16.927],[145.453,-16.884],[145.495,-16.872],[145.471,-16.832],[145.489,-16.644],[145.447,-16.644],[145.449,-16.611],[145.436,-16.604],[145.449,-16.604],[145.446,-16.575],[145.404,-16.512],[145.374,-16.519],[145.355,-16.556],[145.296,-16.537],[145.258,-16.485],[145.27,-16.467],[145.243,-16.464],[145.209,-16.42],[145.214,-16.4],[145.14,-16.347],[145.134,-16.286],[145.061,-16.264],[145.054,-16.241],[145.02,-16.229],[145.016,-16.203],[144.984,-16.18],[145.009,-16.146],[145.045,-16.163],[145.085,-16.118],[145.091,-16.044],[145.068,-16.002],[145.073,-15.967],[145.103,-15.947],[145.136,-15.953],[145.14,-15.93],[145.161,-15.923],[145.202,-15.935],[145.246,-15.918],[145.255,-15.933],[145.285,-15.903],[145.289,-15.926],[145.32,-15.931],[145.317,-15.961],[145.288,-15.981],[145.294,-15.995],[145.362,-15.936],[145.356,-15.892],[145.377,-15.841],[145.352,-15.808],[145.368,-15.767],[145.361,-15.72],[145.313,-15.647],[145.33,-15.594],[145.307,-15.552],[145.287,-15.559],[145.272,-15.541],[145.284,-15.497],[145.263,-15.461],[145.229,-15.462],[145.241,-15.462],[145.248,-15.416],[145.288,-15.376],[145.298,-15.342],[145.286,-15.316],[145.332,-15.278],[145.357,-15.277],[145.34,-15.227],[145.316,-15.259],[145.267,-15.256],[145.239,-15.198],[145.234,-15.141],[145.289,-15.043],[145.355,-14.987],[145.352,-14.953],[145.281,-14.955],[145.219,-14.881],[145.23,-14.832],[145.173,-14.843],[145.118,-14.828],[145.09,-14.803],[145.023,-14.795],[145.008,-14.756],[144.954,-14.737],[144.95,-14.678],[144.924,-14.664],[144.91,-14.614],[144.839,-14.614],[144.783,-14.594],[144.775,-14.546],[144.715,-14.561],[144.683,-14.551],[144.665,-14.511],[144.619,-14.476],[144.624,-14.419],[144.651,-14.359],[144.644,-14.348],[144.588,-14.361],[144.58,-14.308],[144.596,-14.26],[144.516,-14.167],[144.491,-14.166],[144.435,-14.26],[144.338,-14.307],[144.28,-14.302],[144.216,-14.254],[144.195,-14.261],[144.198,-14.323],[144.168,-14.381],[144.032,-14.483],[143.949,-14.496],[143.881,-14.482],[143.784,-14.406],[143.703,-14.209],[143.68,-14.015],[143.623,-13.965],[143.591,-13.859],[143.547,-13.803],[143.531,-13.755],[143.551,-13.617],[143.586,-13.544],[143.579,-13.5],[143.597,-13.423],[143.582,-13.376],[143.54,-13.353],[143.527,-13.327],[143.522,-13.179],[143.502,-13.124],[143.515,-13.008],[143.512,-12.961],[143.498,-12.949],[143.544,-12.843],[143.475,-12.865],[143.449,-12.849],[143.405,-12.868],[143.401,-12.901],[143.39,-12.885],[143.354,-12.896],[143.358,-12.8],[143.39,-12.715],[143.419,-12.682],[143.402,-12.679],[143.402,-12.662],[143.438,-12.612],[143.419,-12.616],[143.415,-12.594],[143.305,-12.551],[143.271,-12.496],[143.274,-12.407],[143.247,-12.379],[143.23,-12.382],[143.18,-12.343],[143.085,-12.348],[143.079,-12.337],[143.097,-12.218],[143.095,-12.173],[143.079,-12.159],[143.101,-12.146],[143.186,-11.991],[143.216,-11.975],[143.228,-11.989],[143.244,-11.969],[143.212,-11.954],[143.167,-11.973],[143.148,-11.919],[143.098,-11.893],[143.066,-11.928],[142.975,-11.933],[142.856,-11.846],[142.859,-11.636],[142.827,-11.477],[142.833,-11.434],[142.869,-11.382],[142.84,-11.319],[142.794,-11.279],[142.783,-11.223],[142.799,-11.157],[142.786,-11.074],[142.716,-10.961],[142.698,-10.978],[142.668,-10.945],[142.615,-10.942],[142.619,-10.916],[142.604,-10.912],[142.617,-10.915],[142.617,-10.892],[142.589,-10.868],[142.595,-10.891],[142.583,-10.901],[142.595,-10.889],[142.575,-10.87],[142.574,-10.887],[142.558,-10.874],[142.543,-10.902],[142.556,-10.913],[142.543,-10.908],[142.482,-10.978],[142.516,-10.909],[142.517,-10.844],[142.549,-10.832],[142.609,-10.749],[142.581,-10.725],[142.557,-10.726],[142.531,-10.688],[142.498,-10.717],[142.438,-10.708],[142.39,-10.828],[142.315,-10.915],[142.313,-10.901],[142.285,-10.918],[142.194,-10.915],[142.133,-10.948],[142.126,-10.981],[142.157,-11.122],[142.138,-11.207],[142.116,-11.225],[142.12,-11.369],[142.1,-11.463],[142.051,-11.555],[142.002,-11.753],[141.962,-11.821],[141.942,-11.946],[141.943,-11.978],[141.972,-11.98],[142.012,-12.039],[141.994,-12.06],[141.958,-12.042],[141.932,-12.071],[141.931,-12.115],[141.949,-12.15],[141.913,-12.164],[141.945,-12.146],[141.925,-12.122],[141.918,-12.041],[141.887,-11.985],[141.909,-11.955],[141.88,-11.954],[141.85,-11.984],[141.735,-12.218],[141.715,-12.235],[141.592,-12.559],[141.626,-12.583],[141.643,-12.578],[141.695,-12.557],[141.709,-12.519],[141.76,-12.539],[141.768,-12.566],[141.82,-12.601],[141.879,-12.584],[141.894,-12.594],[141.886,-12.617],[141.827,-12.649],[141.84,-12.668],[141.878,-12.671],[141.863,-12.693],[141.821,-12.672],[141.804,-12.68],[141.74,-12.853],[141.653,-12.917],[141.636,-12.909],[141.583,-12.997],[141.618,-13.04],[141.629,-13.159],[141.68,-13.218],[141.695,-13.27],[141.523,-13.572],[141.467,-13.864],[141.476,-13.946],[141.573,-14.057],[141.599,-14.117],[141.598,-14.258],[141.526,-14.487],[141.59,-14.857],[141.664,-15.006],[141.653,-14.974],[141.661,-14.986],[141.666,-15.03],[141.63,-15.105],[141.636,-15.15],[141.576,-15.205],[141.57,-15.292],[141.473,-15.522],[141.435,-15.658],[141.409,-15.871],[141.398,-15.91],[141.373,-15.917],[141.433,-16.075],[141.351,-16.219],[141.321,-16.342],[141.286,-16.408],[141.305,-16.457],[141.296,-16.496],[141.271,-16.558],[141.251,-16.558],[141.233,-16.588],[141.204,-16.692],[141.129,-16.78],[141.082,-16.803],[141.065,-16.87],[140.958,-16.998],[140.947,-17.041],[140.962,-17.093],[140.94,-17.185],[140.913,-17.233],[140.901,-17.349],[140.828,-17.465],[140.769,-17.478],[140.735,-17.512],[140.71,-17.51],[140.594,-17.598],[140.479,-17.645],[140.448,-17.642],[140.385,-17.678],[140.093,-17.723],[140.004,-17.715],[139.949,-17.674],[139.938,-17.631],[139.847,-17.596],[139.834,-17.605],[139.839,-17.59],[139.822,-17.571],[139.757,-17.577],[139.722,-17.548],[139.647,-17.538],[139.477,-17.401],[139.452,-17.396],[139.436,-17.423],[139.45,-17.394],[139.417,-17.375],[139.306,-17.365],[139.238,-17.32],[139.155,-17.164],[139.141,-17.079],[139.158,-17.029],[139.087,-16.999],[139.043,-16.95],[139.039,-16.912],[138.979,-16.887],[138.884,-16.885],[138.629,-16.768],[138.472,-16.775],[138.48,-16.784],[138.428,-16.777],[138.362,-16.74],[138.329,-16.736],[138.324,-16.75],[138.118,-16.649],[137.995,-16.538],[137.999,-25.997],[140.999,-25.996],[140.999,-28.999],[146.945,-28.999],[146.953,-28.861],[146.863,-28.854],[146.892,-28.721],[146.925,-28.724],[146.938,-28.56],[146.963,-28.506],[146.968,-28.36],[146.916,-28.354],[146.932,-28.261],[146.949,-28.263],[146.99,-27.99],[147.105,-27.995],[147.124,-27.898],[147.11,-27.896],[147.109,-27.818],[147.143,-27.575],[147.063,-27.566],[147.053,-27.476],[147.04,-27.475],[147.064,-27.245],[147.097,-27.1],[147.031,-27.083],[147.064,-26.956],[147.206,-26.967],[147.221,-26.743],[147.249,-26.595],[147.243,-26.577],[147.21,-26.574],[147.216,-26.528],[147.305,-26.528],[147.344,-26.283],[147.373,-26.287],[147.379,-26.241],[147.356,-26.239],[147.371,-26.183],[147.359,-26.156],[147.383,-26.134],[147.444,-26.134],[147.451,-26.081],[147.442,-26.013],[147.455,-25.98],[147.399,-25.97],[147.352,-25.929],[147.282,-25.916],[147.259,-25.792],[147.16,-25.781],[147.179,-25.629],[147.285,-25.641],[147.305,-25.495],[147.356,-25.501],[147.373,-25.374],[147.393,-25.354],[147.362,-25.322],[147.359,-25.291],[147.541,-25.312],[147.554,-25.219],[147.655,-25.231],[147.675,-25.08],[147.649,-25.077],[147.659,-25.004],[147.7,-25.012],[147.732,-25.037],[147.766,-25.034],[147.814,-24.97],[147.899,-24.94],[147.895,-24.918],[147.922,-24.92],[147.955,-24.886],[147.916,-24.846],[147.917,-24.821],[147.854,-24.78],[147.824,-24.735],[147.76,-24.728],[147.73,-24.733],[147.68,-24.774],[147.647,-24.773],[147.647,-24.8],[147.59,-24.818],[147.579,-24.836],[147.561,-24.834],[147.558,-24.819],[147.508,-24.821],[147.481,-24.878],[147.322,-24.87],[147.296,-24.896],[147.137,-24.883],[147.139,-24.849],[147.089,-24.846],[147.092,-24.814],[146.903,-24.805],[146.882,-24.762],[146.942,-24.704],[146.933,-24.675],[146.894,-24.64],[146.887,-24.596],[146.861,-24.587],[146.809,-24.639],[146.8,-24.621],[146.787,-24.626],[146.768,-24.664],[146.71,-24.618]]],[[[142.45,-10.496],[142.452,-10.496],[142.45,-10.495],[142.45,-10.496]]],[[[142.447,-10.496],[142.447,-10.495],[142.447,-10.495],[142.447,-10.496]]],[[[142.447,-10.464],[142.45,-10.463],[142.447,-10.46],[142.447,-10.464]]],[[[142.438,-10.464],[142.442,-10.462],[142.438,-10.461],[142.438,-10.464]]],[[[142.11,-10.348],[142.111,-10.347],[142.111,-10.343],[142.11,-10.348]]],[[[142.092,-10.318],[142.093,-10.315],[142.091,-10.317],[142.092,-10.318]]],[[[142.1,-10.295],[142.106,-10.29],[142.103,-10.287],[142.1,-10.295]]],[[[142.102,-10.277],[142.108,-10.282],[142.099,-10.273],[142.102,-10.277]]],[[[142.129,-10.03],[142.13,-10.028],[142.128,-10.026],[142.129,-10.03]]],[[[142.237,-9.977],[142.24,-9.978],[142.239,-9.976],[142.237,-9.977]]],[[[142.217,-9.973],[142.217,-9.972],[142.215,-9.972],[142.217,-9.973]]],[[[142.216,-9.968],[142.216,-9.968],[142.215,-9.967],[142.216,-9.968]]],[[[142.177,-9.937],[142.179,-9.937],[142.179,-9.936],[142.177,-9.937]]],[[[142.163,-9.934],[142.164,-9.935],[142.164,-9.934],[142.163,-9.934]]],[[[141.419,-9.825],[141.43,-9.823],[141.426,-9.822],[141.419,-9.825]]],[[[141.569,-9.611],[141.57,-9.609],[141.569,-9.609],[141.569,-9.611]]],[[[142.319,-9.564],[142.258,-9.554],[142.307,-9.574],[142.319,-9.564]]],[[[141.575,-9.515],[141.573,-9.513],[141.568,-9.523],[141.575,-9.515]]],[[[142.101,-10.988],[142.116,-10.995],[142.1,-10.985],[142.112,-10.968],[142.101,-10.988]]],[[[142.025,-10.848],[142.024,-10.851],[142.026,-10.85],[142.025,-10.848]]],[[[141.91,-10.605],[141.912,-10.604],[141.909,-10.603],[141.91,-10.605]]],[[[142.348,-10.549],[142.343,-10.55],[142.344,-10.553],[142.348,-10.549]]],[[[142.353,-10.546],[142.355,-10.544],[142.352,-10.543],[142.353,-10.546]]],[[[142.363,-10.368],[142.365,-10.368],[142.362,-10.365],[142.363,-10.368]]],[[[142.05,-10.367],[142.062,-10.355],[142.05,-10.356],[142.05,-10.367]]],[[[142.229,-10.352],[142.229,-10.352],[142.226,-10.351],[142.229,-10.352]]],[[[142.077,-10.26],[142.069,-10.265],[142.079,-10.266],[142.077,-10.26]]],[[[142.075,-10.231],[142.079,-10.241],[142.081,-10.238],[142.075,-10.231]]],[[[142.054,-10.219],[142.054,-10.216],[142.053,-10.218],[142.054,-10.219]]],[[[142.117,-10.189],[142.119,-10.194],[142.117,-10.188],[142.117,-10.189]]],[[[142.075,-10.117],[142.074,-10.116],[142.074,-10.119],[142.075,-10.117]]],[[[142.344,-10.106],[142.346,-10.105],[142.345,-10.104],[142.344,-10.106]]],[[[142.326,-10.08],[142.325,-10.081],[142.33,-10.085],[142.326,-10.08]]],[[[142.265,-10.075],[142.264,-10.071],[142.264,-10.075],[142.265,-10.075]]],[[[142.153,-9.961],[142.152,-9.961],[142.153,-9.962],[142.153,-9.961]]],[[[142.17,-9.941],[142.173,-9.942],[142.174,-9.94],[142.17,-9.941]]],[[[142.309,-10.514],[142.284,-10.527],[142.3,-10.542],[142.32,-10.538],[142.309,-10.514]]],[[[142.126,-10.363],[142.136,-10.389],[142.138,-10.363],[142.126,-10.363]]],[[[142.027,-10.852],[142.028,-10.851],[142.027,-10.852],[142.027,-10.852]]],[[[142.083,-10.245],[142.086,-10.246],[142.087,-10.241],[142.083,-10.245]]],[[[142.155,-10.227],[142.154,-10.22],[142.149,-10.219],[142.155,-10.227]]],[[[142.067,-10.224],[142.067,-10.221],[142.066,-10.222],[142.067,-10.224]]],[[[142.167,-10.2],[142.171,-10.2],[142.167,-10.198],[142.167,-10.2]]],[[[142.16,-9.956],[142.165,-9.958],[142.163,-9.955],[142.16,-9.956]]],[[[142.21,-9.958],[142.212,-9.957],[142.209,-9.952],[142.21,-9.958]]],[[[142.033,-10.885],[142.037,-10.882],[142.035,-10.88],[142.033,-10.885]]],[[[142.081,-10.1],[142.081,-10.1],[142.081,-10.099],[142.081,-10.1]]],[[[142.21,-9.962],[142.211,-9.96],[142.21,-9.961],[142.21,-9.962]]],[[[142.21,-9.963],[142.209,-9.962],[142.209,-9.963],[142.21,-9.963]]],[[[141.59,-14.165],[141.588,-14.163],[141.592,-14.174],[141.59,-14.165]]],[[[142.28,-10.689],[142.281,-10.688],[142.28,-10.688],[142.28,-10.689]]],[[[142.155,-9.247],[142.156,-9.247],[142.155,-9.246],[142.155,-9.247]]],[[[141.894,-12.0],[141.895,-11.999],[141.893,-11.999],[141.894,-12.0]]],[[[142.286,-10.724],[142.305,-10.724],[142.295,-10.702],[142.286,-10.724]]],[[[142.226,-10.74],[142.22,-10.739],[142.224,-10.748],[142.226,-10.74]]],[[[142.255,-10.737],[142.255,-10.735],[142.254,-10.736],[142.255,-10.737]]],[[[142.212,-10.765],[142.213,-10.763],[142.212,-10.764],[142.212,-10.765]]],[[[142.165,-10.226],[142.173,-10.226],[142.173,-10.207],[142.165,-10.226]]],[[[142.149,-10.204],[142.146,-10.2],[142.142,-10.21],[142.149,-10.204]]],[[[142.175,-9.969],[142.2,-9.946],[142.165,-9.95],[142.175,-9.969]]],[[[142.159,-9.946],[142.165,-9.947],[142.156,-9.941],[142.159,-9.946]]],[[[142.211,-9.952],[142.212,-9.947],[142.209,-9.951],[142.211,-9.952]]],[[[142.175,-9.946],[142.174,-9.944],[142.173,-9.945],[142.175,-9.946]]],[[[139.485,-17.118],[139.519,-17.123],[139.523,-17.103],[139.578,-17.094],[139.554,-17.07],[139.556,-17.034],[139.494,-16.98],[139.5,-17.002],[139.474,-17.03],[139.49,-17.045],[139.462,-17.025],[139.423,-17.079],[139.394,-17.083],[139.435,-17.139],[139.43,-17.104],[139.481,-17.085],[139.485,-17.118]]],[[[139.183,-16.698],[139.18,-16.672],[139.146,-16.692],[139.141,-16.754],[139.185,-16.734],[139.174,-16.728],[139.189,-16.719],[139.183,-16.698]]],[[[139.137,-16.805],[139.094,-16.813],[139.095,-16.843],[139.113,-16.849],[139.128,-16.826],[139.15,-16.824],[139.137,-16.805]]],[[[139.605,-17.138],[139.64,-17.078],[139.629,-17.062],[139.615,-17.106],[139.596,-17.112],[139.605,-17.138]]],[[[139.232,-17.024],[139.207,-17.003],[139.215,-17.036],[139.266,-17.058],[139.232,-17.024]]],[[[139.061,-16.889],[139.046,-16.885],[139.077,-16.905],[139.061,-16.889]]],[[[139.266,-16.999],[139.279,-16.991],[139.264,-16.985],[139.266,-16.999]]],[[[139.067,-16.869],[139.063,-16.861],[139.059,-16.877],[139.067,-16.869]]],[[[139.549,-17.129],[139.56,-17.114],[139.552,-17.115],[139.549,-17.129]]],[[[139.386,-17.072],[139.365,-17.07],[139.392,-17.073],[139.386,-17.072]]],[[[139.15,-16.757],[139.142,-16.755],[139.14,-16.762],[139.15,-16.757]]],[[[139.19,-16.991],[139.203,-16.995],[139.2,-16.993],[139.19,-16.991]]],[[[139.37,-17.0],[139.371,-17.004],[139.376,-17.007],[139.37,-17.0]]],[[[139.164,-16.745],[139.167,-16.748],[139.163,-16.741],[139.164,-16.745]]],[[[139.151,-16.784],[139.156,-16.774],[139.153,-16.776],[139.151,-16.784]]],[[[139.362,-16.956],[139.365,-16.957],[139.364,-16.953],[139.362,-16.956]]],[[[139.379,-17.03],[139.381,-17.03],[139.383,-17.025],[139.379,-17.03]]],[[[139.121,-16.859],[139.119,-16.859],[139.121,-16.862],[139.121,-16.859]]],[[[139.135,-16.791],[139.135,-16.79],[139.134,-16.79],[139.135,-16.791]]],[[[139.14,-16.79],[139.14,-16.789],[139.139,-16.789],[139.14,-16.79]]],[[[142.178,-10.592],[142.145,-10.596],[142.169,-10.606],[142.178,-10.592]]],[[[142.315,-10.217],[142.344,-10.169],[142.326,-10.135],[142.268,-10.116],[142.22,-10.129],[142.211,-10.171],[142.186,-10.19],[142.216,-10.238],[142.241,-10.234],[142.277,-10.26],[142.315,-10.217]]],[[[142.119,-10.149],[142.134,-10.179],[142.164,-10.181],[142.187,-10.152],[142.182,-10.059],[142.114,-10.069],[142.085,-10.113],[142.093,-10.138],[142.119,-10.149]]],[[[142.357,-10.116],[142.36,-10.118],[142.36,-10.115],[142.357,-10.116]]],[[[142.089,-10.092],[142.091,-10.09],[142.089,-10.09],[142.089,-10.092]]],[[[142.095,-10.077],[142.096,-10.077],[142.095,-10.075],[142.095,-10.077]]],[[[142.196,-10.594],[142.11,-10.663],[142.114,-10.722],[142.15,-10.765],[142.178,-10.771],[142.207,-10.726],[142.227,-10.721],[142.23,-10.739],[142.243,-10.711],[142.265,-10.727],[142.277,-10.706],[142.196,-10.594]]],[[[142.385,-10.748],[142.408,-10.709],[142.39,-10.718],[142.385,-10.748]]],[[[142.37,-10.767],[142.376,-10.756],[142.37,-10.761],[142.37,-10.767]]],[[[142.349,-10.709],[142.358,-10.698],[142.349,-10.703],[142.349,-10.709]]],[[[142.354,-10.847],[142.365,-10.842],[142.355,-10.842],[142.354,-10.847]]],[[[142.415,-10.723],[142.413,-10.729],[142.416,-10.727],[142.415,-10.723]]],[[[142.38,-10.705],[142.385,-10.701],[142.382,-10.7],[142.38,-10.705]]],[[[142.344,-10.717],[142.344,-10.713],[142.342,-10.714],[142.344,-10.717]]],[[[142.408,-10.744],[142.412,-10.739],[142.411,-10.738],[142.408,-10.744]],[[142.318,-10.839],[142.317,-10.842],[142.319,-10.836],[142.318,-10.839]]],[[[142.386,-10.768],[142.387,-10.769],[142.387,-10.766],[142.386,-10.768]]],[[[142.369,-10.713],[142.37,-10.714],[142.371,-10.713],[142.369,-10.713]]],[[[142.418,-10.736],[142.419,-10.736],[142.418,-10.735],[142.418,-10.736]]],[[[142.349,-10.844],[142.349,-10.843],[142.348,-10.844],[142.349,-10.844]]],[[[142.349,-10.837],[142.35,-10.837],[142.35,-10.837],[142.349,-10.837]]],[[[142.133,-9.269],[142.272,-9.29],[142.295,-9.263],[142.243,-9.259],[142.222,-9.229],[142.133,-9.269]]],[[[142.158,-9.244],[142.188,-9.232],[142.164,-9.224],[142.158,-9.244]]],[[[142.235,-9.225],[142.252,-9.233],[142.244,-9.223],[142.235,-9.225]]],[[[142.147,-9.232],[142.152,-9.226],[142.145,-9.227],[142.147,-9.232]]],[[[142.148,-9.226],[142.152,-9.222],[142.146,-9.223],[142.148,-9.226]]],[[[142.155,-9.236],[142.16,-9.231],[142.158,-9.228],[142.155,-9.236]]],[[[142.154,-9.235],[142.157,-9.233],[142.157,-9.229],[142.154,-9.235]]],[[[142.155,-9.229],[142.158,-9.226],[142.155,-9.226],[142.155,-9.229]]],[[[142.16,-9.229],[142.161,-9.227],[142.159,-9.226],[142.16,-9.229]]],[[[142.152,-9.231],[142.154,-9.229],[142.153,-9.228],[142.152,-9.231]]],[[[142.157,-9.237],[142.158,-9.236],[142.158,-9.235],[142.157,-9.237]]],[[[142.151,-9.232],[142.151,-9.231],[142.15,-9.231],[142.151,-9.232]]],[[[139.195,-16.662],[139.2,-16.708],[139.221,-16.712],[139.229,-16.733],[139.313,-16.73],[139.351,-16.689],[139.374,-16.686],[139.376,-16.642],[139.402,-16.64],[139.417,-16.672],[139.451,-16.666],[139.439,-16.631],[139.465,-16.629],[139.471,-16.588],[139.455,-16.58],[139.473,-16.583],[139.453,-16.57],[139.484,-16.556],[139.506,-16.578],[139.514,-16.545],[139.475,-16.526],[139.53,-16.518],[139.541,-16.488],[139.561,-16.48],[139.547,-16.461],[139.567,-16.475],[139.558,-16.493],[139.578,-16.503],[139.594,-16.555],[139.657,-16.519],[139.712,-16.532],[139.702,-16.486],[139.676,-16.451],[139.65,-16.45],[139.605,-16.403],[139.551,-16.391],[139.465,-16.446],[139.307,-16.462],[139.241,-16.505],[139.211,-16.569],[139.16,-16.61],[139.15,-16.634],[139.162,-16.665],[139.195,-16.662]]],[[[139.726,-16.495],[139.731,-16.455],[139.718,-16.45],[139.701,-16.475],[139.726,-16.495]]],[[[139.456,-16.673],[139.438,-16.695],[139.446,-16.706],[139.478,-16.679],[139.456,-16.673]]],[[[139.87,-16.655],[139.848,-16.663],[139.855,-16.677],[139.888,-16.654],[139.87,-16.655]]],[[[139.279,-16.269],[139.272,-16.265],[139.273,-16.276],[139.279,-16.269]]],[[[139.829,-16.703],[139.84,-16.699],[139.832,-16.697],[139.829,-16.703]]],[[[139.807,-16.497],[139.814,-16.491],[139.803,-16.487],[139.807,-16.497]]],[[[139.289,-16.749],[139.296,-16.752],[139.289,-16.743],[139.289,-16.749]]],[[[139.472,-16.562],[139.47,-16.565],[139.474,-16.567],[139.472,-16.562]]],[[[139.476,-16.605],[139.47,-16.605],[139.478,-16.608],[139.476,-16.605]]],[[[139.456,-16.667],[139.459,-16.666],[139.455,-16.662],[139.456,-16.667]]],[[[139.255,-16.23],[139.253,-16.23],[139.254,-16.233],[139.255,-16.23]]],[[[139.46,-16.667],[139.459,-16.669],[139.46,-16.668],[139.46,-16.667]]],[[[139.773,-16.44],[139.773,-16.44],[139.771,-16.44],[139.773,-16.44]]],[[[139.842,-16.71],[139.842,-16.709],[139.842,-16.709],[139.842,-16.71]]],[[[139.843,-16.707],[139.844,-16.707],[139.843,-16.706],[139.843,-16.707]]],[[[142.241,-10.598],[142.237,-10.611],[142.266,-10.642],[142.327,-10.613],[142.306,-10.571],[142.257,-10.579],[142.241,-10.598]]],[[[142.216,-10.522],[142.18,-10.561],[142.195,-10.575],[142.231,-10.537],[142.216,-10.522]]],[[[142.22,-10.571],[142.209,-10.589],[142.233,-10.576],[142.22,-10.571]]],[[[142.154,-10.571],[142.172,-10.554],[142.147,-10.563],[142.154,-10.571]]],[[[145.47,-14.866],[145.471,-14.865],[145.47,-14.865],[145.47,-14.866]]],[[[145.475,-14.858],[145.481,-14.86],[145.477,-14.856],[145.475,-14.858]]],[[[145.52,-14.828],[145.53,-14.83],[145.521,-14.825],[145.52,-14.828]]],[[[145.507,-14.745],[145.515,-14.749],[145.515,-14.744],[145.507,-14.745]]],[[[145.442,-14.693],[145.445,-14.696],[145.451,-14.692],[145.442,-14.693]]],[[[145.467,-14.692],[145.466,-14.691],[145.465,-14.692],[145.467,-14.692]]],[[[144.526,-14.129],[144.526,-14.129],[144.525,-14.129],[144.526,-14.129]]],[[[144.528,-14.128],[144.528,-14.128],[144.527,-14.127],[144.528,-14.128]]],[[[144.256,-14.075],[144.254,-14.077],[144.256,-14.078],[144.256,-14.075]]],[[[144.254,-14.072],[144.258,-14.074],[144.256,-14.071],[144.254,-14.072]]],[[[144.032,-11.591],[144.039,-11.593],[144.035,-11.588],[144.032,-11.591]]],[[[144.036,-9.952],[144.041,-9.948],[144.037,-9.946],[144.036,-9.952]]],[[[144.022,-9.943],[144.024,-9.947],[144.032,-9.948],[144.022,-9.943]]],[[[144.064,-9.912],[144.041,-9.913],[144.042,-9.925],[144.064,-9.912]]],[[[143.86,-9.478],[143.86,-9.477],[143.86,-9.478],[143.86,-9.478]]],[[[143.876,-9.144],[143.877,-9.143],[143.874,-9.142],[143.876,-9.144]]],[[[145.458,-15.731],[145.459,-15.73],[145.458,-15.729],[145.458,-15.731]]],[[[145.424,-15.112],[145.426,-15.119],[145.428,-15.114],[145.424,-15.112]]],[[[145.417,-15.111],[145.421,-15.114],[145.423,-15.113],[145.417,-15.111]]],[[[145.374,-15.091],[145.38,-15.097],[145.385,-15.094],[145.374,-15.091]]],[[[145.448,-15.026],[145.448,-15.023],[145.447,-15.022],[145.448,-15.026]]],[[[145.436,-15.02],[145.442,-15.02],[145.438,-15.018],[145.436,-15.02]]],[[[145.457,-14.702],[145.451,-14.701],[145.453,-14.704],[145.457,-14.702]]],[[[145.377,-14.699],[145.381,-14.695],[145.375,-14.697],[145.377,-14.699]]],[[[145.446,-14.668],[145.471,-14.687],[145.478,-14.671],[145.455,-14.646],[145.446,-14.668]]],[[[144.881,-14.199],[144.885,-14.198],[144.882,-14.198],[144.881,-14.199]]],[[[144.483,-14.151],[144.484,-14.152],[144.484,-14.15],[144.483,-14.151]]],[[[144.486,-14.15],[144.486,-14.15],[144.485,-14.149],[144.486,-14.15]]],[[[144.484,-14.14],[144.484,-14.14],[144.484,-14.14],[144.484,-14.14]]],[[[144.006,-14.126],[144.007,-14.123],[144.005,-14.124],[144.006,-14.126]]],[[[144.528,-14.121],[144.532,-14.125],[144.526,-14.112],[144.528,-14.121]]],[[[144.328,-14.097],[144.336,-14.102],[144.34,-14.088],[144.328,-14.097]]],[[[144.267,-14.057],[144.268,-14.051],[144.262,-14.05],[144.267,-14.057]]],[[[143.833,-13.909],[143.836,-13.912],[143.835,-13.908],[143.833,-13.909]]],[[[145.443,-15.749],[145.446,-15.754],[145.443,-15.745],[145.443,-15.749]]],[[[145.334,-15.607],[145.337,-15.606],[145.335,-15.606],[145.334,-15.607]]],[[[145.419,-15.117],[145.418,-15.115],[145.418,-15.116],[145.419,-15.117]]],[[[145.372,-15.091],[145.372,-15.089],[145.371,-15.09],[145.372,-15.091]]],[[[143.836,-13.957],[143.837,-13.956],[143.835,-13.956],[143.836,-13.957]]],[[[145.325,-15.14],[145.326,-15.138],[145.325,-15.138],[145.325,-15.14]]],[[[145.305,-15.133],[145.306,-15.133],[145.304,-15.132],[145.305,-15.133]]],[[[145.25,-14.659],[145.258,-14.656],[145.255,-14.65],[145.25,-14.659]]],[[[145.349,-15.53],[145.351,-15.53],[145.35,-15.529],[145.349,-15.53]]],[[[145.197,-14.734],[145.206,-14.737],[145.201,-14.733],[145.197,-14.734]]],[[[145.189,-14.736],[145.187,-14.733],[145.184,-14.733],[145.189,-14.736]]],[[[145.203,-14.706],[145.206,-14.704],[145.202,-14.703],[145.203,-14.706]]],[[[145.192,-14.715],[145.195,-14.713],[145.193,-14.713],[145.192,-14.715]]],[[[145.085,-14.737],[145.084,-14.736],[145.083,-14.737],[145.085,-14.737]]],[[[145.2,-14.721],[145.201,-14.721],[145.203,-14.721],[145.2,-14.721]]],[[[145.179,-14.73],[145.179,-14.729],[145.179,-14.729],[145.179,-14.73]]],[[[145.101,-14.731],[145.101,-14.731],[145.1,-14.732],[145.101,-14.731]]],[[[144.252,-14.169],[144.232,-14.185],[144.283,-14.196],[144.273,-14.159],[144.252,-14.169]]],[[[144.236,-14.136],[144.209,-14.185],[144.245,-14.152],[144.268,-14.15],[144.236,-14.136]]],[[[144.264,-14.235],[144.278,-14.217],[144.245,-14.221],[144.264,-14.235]]],[[[144.202,-14.231],[144.231,-14.214],[144.229,-14.206],[144.202,-14.231]]],[[[143.772,-14.221],[143.779,-14.224],[143.775,-14.214],[143.772,-14.221]]],[[[144.25,-14.211],[144.253,-14.211],[144.251,-14.209],[144.25,-14.211]]],[[[143.792,-14.226],[143.796,-14.226],[143.795,-14.224],[143.792,-14.226]]],[[[144.576,-14.233],[144.578,-14.231],[144.576,-14.232],[144.576,-14.233]]],[[[144.537,-14.184],[144.538,-14.184],[144.537,-14.183],[144.537,-14.184]]],[[[144.487,-14.165],[144.488,-14.164],[144.487,-14.164],[144.487,-14.165]]],[[[144.513,-14.123],[144.514,-14.122],[144.513,-14.122],[144.513,-14.123]]],[[[144.541,-14.183],[144.541,-14.182],[144.541,-14.182],[144.541,-14.183]]],[[[144.244,-14.209],[144.244,-14.208],[144.243,-14.208],[144.244,-14.209]]],[[[144.487,-14.165],[144.487,-14.165],[144.487,-14.165],[144.487,-14.165]]],[[[144.957,-14.507],[144.99,-14.503],[144.977,-14.493],[144.95,-14.499],[144.957,-14.507]]],[[[144.804,-14.434],[144.814,-14.438],[144.816,-14.426],[144.804,-14.434]]],[[[144.925,-14.607],[144.935,-14.612],[144.926,-14.602],[144.925,-14.607]]],[[[144.916,-14.51],[144.919,-14.505],[144.91,-14.503],[144.916,-14.51]]],[[[144.966,-14.524],[144.972,-14.527],[144.981,-14.523],[144.966,-14.524]],[[144.997,-14.54],[144.986,-14.541],[144.996,-14.536],[144.997,-14.54]]],[[[144.768,-14.508],[144.765,-14.501],[144.762,-14.504],[144.768,-14.508]]],[[[144.884,-14.561],[144.891,-14.562],[144.886,-14.558],[144.884,-14.561]]],[[[144.708,-14.558],[144.714,-14.558],[144.706,-14.555],[144.708,-14.558]]],[[[144.879,-14.418],[144.882,-14.416],[144.879,-14.416],[144.879,-14.418]]],[[[144.891,-14.464],[144.895,-14.466],[144.892,-14.462],[144.891,-14.464]]],[[[144.356,-14.252],[144.352,-14.254],[144.352,-14.256],[144.356,-14.252]]],[[[144.648,-14.345],[144.65,-14.345],[144.646,-14.342],[144.648,-14.345]]],[[[144.868,-14.546],[144.868,-14.548],[144.871,-14.548],[144.868,-14.546]]],[[[144.357,-14.274],[144.359,-14.272],[144.357,-14.271],[144.357,-14.274]]],[[[144.697,-14.475],[144.699,-14.473],[144.696,-14.473],[144.697,-14.475]]],[[[144.653,-14.347],[144.652,-14.345],[144.651,-14.345],[144.653,-14.347]]],[[[144.906,-14.553],[144.908,-14.556],[144.908,-14.554],[144.906,-14.553]]],[[[144.888,-14.434],[144.883,-14.43],[144.883,-14.431],[144.888,-14.434]]],[[[144.85,-14.32],[144.852,-14.319],[144.849,-14.319],[144.85,-14.32]]],[[[144.901,-14.401],[144.904,-14.4],[144.901,-14.4],[144.901,-14.401]]],[[[144.764,-14.5],[144.764,-14.5],[144.762,-14.5],[144.764,-14.5]]],[[[144.891,-14.435],[144.892,-14.435],[144.89,-14.434],[144.891,-14.435]]],[[[144.698,-14.477],[144.699,-14.476],[144.698,-14.475],[144.698,-14.477]]],[[[144.904,-14.553],[144.905,-14.553],[144.904,-14.552],[144.904,-14.553]]],[[[144.881,-14.43],[144.882,-14.429],[144.881,-14.429],[144.881,-14.43]]],[[[144.892,-14.435],[144.892,-14.435],[144.892,-14.435],[144.892,-14.435]]],[[[144.892,-14.435],[144.892,-14.435],[144.892,-14.435],[144.892,-14.435]]],[[[142.528,-10.686],[142.528,-10.68],[142.526,-10.685],[142.528,-10.686]]],[[[142.531,-10.683],[142.535,-10.681],[142.532,-10.681],[142.531,-10.683]]],[[[142.828,-10.255],[142.832,-10.254],[142.827,-10.254],[142.828,-10.255]]],[[[142.488,-10.249],[142.474,-10.251],[142.483,-10.261],[142.488,-10.249]]],[[[142.488,-10.235],[142.488,-10.234],[142.487,-10.234],[142.488,-10.235]]],[[[142.818,-10.209],[142.825,-10.211],[142.83,-10.206],[142.818,-10.209]]],[[[142.513,-10.195],[142.516,-10.187],[142.504,-10.184],[142.513,-10.195]]],[[[142.675,-10.168],[142.681,-10.172],[142.673,-10.166],[142.675,-10.168]]],[[[142.506,-10.159],[142.515,-10.161],[142.513,-10.155],[142.506,-10.159]]],[[[142.906,-10.154],[142.906,-10.154],[142.907,-10.154],[142.906,-10.154]]],[[[143.319,-10.108],[143.322,-10.105],[143.319,-10.106],[143.319,-10.108]]],[[[142.817,-10.101],[142.817,-10.1],[142.817,-10.101],[142.817,-10.101]]],[[[143.061,-10.05],[143.078,-10.051],[143.072,-10.049],[143.061,-10.05]]],[[[142.835,-10.036],[142.858,-10.053],[142.868,-10.041],[142.848,-10.017],[142.827,-10.024],[142.835,-10.036]]],[[[143.028,-9.997],[143.032,-9.997],[143.026,-9.995],[143.028,-9.997]]],[[[143.114,-9.989],[143.127,-9.985],[143.118,-9.986],[143.114,-9.989]]],[[[143.395,-9.956],[143.399,-9.954],[143.399,-9.952],[143.395,-9.956]]],[[[143.286,-9.954],[143.285,-9.958],[143.294,-9.947],[143.286,-9.954]]],[[[142.782,-9.902],[142.765,-9.895],[142.769,-9.905],[142.782,-9.902]]],[[[143.484,-9.886],[143.487,-9.883],[143.485,-9.881],[143.484,-9.886]]],[[[143.391,-9.872],[143.398,-9.869],[143.394,-9.868],[143.391,-9.872]]],[[[143.169,-9.87],[143.174,-9.869],[143.171,-9.868],[143.169,-9.87]]],[[[143.306,-9.865],[143.309,-9.864],[143.31,-9.861],[143.306,-9.865]]],[[[142.899,-9.858],[142.949,-9.856],[142.917,-9.843],[142.899,-9.858]]],[[[142.709,-9.835],[142.717,-9.836],[142.708,-9.832],[142.709,-9.835]]],[[[143.406,-9.824],[143.409,-9.822],[143.409,-9.819],[143.406,-9.824]]],[[[142.975,-9.797],[142.972,-9.803],[142.974,-9.808],[142.975,-9.797]]],[[[142.649,-9.765],[142.628,-9.758],[142.622,-9.773],[142.649,-9.765]]],[[[143.257,-9.768],[143.268,-9.763],[143.258,-9.765],[143.257,-9.768]]],[[[143.32,-9.764],[143.322,-9.762],[143.32,-9.762],[143.32,-9.764]]],[[[143.402,-9.749],[143.401,-9.757],[143.424,-9.75],[143.402,-9.749]]],[[[143.44,-9.748],[143.453,-9.733],[143.448,-9.737],[143.44,-9.748]]],[[[143.359,-9.716],[143.366,-9.713],[143.362,-9.712],[143.359,-9.716]]],[[[143.429,-9.688],[143.428,-9.689],[143.432,-9.686],[143.429,-9.688]]],[[[143.299,-9.617],[143.311,-9.609],[143.3,-9.612],[143.299,-9.617]]],[[[143.662,-9.613],[143.663,-9.612],[143.661,-9.612],[143.662,-9.613]]],[[[143.776,-9.576],[143.757,-9.582],[143.761,-9.599],[143.783,-9.587],[143.776,-9.576]]],[[[143.653,-9.569],[143.655,-9.566],[143.651,-9.568],[143.653,-9.569]]],[[[143.487,-9.571],[143.498,-9.561],[143.496,-9.561],[143.487,-9.571]]],[[[143.543,-9.509],[143.549,-9.507],[143.544,-9.505],[143.543,-9.509]]],[[[142.669,-10.667],[142.669,-10.666],[142.669,-10.667],[142.669,-10.667]]],[[[142.755,-10.658],[142.754,-10.656],[142.751,-10.657],[142.755,-10.658]]],[[[142.68,-10.641],[142.68,-10.64],[142.679,-10.64],[142.68,-10.641]]],[[[142.608,-10.613],[142.612,-10.612],[142.608,-10.611],[142.608,-10.613]]],[[[143.1,-10.519],[143.098,-10.52],[143.1,-10.52],[143.1,-10.519]]],[[[142.91,-10.152],[142.911,-10.151],[142.91,-10.152],[142.91,-10.152]]],[[[142.924,-10.15],[142.925,-10.15],[142.924,-10.149],[142.924,-10.15]]],[[[142.822,-10.145],[142.816,-10.146],[142.82,-10.147],[142.822,-10.145]]],[[[142.528,-9.422],[142.532,-9.436],[142.552,-9.421],[142.529,-9.41],[142.528,-9.422]]],[[[142.637,-10.629],[142.647,-10.657],[142.667,-10.63],[142.641,-10.618],[142.637,-10.629]]],[[[142.653,-10.623],[142.653,-10.62],[142.652,-10.623],[142.653,-10.623]]],[[[142.614,-10.611],[142.618,-10.606],[142.613,-10.609],[142.614,-10.611]]],[[[142.616,-10.601],[142.629,-10.599],[142.612,-10.591],[142.616,-10.601]]],[[[142.637,-10.599],[142.639,-10.599],[142.638,-10.597],[142.637,-10.599]]],[[[142.916,-10.151],[142.917,-10.15],[142.916,-10.151],[142.916,-10.151]]],[[[143.719,-13.871],[143.723,-13.863],[143.716,-13.859],[143.719,-13.871]]],[[[143.75,-13.939],[143.758,-13.939],[143.759,-13.934],[143.75,-13.939]]],[[[143.642,-13.772],[143.642,-13.768],[143.636,-13.774],[143.642,-13.772]]],[[[143.694,-13.668],[143.688,-13.669],[143.689,-13.675],[143.694,-13.668]]],[[[142.69,-9.377],[142.645,-9.365],[142.6,-9.386],[142.598,-9.408],[142.652,-9.428],[142.707,-9.428],[142.801,-9.382],[142.757,-9.367],[142.69,-9.377]]],[[[142.67,-9.373],[142.725,-9.368],[142.689,-9.358],[142.67,-9.373]]],[[[142.664,-9.365],[142.67,-9.363],[142.664,-9.362],[142.664,-9.365]]],[[[143.579,-13.183],[143.578,-13.173],[143.574,-13.192],[143.579,-13.183]]],[[[143.718,-13.655],[143.719,-13.655],[143.722,-13.653],[143.718,-13.655]]],[[[143.721,-13.495],[143.724,-13.492],[143.722,-13.493],[143.721,-13.495]]],[[[143.598,-13.275],[143.596,-13.275],[143.598,-13.277],[143.598,-13.275]]],[[[143.694,-13.369],[143.695,-13.369],[143.695,-13.367],[143.694,-13.369]]],[[[143.572,-13.217],[143.573,-13.217],[143.572,-13.216],[143.572,-13.217]]],[[[143.614,-12.994],[143.613,-12.992],[143.613,-12.992],[143.614,-12.994]]],[[[143.611,-12.989],[143.611,-12.989],[143.611,-12.988],[143.611,-12.989]]],[[[143.365,-12.884],[143.375,-12.896],[143.377,-12.884],[143.365,-12.884]]],[[[143.389,-12.872],[143.401,-12.869],[143.389,-12.865],[143.389,-12.872]]],[[[143.385,-12.865],[143.378,-12.874],[143.388,-12.874],[143.385,-12.865]]],[[[143.396,-12.884],[143.401,-12.897],[143.399,-12.877],[143.396,-12.884]]],[[[143.381,-12.881],[143.391,-12.881],[143.384,-12.877],[143.381,-12.881]]],[[[143.403,-12.76],[143.398,-12.754],[143.401,-12.768],[143.403,-12.76]]],[[[143.368,-12.879],[143.375,-12.882],[143.369,-12.877],[143.368,-12.879]]],[[[143.546,-12.887],[143.548,-12.885],[143.547,-12.884],[143.546,-12.887]]],[[[143.603,-12.886],[143.605,-12.888],[143.604,-12.885],[143.603,-12.886]]],[[[143.405,-12.76],[143.405,-12.757],[143.404,-12.759],[143.405,-12.76]]],[[[143.597,-12.886],[143.598,-12.883],[143.596,-12.885],[143.597,-12.886]]],[[[143.613,-12.986],[143.613,-12.984],[143.611,-12.985],[143.613,-12.986]]],[[[143.412,-12.782],[143.412,-12.781],[143.41,-12.78],[143.412,-12.782]]],[[[143.617,-12.985],[143.616,-12.985],[143.617,-12.988],[143.617,-12.985]]],[[[143.386,-12.884],[143.39,-12.883],[143.387,-12.883],[143.386,-12.884]]],[[[143.55,-12.886],[143.55,-12.885],[143.549,-12.886],[143.55,-12.886]]],[[[143.266,-11.988],[143.276,-11.987],[143.263,-11.975],[143.266,-11.988]]],[[[143.084,-11.766],[143.095,-11.775],[143.094,-11.767],[143.084,-11.766]]],[[[143.409,-12.286],[143.407,-12.292],[143.416,-12.291],[143.409,-12.286]]],[[[143.485,-11.92],[143.477,-11.915],[143.478,-11.922],[143.485,-11.92]]],[[[143.498,-12.528],[143.454,-12.504],[143.473,-12.52],[143.498,-12.528]]],[[[143.464,-11.904],[143.471,-11.907],[143.471,-11.898],[143.464,-11.904]]],[[[143.244,-11.989],[143.252,-11.996],[143.247,-11.985],[143.244,-11.989]]],[[[143.303,-12.039],[143.299,-12.036],[143.295,-12.042],[143.303,-12.039]]],[[[143.445,-12.624],[143.45,-12.621],[143.449,-12.614],[143.445,-12.624]]],[[[143.45,-12.498],[143.435,-12.483],[143.434,-12.484],[143.45,-12.498]]],[[[143.287,-11.975],[143.29,-11.972],[143.286,-11.969],[143.287,-11.975]]],[[[143.404,-12.295],[143.401,-12.3],[143.405,-12.298],[143.404,-12.295]]],[[[143.209,-11.928],[143.208,-11.931],[143.212,-11.931],[143.209,-11.928]]],[[[143.416,-12.294],[143.42,-12.297],[143.418,-12.293],[143.416,-12.294]]],[[[143.24,-11.996],[143.244,-11.997],[143.241,-11.994],[143.24,-11.996]]],[[[143.314,-11.838],[143.317,-11.836],[143.315,-11.836],[143.314,-11.838]]],[[[143.281,-11.86],[143.283,-11.856],[143.281,-11.856],[143.281,-11.86]]],[[[143.252,-11.97],[143.255,-11.97],[143.253,-11.968],[143.252,-11.97]]],[[[143.417,-12.591],[143.418,-12.589],[143.417,-12.589],[143.417,-12.591]]],[[[143.395,-12.75],[143.397,-12.749],[143.396,-12.748],[143.395,-12.75]]],[[[143.226,-12.244],[143.228,-12.245],[143.228,-12.243],[143.226,-12.244]]],[[[143.107,-11.891],[143.109,-11.89],[143.108,-11.888],[143.107,-11.891]]],[[[143.267,-11.952],[143.269,-11.95],[143.267,-11.95],[143.267,-11.952]]],[[[143.302,-11.847],[143.301,-11.847],[143.301,-11.848],[143.302,-11.847]]],[[[143.263,-11.971],[143.264,-11.969],[143.263,-11.967],[143.263,-11.971]]],[[[143.218,-11.985],[143.219,-11.984],[143.217,-11.983],[143.218,-11.985]]],[[[143.304,-11.85],[143.306,-11.85],[143.305,-11.849],[143.304,-11.85]]],[[[142.993,-11.738],[142.993,-11.739],[142.993,-11.736],[142.993,-11.738]]],[[[143.489,-12.404],[143.489,-12.406],[143.49,-12.403],[143.489,-12.404]]],[[[143.463,-12.622],[143.463,-12.622],[143.463,-12.621],[143.463,-12.622]]],[[[142.993,-11.742],[142.994,-11.741],[142.993,-11.741],[142.993,-11.742]]],[[[142.993,-11.741],[142.993,-11.74],[142.993,-11.74],[142.993,-11.741]]],[[[142.701,-10.943],[142.69,-10.92],[142.652,-10.915],[142.667,-10.936],[142.687,-10.937],[142.692,-10.959],[142.706,-10.957],[142.701,-10.943]]],[[[142.604,-10.736],[142.622,-10.746],[142.615,-10.721],[142.584,-10.714],[142.604,-10.736]]],[[[142.638,-10.916],[142.621,-10.922],[142.635,-10.927],[142.638,-10.916]]],[[[143.015,-11.171],[143.02,-11.171],[143.012,-11.166],[143.015,-11.171]]],[[[143.02,-11.488],[143.029,-11.488],[143.022,-11.484],[143.02,-11.488]]],[[[142.623,-10.722],[142.626,-10.72],[142.622,-10.718],[142.623,-10.722]]],[[[142.556,-10.71],[142.56,-10.71],[142.553,-10.708],[142.556,-10.71]]],[[[142.919,-11.24],[142.933,-11.248],[142.927,-11.242],[142.919,-11.24]]],[[[143.179,-11.701],[143.181,-11.705],[143.181,-11.699],[143.179,-11.701]]],[[[143.028,-11.379],[143.03,-11.379],[143.028,-11.377],[143.028,-11.379]]],[[[142.938,-11.593],[142.946,-11.593],[142.943,-11.591],[142.938,-11.593]]],[[[143.019,-11.111],[143.023,-11.109],[143.017,-11.109],[143.019,-11.111]]],[[[142.931,-11.592],[142.935,-11.59],[142.931,-11.591],[142.931,-11.592]]],[[[142.992,-11.008],[142.992,-11.009],[142.995,-11.008],[142.992,-11.008]]],[[[142.597,-10.71],[142.597,-10.707],[142.596,-10.709],[142.597,-10.71]]],[[[143.034,-11.45],[143.035,-11.446],[143.033,-11.449],[143.034,-11.45]]],[[[143.038,-11.194],[143.039,-11.196],[143.043,-11.196],[143.038,-11.194]]],[[[142.695,-10.889],[142.694,-10.886],[142.692,-10.887],[142.695,-10.889]]],[[[143.058,-11.373],[143.061,-11.377],[143.059,-11.372],[143.058,-11.373]]],[[[142.992,-11.238],[142.993,-11.236],[142.991,-11.237],[142.992,-11.238]]],[[[142.965,-11.381],[142.968,-11.384],[142.968,-11.381],[142.965,-11.381]]],[[[142.988,-11.726],[142.991,-11.73],[142.988,-11.725],[142.988,-11.726]]],[[[142.898,-11.588],[142.901,-11.59],[142.9,-11.588],[142.898,-11.588]]],[[[143.031,-11.481],[143.031,-11.479],[143.03,-11.479],[143.031,-11.481]]],[[[142.76,-10.998],[142.758,-10.998],[142.76,-10.999],[142.76,-10.998]]],[[[142.975,-11.728],[142.978,-11.728],[142.977,-11.727],[142.975,-11.728]]],[[[142.492,-10.696],[142.493,-10.694],[142.492,-10.694],[142.492,-10.696]]],[[[142.756,-11.025],[142.756,-11.025],[142.754,-11.024],[142.756,-11.025]]],[[[142.989,-11.006],[142.99,-11.005],[142.989,-11.004],[142.989,-11.006]]],[[[142.596,-10.705],[142.596,-10.703],[142.595,-10.704],[142.596,-10.705]]],[[[142.873,-11.248],[142.874,-11.248],[142.873,-11.247],[142.873,-11.248]]],[[[142.991,-11.732],[142.992,-11.733],[142.992,-11.731],[142.991,-11.732]]]]},"properties":{"sa4_code_2021":"315","sa4_name_2021":"Queensland - Outback"},"id":"315"},{"type":"Feature","geometry":{"type":"MultiPolygon","coordinates":[[[[153.101,-26.646],[153.092,-26.518],[153.12,-26.379],[153.08,-26.381],[153.061,-26.33],[153.096,-26.155],[152.974,-26.137],[152.957,-26.19],[152.896,-26.219],[152.853,-26.198],[152.85,-26.218],[152.825,-26.224],[152.793,-26.351],[152.771,-26.344],[152.765,-26.362],[152.769,-26.394],[152.797,-26.416],[152.789,-26.473],[152.758,-26.468],[152.766,-26.483],[152.744,-26.503],[152.762,-26.511],[152.768,-26.537],[152.754,-26.55],[152.728,-26.537],[152.712,-26.546],[152.68,-26.598],[152.579,-26.581],[152.583,-26.645],[152.551,-26.704],[152.579,-26.716],[152.602,-26.758],[152.661,-26.769],[152.696,-26.809],[152.749,-26.816],[152.753,-26.797],[152.776,-26.796],[152.792,-26.827],[152.854,-26.856],[152.869,-26.873],[152.855,-26.902],[152.875,-26.914],[152.858,-26.956],[152.917,-26.955],[153.003,-26.985],[153.018,-26.966],[153.065,-26.976],[153.043,-26.946],[153.062,-26.928],[153.061,-26.893],[153.071,-26.909],[153.109,-26.887],[153.125,-26.807],[153.151,-26.802],[153.137,-26.773],[153.139,-26.679],[153.109,-26.671],[153.101,-26.646]]],[[[153.068,-26.973],[153.069,-26.973],[153.069,-26.972],[153.068,-26.973]]],[[[153.078,-26.953],[153.073,-26.955],[153.075,-26.959],[153.078,-26.953]]],[[[153.073,-26.93],[153.074,-26.937],[153.074,-26.927],[153.073,-26.93]]],[[[153.084,-26.899],[153.087,-26.897],[153.085,-26.897],[153.084,-26.899]]],[[[153.087,-26.899],[153.089,-26.898],[153.088,-26.898],[153.087,-26.899]]],[[[153.093,-26.898],[153.094,-26.898],[153.094,-26.898],[153.093,-26.898]]],[[[153.06,-26.912],[153.066,-26.909],[153.063,-26.904],[153.06,-26.912]]],[[[153.069,-26.977],[153.068,-26.974],[153.066,-26.977],[153.069,-26.977]]],[[[153.063,-26.916],[153.065,-26.912],[153.062,-26.913],[153.063,-26.916]]],[[[153.066,-26.921],[153.065,-26.924],[153.067,-26.92],[153.066,-26.921]]],[[[153.057,-26.977],[153.058,-26.977],[153.058,-26.976],[153.057,-26.977]]],[[[153.1,-26.895],[153.11,-26.889],[153.104,-26.892],[153.1,-26.895]]],[[[153.111,-26.879],[153.112,-26.881],[153.113,-26.879],[153.111,-26.879]]],[[[153.097,-26.894],[153.096,-26.894],[153.1,-26.894],[153.097,-26.894]]],[[[153.116,-26.615],[153.113,-26.614],[153.115,-26.615],[153.116,-26.615]]],[[[153.112,-26.885],[153.113,-26.884],[153.111,-26.884],[153.112,-26.885]]]]},"properties":{"sa4_code_2021":"316","sa4_name_2021":"Sunshine Coast"},"id":"316"},{"type":"Feature","geometry":{"type":"Polygon","coordinates":[[[152.153,-27.836],[152.151,-27.877],[152.176,-27.887],[152.188,-27.924],[152.216,-27.946],[152.27,-27.969],[152.294,-27.956],[152.382,-27.966],[152.311,-27.873],[152.315,-27.813],[152.292,-27.787],[152.298,-27.73],[152.311,-27.726],[152.292,-27.703],[152.296,-27.671],[152.283,-27.671],[152.284,-27.627],[152.309,-27.617],[152.313,-27.564],[152.333,-27.573],[152.349,-27.557],[152.341,-27.532],[152.319,-27.543],[152.316,-27.525],[152.346,-27.484],[152.296,-27.475],[152.305,-27.427],[152.291,-27.4],[152.263,-27.416],[152.261,-27.393],[152.193,-27.385],[152.198,-27.409],[152.18,-27.407],[152.162,-27.447],[152.089,-27.397],[152.054,-27.392],[152.055,-27.413],[152.038,-27.41],[152.022,-27.395],[152.023,-27.35],[151.964,-27.366],[151.946,-27.385],[151.965,-27.398],[151.924,-27.39],[151.921,-27.366],[151.891,-27.367],[151.904,-27.391],[151.868,-27.391],[151.863,-27.443],[151.796,-27.449],[151.802,-27.472],[151.847,-27.492],[151.822,-27.528],[151.773,-27.531],[151.781,-27.547],[151.767,-27.6],[151.805,-27.605],[151.81,-27.625],[151.8,-27.688],[151.769,-27.735],[151.841,-27.785],[151.845,-27.763],[151.868,-27.766],[151.897,-27.732],[151.916,-27.736],[151.933,-27.696],[151.965,-27.707],[151.987,-27.679],[152.002,-27.703],[152.034,-27.703],[152.032,-27.716],[152.077,-27.729],[152.085,-27.76],[152.105,-27.746],[152.101,-27.765],[152.139,-27.78],[152.153,-27.836]]]},"properties":{"sa4_code_2021":"317","sa4_name_2021":"Toowoomba"},"id":"317"},{"type":"Feature","geometry":{"type":"MultiPolygon","coordinates":[[[[146.775,-19.198],[146.748,-19.181],[146.689,-19.193],[146.562,-19.142],[146.518,-19.1],[146.454,-19.074],[146.396,-18.999],[146.336,-18.956],[146.275,-18.858],[146.289,-18.746],[146.34,-18.624],[146.319,-18.646],[146.339,-18.607],[146.338,-18.526],[146.23,-18.49],[146.187,-18.533],[146.122,-18.508],[146.085,-18.401],[146.036,-18.388],[145.962,-18.394],[145.947,-18.364],[145.88,-18.407],[145.826,-18.407],[145.808,-18.378],[145.792,-18.403],[145.757,-18.396],[145.769,-18.409],[145.756,-18.408],[145.755,-18.438],[145.731,-18.464],[145.708,-18.471],[145.715,-18.489],[145.5,-18.462],[145.494,-18.577],[145.384,-18.57],[145.279,-18.44],[145.287,-18.43],[145.26,-18.427],[145.268,-18.355],[145.167,-18.347],[145.156,-18.365],[145.134,-18.362],[145.133,-18.38],[145.161,-18.391],[145.183,-18.432],[145.186,-18.48],[145.173,-18.489],[145.182,-18.511],[145.133,-18.578],[145.128,-18.558],[145.101,-18.569],[145.054,-18.549],[145.048,-18.514],[144.981,-18.507],[144.969,-18.469],[144.962,-18.486],[144.951,-18.477],[144.952,-18.504],[144.922,-18.501],[144.924,-18.523],[144.878,-18.518],[144.881,-18.497],[144.837,-18.493],[144.855,-18.37],[144.76,-18.356],[144.741,-18.319],[144.687,-18.314],[144.652,-18.627],[144.764,-18.638],[144.787,-18.661],[144.742,-18.703],[144.745,-18.722],[144.778,-18.741],[144.792,-18.733],[144.808,-18.77],[144.745,-18.818],[144.79,-18.871],[144.707,-18.936],[144.699,-19.004],[144.774,-19.148],[144.832,-19.161],[144.772,-19.206],[144.751,-19.181],[144.634,-19.285],[144.618,-19.32],[144.599,-19.318],[144.591,-19.38],[144.475,-19.371],[144.468,-19.447],[144.352,-19.424],[144.345,-19.502],[144.303,-19.497],[144.285,-19.573],[144.426,-19.611],[144.396,-19.935],[144.43,-19.976],[144.478,-19.975],[144.492,-19.953],[144.559,-19.953],[144.58,-19.988],[144.62,-19.992],[144.622,-19.969],[144.667,-20.028],[144.664,-20.058],[144.776,-20.067],[144.772,-20.129],[144.84,-20.205],[144.821,-20.246],[144.832,-20.293],[144.82,-20.332],[144.909,-20.373],[144.905,-20.407],[144.933,-20.412],[144.909,-20.438],[144.922,-20.462],[144.971,-20.468],[144.998,-20.492],[145.01,-20.537],[145.097,-20.628],[145.189,-20.634],[145.164,-20.97],[145.227,-20.975],[145.22,-21.065],[145.173,-21.062],[145.181,-21.091],[145.218,-21.122],[145.221,-21.172],[145.256,-21.175],[145.243,-21.277],[145.256,-21.281],[145.25,-21.315],[145.29,-21.414],[145.262,-21.458],[145.465,-21.461],[145.453,-21.566],[145.54,-21.575],[145.533,-21.658],[145.678,-21.668],[145.675,-21.708],[145.651,-21.707],[145.627,-21.927],[145.668,-21.932],[145.661,-22.041],[145.77,-22.049],[145.77,-22.067],[146.031,-22.105],[146.039,-22.023],[146.067,-22.027],[146.072,-21.997],[146.201,-22.008],[146.211,-21.908],[146.118,-21.901],[146.127,-21.814],[146.069,-21.809],[146.093,-21.51],[146.132,-21.514],[146.151,-21.5],[146.347,-21.518],[146.341,-21.57],[146.396,-21.663],[146.484,-21.68],[146.492,-21.566],[146.657,-21.583],[146.651,-21.609],[146.834,-21.643],[146.835,-21.574],[146.912,-21.454],[146.875,-21.397],[146.879,-21.37],[146.959,-21.3],[146.966,-21.279],[146.95,-21.24],[146.891,-21.222],[146.866,-21.191],[146.883,-21.17],[146.849,-21.101],[146.86,-21.031],[146.884,-20.998],[146.853,-20.919],[146.866,-20.886],[146.852,-20.811],[146.91,-20.787],[146.92,-20.757],[146.961,-20.74],[146.961,-20.684],[146.986,-20.662],[146.976,-20.62],[147.015,-20.606],[147.036,-20.629],[147.062,-20.627],[147.079,-20.653],[147.112,-20.636],[147.156,-20.652],[147.18,-20.605],[147.215,-20.577],[147.241,-20.584],[147.279,-20.555],[147.301,-20.504],[147.298,-20.447],[147.341,-20.425],[147.348,-20.397],[147.3,-20.318],[147.309,-20.222],[147.274,-20.124],[147.295,-20.069],[147.273,-20.028],[147.302,-20.015],[147.32,-20.052],[147.389,-20.069],[147.386,-20.087],[147.467,-20.096],[147.491,-19.871],[147.51,-19.873],[147.508,-19.851],[147.537,-19.833],[147.54,-19.813],[147.602,-19.799],[147.663,-19.811],[147.601,-19.757],[147.587,-19.725],[147.615,-19.673],[147.574,-19.629],[147.559,-19.551],[147.487,-19.466],[147.457,-19.374],[147.415,-19.313],[147.385,-19.302],[147.421,-19.322],[147.446,-19.365],[147.455,-19.395],[147.441,-19.421],[147.304,-19.408],[147.247,-19.432],[147.162,-19.405],[147.135,-19.407],[147.126,-19.422],[147.041,-19.296],[147.061,-19.256],[147.016,-19.182],[147.022,-19.216],[146.958,-19.309],[146.942,-19.295],[146.879,-19.302],[146.836,-19.271],[146.839,-19.243],[146.821,-19.252],[146.79,-19.239],[146.775,-19.198]]],[[[146.632,-19.024],[146.629,-19.033],[146.643,-19.032],[146.632,-19.024]]],[[[146.635,-18.965],[146.643,-18.962],[146.632,-18.964],[146.635,-18.965]]],[[[146.504,-18.546],[146.491,-18.538],[146.488,-18.558],[146.5,-18.563],[146.504,-18.546]]],[[[146.602,-19.037],[146.621,-19.03],[146.601,-19.03],[146.602,-19.037]]],[[[146.668,-18.775],[146.665,-18.778],[146.668,-18.778],[146.668,-18.775]]],[[[146.58,-18.765],[146.61,-18.758],[146.648,-18.777],[146.695,-18.759],[146.684,-18.737],[146.642,-18.75],[146.617,-18.705],[146.574,-18.676],[146.589,-18.712],[146.567,-18.75],[146.58,-18.765]]],[[[146.485,-18.617],[146.5,-18.634],[146.491,-18.667],[146.508,-18.623],[146.484,-18.567],[146.485,-18.617]]],[[[146.516,-18.682],[146.508,-18.698],[146.52,-18.715],[146.527,-18.672],[146.506,-18.659],[146.516,-18.682]]],[[[146.553,-18.677],[146.559,-18.687],[146.567,-18.67],[146.545,-18.652],[146.553,-18.677]]],[[[146.543,-18.837],[146.531,-18.835],[146.55,-18.849],[146.543,-18.837]]],[[[146.536,-18.778],[146.542,-18.788],[146.549,-18.789],[146.536,-18.778]]],[[[146.515,-18.769],[146.521,-18.774],[146.52,-18.767],[146.515,-18.769]]],[[[146.529,-18.765],[146.537,-18.773],[146.533,-18.767],[146.529,-18.765]]],[[[146.554,-18.77],[146.548,-18.769],[146.554,-18.774],[146.554,-18.77]]],[[[146.525,-18.828],[146.528,-18.829],[146.527,-18.827],[146.525,-18.828]]],[[[147.062,-19.273],[147.063,-19.273],[147.064,-19.273],[147.062,-19.273]]],[[[147.071,-19.258],[147.073,-19.258],[147.072,-19.257],[147.071,-19.258]]],[[[147.064,-19.247],[147.062,-19.246],[147.063,-19.248],[147.064,-19.247]]],[[[147.369,-19.351],[147.371,-19.349],[147.374,-19.34],[147.369,-19.351]]],[[[147.061,-19.27],[147.061,-19.27],[147.061,-19.27],[147.061,-19.27]]],[[[147.047,-19.275],[147.05,-19.274],[147.047,-19.274],[147.047,-19.275]]],[[[147.061,-19.246],[147.062,-19.246],[147.062,-19.246],[147.061,-19.246]]],[[[146.834,-19.18],[146.873,-19.153],[146.883,-19.112],[146.862,-19.103],[146.852,-19.118],[146.832,-19.105],[146.781,-19.124],[146.834,-19.18]]]]},"properties":{"sa4_code_2021":"318","sa4_name_2021":"Townsville"},"id":"318"},{"type":"Feature","geometry":{"type":"MultiPolygon","coordinates":[[[[152.715,-25.264],[152.644,-25.234],[152.615,-25.183],[152.557,-25.182],[152.549,-25.205],[152.541,-25.194],[152.555,-25.172],[152.618,-25.173],[152.633,-25.152],[152.577,-25.119],[152.546,-25.074],[152.534,-25.09],[152.523,-25.07],[152.508,-25.078],[152.551,-25.074],[152.486,-24.971],[152.495,-24.916],[152.468,-24.816],[152.413,-24.758],[152.384,-24.763],[152.381,-24.797],[152.378,-24.768],[152.397,-24.751],[152.378,-24.731],[152.334,-24.744],[152.348,-24.738],[152.28,-24.715],[152.157,-24.633],[152.06,-24.518],[152.032,-24.53],[152.014,-24.514],[151.993,-24.522],[151.959,-24.587],[151.989,-24.591],[151.986,-24.611],[151.958,-24.614],[151.959,-24.641],[151.996,-24.644],[151.991,-24.681],[151.961,-24.676],[151.962,-24.703],[151.929,-24.709],[151.923,-24.739],[151.893,-24.743],[151.884,-24.769],[151.843,-24.792],[151.789,-24.741],[151.751,-24.736],[151.745,-24.772],[151.677,-24.695],[151.639,-24.73],[151.595,-24.7],[151.565,-24.71],[151.531,-24.696],[151.515,-24.67],[151.542,-24.646],[151.542,-24.617],[151.505,-24.594],[151.478,-24.536],[151.457,-24.571],[151.433,-24.563],[151.442,-24.578],[151.407,-24.615],[151.371,-24.609],[151.345,-24.646],[151.315,-24.647],[151.302,-24.668],[151.275,-24.654],[151.254,-24.666],[151.22,-24.634],[151.195,-24.643],[151.208,-24.625],[151.23,-24.628],[151.218,-24.575],[151.229,-24.528],[151.162,-24.55],[151.152,-24.527],[151.169,-24.479],[151.138,-24.456],[151.114,-24.475],[151.03,-24.392],[150.992,-24.411],[150.98,-24.491],[150.964,-24.508],[150.981,-24.549],[150.97,-24.552],[150.973,-24.576],[150.881,-24.552],[150.826,-24.555],[150.819,-24.604],[150.868,-24.631],[150.898,-24.631],[150.911,-24.65],[150.883,-24.678],[150.874,-24.721],[150.656,-24.693],[150.587,-24.731],[150.606,-24.799],[150.54,-24.961],[150.553,-24.986],[150.556,-25.094],[150.579,-25.112],[150.557,-25.134],[150.557,-25.162],[150.508,-25.174],[150.502,-25.193],[150.472,-25.19],[150.459,-25.278],[150.444,-25.282],[150.443,-25.321],[150.417,-25.331],[150.407,-25.362],[150.418,-25.372],[150.396,-25.391],[150.402,-25.414],[150.391,-25.419],[150.405,-25.431],[150.37,-25.476],[150.385,-25.503],[150.402,-25.503],[150.392,-25.532],[150.412,-25.567],[150.402,-25.598],[150.482,-25.605],[150.524,-25.645],[150.57,-25.638],[150.654,-25.66],[150.664,-25.684],[150.643,-25.716],[150.668,-25.758],[150.644,-25.786],[150.699,-25.856],[150.678,-25.889],[150.673,-25.97],[150.764,-25.982],[150.79,-26.049],[150.85,-26.056],[150.914,-26.004],[150.984,-26.008],[151.016,-26.077],[151.067,-26.085],[151.115,-26.119],[151.152,-26.108],[151.159,-26.155],[151.139,-26.159],[151.116,-26.141],[151.1,-26.16],[151.013,-26.192],[151.017,-26.256],[151.136,-26.263],[151.115,-26.379],[151.077,-26.463],[151.208,-26.479],[151.212,-26.514],[151.247,-26.527],[151.258,-26.548],[151.288,-26.545],[151.314,-26.591],[151.395,-26.639],[151.409,-26.661],[151.392,-26.684],[151.417,-26.698],[151.421,-26.746],[151.52,-26.767],[151.516,-26.799],[151.577,-26.88],[151.666,-26.911],[151.7,-26.939],[151.753,-26.948],[151.813,-26.933],[151.843,-26.898],[151.886,-26.879],[151.933,-26.801],[151.974,-26.806],[152.008,-26.769],[152.032,-26.783],[152.052,-26.767],[152.073,-26.818],[152.034,-26.85],[152.076,-26.861],[152.051,-26.919],[152.068,-26.927],[152.108,-26.903],[152.136,-26.906],[152.167,-26.867],[152.189,-26.876],[152.179,-26.784],[152.156,-26.769],[152.164,-26.742],[152.142,-26.727],[152.133,-26.741],[152.113,-26.707],[152.075,-26.685],[152.081,-26.658],[152.131,-26.639],[152.13,-26.6],[152.143,-26.593],[152.126,-26.532],[152.136,-26.48],[152.167,-26.475],[152.214,-26.513],[152.278,-26.453],[152.316,-26.481],[152.443,-26.46],[152.436,-26.538],[152.45,-26.531],[152.44,-26.557],[152.457,-26.581],[152.52,-26.588],[152.511,-26.567],[152.68,-26.598],[152.712,-26.546],[152.728,-26.537],[152.755,-26.55],[152.769,-26.534],[152.744,-26.503],[152.766,-26.483],[152.758,-26.468],[152.789,-26.473],[152.797,-26.416],[152.769,-26.394],[152.765,-26.362],[152.771,-26.344],[152.793,-26.351],[152.831,-26.216],[152.85,-26.218],[152.853,-26.198],[152.891,-26.218],[152.923,-26.209],[152.965,-26.18],[152.974,-26.137],[153.096,-26.155],[153.192,-25.937],[153.183,-25.928],[153.157,-25.95],[153.115,-25.929],[153.085,-25.885],[153.072,-25.812],[153.046,-25.808],[153.071,-25.82],[153.046,-25.849],[153.066,-25.886],[153.058,-25.914],[153.051,-25.898],[153.025,-25.908],[153.028,-25.922],[153.057,-25.93],[153.032,-25.946],[153.039,-25.97],[153.027,-25.954],[153.031,-25.978],[153.015,-25.977],[153.027,-25.988],[153.011,-25.99],[152.998,-25.954],[153.031,-25.934],[153.003,-25.935],[153.016,-25.904],[153.001,-25.907],[153.032,-25.878],[153.022,-25.866],[153.009,-25.885],[152.994,-25.881],[153.026,-25.852],[153.021,-25.83],[152.987,-25.803],[152.983,-25.825],[152.978,-25.809],[152.937,-25.815],[152.94,-25.795],[152.972,-25.794],[152.976,-25.771],[152.957,-25.757],[152.937,-25.768],[152.938,-25.744],[152.907,-25.728],[152.92,-25.706],[152.878,-25.684],[152.911,-25.675],[152.892,-25.618],[152.875,-25.609],[152.878,-25.561],[152.862,-25.553],[152.903,-25.542],[152.897,-25.499],[152.947,-25.461],[152.956,-25.434],[152.934,-25.432],[152.849,-25.498],[152.824,-25.494],[152.851,-25.485],[152.872,-25.444],[152.908,-25.429],[152.89,-25.427],[152.897,-25.419],[152.924,-25.431],[152.901,-25.314],[152.914,-25.293],[152.834,-25.276],[152.814,-25.243],[152.793,-25.267],[152.715,-25.264]]],[[[153.223,-24.995],[153.16,-25.084],[153.03,-25.176],[152.992,-25.221],[153.039,-25.223],[153.052,-25.245],[153.04,-25.277],[153.051,-25.345],[152.987,-25.448],[152.989,-25.512],[152.951,-25.552],[152.959,-25.574],[152.943,-25.586],[152.953,-25.594],[152.964,-25.577],[152.955,-25.596],[152.975,-25.625],[152.996,-25.732],[153.049,-25.796],[153.077,-25.793],[153.089,-25.758],[153.078,-25.673],[153.115,-25.54],[153.36,-25.007],[153.351,-24.963],[153.3,-24.946],[153.268,-24.886],[153.265,-24.697],[153.183,-24.738],[153.119,-24.815],[153.169,-24.832],[153.226,-24.912],[153.223,-24.995]]],[[[152.914,-25.526],[152.945,-25.514],[152.952,-25.482],[152.909,-25.5],[152.914,-25.526]]],[[[152.984,-25.31],[152.943,-25.273],[152.993,-25.336],[152.984,-25.31]]],[[[152.946,-25.582],[152.949,-25.557],[152.938,-25.563],[152.946,-25.582]]],[[[152.888,-25.582],[152.9,-25.597],[152.899,-25.578],[152.888,-25.582]]],[[[152.955,-25.633],[152.961,-25.616],[152.953,-25.616],[152.955,-25.633]]],[[[152.564,-25.178],[152.587,-25.18],[152.574,-25.173],[152.564,-25.178]]],[[[152.961,-25.491],[152.97,-25.482],[152.966,-25.474],[152.961,-25.491]]],[[[152.937,-25.601],[152.931,-25.586],[152.938,-25.611],[152.937,-25.601]]],[[[152.889,-25.57],[152.904,-25.572],[152.899,-25.56],[152.889,-25.57]]],[[[152.925,-25.59],[152.921,-25.574],[152.924,-25.598],[152.925,-25.59]]],[[[152.953,-25.605],[152.956,-25.613],[152.963,-25.604],[152.953,-25.605]]],[[[152.879,-25.563],[152.874,-25.57],[152.883,-25.575],[152.879,-25.563]]],[[[152.909,-25.549],[152.902,-25.557],[152.907,-25.564],[152.909,-25.549]]],[[[152.885,-25.555],[152.894,-25.558],[152.898,-25.55],[152.885,-25.555]]],[[[152.956,-25.507],[152.953,-25.513],[152.966,-25.501],[152.956,-25.507]]],[[[152.924,-25.612],[152.922,-25.617],[152.929,-25.624],[152.924,-25.612]]],[[[153.049,-25.835],[153.05,-25.825],[153.045,-25.843],[153.049,-25.835]]],[[[152.941,-25.556],[152.946,-25.56],[152.95,-25.548],[152.941,-25.556]]],[[[152.871,-25.446],[152.873,-25.451],[152.881,-25.447],[152.871,-25.446]]],[[[152.857,-25.487],[152.863,-25.471],[152.858,-25.477],[152.857,-25.487]]],[[[152.921,-25.567],[152.918,-25.557],[152.915,-25.563],[152.921,-25.567]]],[[[152.981,-25.801],[152.977,-25.803],[152.987,-25.802],[152.981,-25.801]]],[[[152.835,-25.49],[152.845,-25.491],[152.848,-25.487],[152.835,-25.49]]],[[[152.886,-25.566],[152.893,-25.56],[152.887,-25.561],[152.886,-25.566]]],[[[152.847,-25.491],[152.855,-25.488],[152.856,-25.483],[152.847,-25.491]]],[[[152.957,-25.539],[152.942,-25.547],[152.956,-25.541],[152.957,-25.539]]],[[[153.052,-25.885],[153.046,-25.88],[153.047,-25.884],[153.052,-25.885]]],[[[152.874,-25.559],[152.879,-25.56],[152.882,-25.556],[152.874,-25.559]]],[[[152.917,-25.489],[152.923,-25.486],[152.924,-25.482],[152.917,-25.489]]],[[[152.911,-25.602],[152.913,-25.603],[152.914,-25.596],[152.911,-25.602]]],[[[153.017,-25.315],[153.024,-25.324],[153.016,-25.313],[153.017,-25.315]]],[[[152.878,-25.582],[152.879,-25.584],[152.88,-25.576],[152.878,-25.582]]],[[[152.938,-25.561],[152.941,-25.557],[152.94,-25.555],[152.938,-25.561]]],[[[152.88,-25.582],[152.882,-25.576],[152.88,-25.576],[152.88,-25.582]]],[[[152.883,-25.559],[152.879,-25.562],[152.884,-25.561],[152.883,-25.559]]],[[[152.886,-25.587],[152.885,-25.593],[152.887,-25.592],[152.886,-25.587]]],[[[152.913,-25.603],[152.91,-25.602],[152.911,-25.606],[152.913,-25.603]]],[[[152.952,-25.601],[152.955,-25.598],[152.952,-25.598],[152.952,-25.601]]],[[[152.95,-25.561],[152.954,-25.559],[152.95,-25.556],[152.95,-25.561]]],[[[152.881,-25.589],[152.883,-25.592],[152.882,-25.585],[152.881,-25.589]]],[[[152.494,-24.928],[152.491,-24.926],[152.496,-24.932],[152.494,-24.928]]],[[[153.037,-25.836],[153.039,-25.835],[153.037,-25.833],[153.037,-25.836]]],[[[152.916,-25.57],[152.917,-25.568],[152.913,-25.568],[152.916,-25.57]]],[[[153.0,-25.969],[153.004,-25.968],[153.0,-25.968],[153.0,-25.969]]],[[[152.901,-25.549],[152.898,-25.55],[152.899,-25.552],[152.901,-25.549]]],[[[153.047,-25.872],[153.05,-25.873],[153.049,-25.87],[153.047,-25.872]]],[[[152.884,-25.573],[152.886,-25.573],[152.885,-25.57],[152.884,-25.573]]],[[[152.902,-25.574],[152.899,-25.575],[152.904,-25.574],[152.902,-25.574]]],[[[152.892,-25.598],[152.894,-25.597],[152.891,-25.595],[152.892,-25.598]]],[[[152.937,-25.555],[152.938,-25.557],[152.94,-25.553],[152.937,-25.555]]],[[[152.908,-25.578],[152.907,-25.576],[152.906,-25.579],[152.908,-25.578]]],[[[153.042,-25.844],[153.044,-25.844],[153.042,-25.841],[153.042,-25.844]]],[[[152.91,-25.422],[152.907,-25.421],[152.91,-25.423],[152.91,-25.422]]],[[[152.916,-25.556],[152.916,-25.557],[152.92,-25.556],[152.916,-25.556]]],[[[152.868,-25.458],[152.87,-25.455],[152.869,-25.454],[152.868,-25.458]]],[[[152.904,-25.561],[152.905,-25.564],[152.906,-25.564],[152.904,-25.561]]],[[[152.906,-25.58],[152.905,-25.583],[152.907,-25.582],[152.906,-25.58]]],[[[153.061,-25.884],[153.063,-25.886],[153.063,-25.884],[153.061,-25.884]]],[[[152.909,-25.606],[152.908,-25.608],[152.909,-25.609],[152.909,-25.606]]],[[[152.889,-25.579],[152.892,-25.577],[152.89,-25.577],[152.889,-25.579]]],[[[152.883,-25.555],[152.885,-25.552],[152.883,-25.553],[152.883,-25.555]]],[[[152.939,-25.377],[152.942,-25.377],[152.94,-25.376],[152.939,-25.377]]],[[[152.914,-25.493],[152.914,-25.494],[152.917,-25.491],[152.914,-25.493]]],[[[153.035,-25.905],[153.037,-25.903],[153.035,-25.903],[153.035,-25.905]]],[[[152.889,-25.577],[152.89,-25.575],[152.889,-25.575],[152.889,-25.577]]],[[[153.007,-25.357],[153.005,-25.354],[153.004,-25.353],[153.007,-25.357]]],[[[152.954,-25.51],[152.955,-25.509],[152.955,-25.507],[152.954,-25.51]]],[[[152.942,-25.373],[152.94,-25.375],[152.941,-25.375],[152.942,-25.373]]],[[[152.903,-25.424],[152.905,-25.423],[152.904,-25.422],[152.903,-25.424]]],[[[152.91,-25.606],[152.909,-25.605],[152.911,-25.608],[152.91,-25.606]]],[[[152.952,-25.55],[152.955,-25.547],[152.952,-25.549],[152.952,-25.55]]],[[[152.84,-25.487],[152.843,-25.487],[152.839,-25.486],[152.84,-25.487]]],[[[152.926,-25.288],[152.927,-25.287],[152.926,-25.288],[152.926,-25.288]]],[[[152.863,-25.478],[152.864,-25.476],[152.863,-25.477],[152.863,-25.478]]],[[[152.948,-25.48],[152.95,-25.479],[152.95,-25.479],[152.948,-25.48]]],[[[152.877,-25.593],[152.879,-25.593],[152.879,-25.592],[152.877,-25.593]]],[[[152.948,-25.456],[152.949,-25.456],[152.949,-25.455],[152.948,-25.456]]],[[[152.915,-25.585],[152.916,-25.585],[152.916,-25.584],[152.915,-25.585]]],[[[152.904,-25.542],[152.903,-25.542],[152.904,-25.543],[152.904,-25.542]]],[[[152.898,-25.424],[152.897,-25.424],[152.899,-25.425],[152.898,-25.424]]],[[[152.941,-25.368],[152.942,-25.368],[152.942,-25.367],[152.941,-25.368]]],[[[153.051,-25.866],[153.051,-25.865],[153.05,-25.865],[153.051,-25.866]]],[[[153.03,-25.939],[153.031,-25.939],[153.032,-25.938],[153.03,-25.939]]],[[[152.915,-25.487],[152.916,-25.486],[152.916,-25.485],[152.915,-25.487]]],[[[152.907,-25.537],[152.908,-25.537],[152.908,-25.536],[152.907,-25.537]]],[[[152.885,-25.56],[152.885,-25.56],[152.884,-25.559],[152.885,-25.56]]],[[[152.881,-25.594],[152.881,-25.593],[152.88,-25.594],[152.881,-25.594]]],[[[153.054,-25.87],[153.056,-25.871],[153.055,-25.87],[153.054,-25.87]]],[[[152.904,-25.502],[152.904,-25.502],[152.904,-25.501],[152.904,-25.502]]],[[[152.908,-25.569],[152.908,-25.569],[152.908,-25.569],[152.908,-25.569]]],[[[152.999,-25.347],[153.0,-25.348],[152.999,-25.346],[152.999,-25.347]]],[[[152.908,-25.581],[152.908,-25.58],[152.907,-25.58],[152.908,-25.581]]],[[[152.904,-25.54],[152.904,-25.539],[152.904,-25.54],[152.904,-25.54]]],[[[152.949,-25.452],[152.949,-25.451],[152.949,-25.451],[152.949,-25.452]]],[[[152.886,-25.552],[152.887,-25.552],[152.886,-25.552],[152.886,-25.552]]],[[[152.907,-25.421],[152.907,-25.421],[152.908,-25.42],[152.907,-25.421]]],[[[153.003,-25.956],[153.004,-25.956],[153.003,-25.955],[153.003,-25.956]]],[[[153.024,-25.942],[153.025,-25.942],[153.024,-25.941],[153.024,-25.942]]],[[[152.866,-25.552],[152.866,-25.552],[152.865,-25.552],[152.866,-25.552]]],[[[152.878,-25.563],[152.878,-25.562],[152.878,-25.563],[152.878,-25.563]]],[[[153.025,-25.942],[153.025,-25.943],[153.025,-25.943],[153.025,-25.942]]],[[[152.901,-25.576],[152.902,-25.576],[152.901,-25.576],[152.901,-25.576]]],[[[152.9,-25.576],[152.901,-25.576],[152.9,-25.576],[152.9,-25.576]],[[153.025,-25.941],[153.026,-25.942],[153.025,-25.941],[153.025,-25.941]]],[[[152.909,-25.423],[152.909,-25.423],[152.909,-25.423],[152.909,-25.423]]],[[[152.923,-25.574],[152.923,-25.574],[152.923,-25.574],[152.923,-25.574]]],[[[152.944,-25.455],[152.944,-25.454],[152.944,-25.454],[152.944,-25.455]]],[[[152.922,-25.619],[152.922,-25.618],[152.922,-25.618],[152.922,-25.619]]],[[[152.899,-25.425],[152.899,-25.424],[152.899,-25.424],[152.899,-25.425]]],[[[152.905,-25.539],[152.905,-25.539],[152.905,-25.539],[152.905,-25.539]]],[[[153.051,-25.837],[153.051,-25.836],[153.051,-25.836],[153.051,-25.837]]],[[[152.903,-25.423],[152.903,-25.423],[152.903,-25.423],[152.903,-25.423]]],[[[153.042,-25.845],[153.042,-25.845],[153.042,-25.845],[153.042,-25.845]]],[[[152.936,-25.744],[152.937,-25.744],[152.936,-25.744],[152.936,-25.744]]]]},"properties":{"sa4_code_2021":"319","sa4_name_2021":"Wide Bay"},"id":"319"},{"type":"Feature","geometry":null,"properties":{"sa4_code_2021":"397","sa4_name_2021":"Migratory - Offshore - Shipping (Qld)","shape":null},"id":"397"},{"type":"Feature","geometry":null,"properties":{"sa4_code_2021":"399","sa4_name_2021":"No usual address (Qld)","shape":null},"id":"399"},{"type":"Feature","geometry":{"type":"Polygon","coordinates":[[[138.864,-34.704],[138.848,-34.681],[138.812,-34.738],[138.814,-34.775],[138.78,-34.767],[138.754,-34.784],[138.755,-34.869],[138.731,-34.856],[138.659,-34.865],[138.638,-34.888],[138.581,-34.871],[138.573,-34.967],[138.671,-34.968],[138.685,-35.118],[138.713,-35.154],[138.696,-35.211],[138.74,-35.238],[138.775,-35.243],[138.806,-35.198],[138.857,-35.196],[138.892,-35.146],[138.93,-35.147],[138.955,-35.113],[139.024,-35.14],[139.044,-35.112],[139.029,-35.061],[139.041,-34.977],[139.019,-34.953],[139.035,-34.929],[138.975,-34.895],[138.975,-34.878],[139.009,-34.865],[139.002,-34.832],[139.044,-34.816],[139.002,-34.8],[138.99,-34.77],[138.953,-34.776],[138.924,-34.759],[138.911,-34.709],[138.864,-34.704]]]},"properties":{"sa4_code_2021":"401","sa4_name_2021":"Adelaide - Central and Hills"},"id":"401"},{"type":"Feature","geometry":{"type":"Polygon","coordinates":[[[138.655,-34.552],[138.63,-34.553],[138.63,-34.58],[138.485,-34.573],[138.49,-34.627],[138.517,-34.639],[138.464,-34.673],[138.436,-34.673],[138.536,-34.751],[138.556,-34.8],[138.547,-34.81],[138.588,-34.831],[138.581,-34.871],[138.638,-34.888],[138.659,-34.865],[138.731,-34.856],[138.755,-34.869],[138.754,-34.784],[138.78,-34.767],[138.814,-34.775],[138.812,-34.738],[138.848,-34.681],[138.786,-34.657],[138.815,-34.643],[138.8,-34.602],[138.825,-34.591],[138.827,-34.566],[138.816,-34.525],[138.79,-34.533],[138.808,-34.517],[138.79,-34.504],[138.712,-34.506],[138.69,-34.514],[138.691,-34.534],[138.662,-34.533],[138.655,-34.552]]]},"properties":{"sa4_code_2021":"402","sa4_name_2021":"Adelaide - North"},"id":"402"},{"type":"Feature","geometry":{"type":"Polygon","coordinates":[[[138.582,-34.967],[138.572,-34.958],[138.538,-34.976],[138.509,-34.964],[138.518,-35.033],[138.469,-35.109],[138.47,-35.239],[138.442,-35.278],[138.443,-35.343],[138.458,-35.35],[138.582,-35.291],[138.641,-35.211],[138.7,-35.21],[138.713,-35.154],[138.685,-35.118],[138.685,-35.042],[138.672,-35.026],[138.681,-35.007],[138.665,-34.982],[138.675,-34.974],[138.582,-34.967]]]},"properties":{"sa4_code_2021":"403","sa4_name_2021":"Adelaide - South"},"id":"403"},{"type":"Feature","geometry":{"type":"MultiPolygon","coordinates":[[[[138.538,-34.975],[138.583,-34.942],[138.588,-34.831],[138.516,-34.811],[138.497,-34.851],[138.516,-34.772],[138.501,-34.763],[138.478,-34.783],[138.49,-34.811],[138.476,-34.857],[138.505,-34.959],[138.538,-34.975]]],[[[138.509,-34.758],[138.516,-34.756],[138.512,-34.755],[138.509,-34.758]]],[[[138.522,-34.769],[138.519,-34.806],[138.546,-34.802],[138.515,-34.757],[138.522,-34.769]]],[[[138.525,-34.81],[138.544,-34.806],[138.538,-34.801],[138.525,-34.81]]]]},"properties":{"sa4_code_2021":"404","sa4_name_2021":"Adelaide - West"},"id":"404"},{"type":"Feature","geometry":{"type":"MultiPolygon","coordinates":[[[[138.597,-32.121],[138.439,-32.121],[138.44,-32.323],[138.343,-32.324],[138.343,-32.415],[138.157,-32.415],[138.157,-32.527],[138.108,-32.504],[137.923,-32.495],[137.923,-32.66],[137.965,-32.806],[137.902,-32.806],[137.905,-32.826],[137.957,-32.981],[137.952,-33.006],[138.019,-33.036],[138.046,-33.087],[138.025,-33.106],[138.055,-33.119],[138.021,-33.149],[138.014,-33.178],[138.036,-33.169],[138.024,-33.182],[138.011,-33.177],[138.005,-33.131],[137.954,-33.155],[137.958,-33.168],[137.94,-33.158],[137.925,-33.176],[137.854,-33.197],[137.811,-33.274],[137.852,-33.326],[137.881,-33.323],[137.891,-33.367],[137.876,-33.362],[137.87,-33.397],[137.949,-33.512],[137.939,-33.548],[137.971,-33.539],[137.977,-33.56],[137.952,-33.573],[137.935,-33.553],[137.918,-33.625],[137.893,-33.626],[137.92,-33.587],[137.879,-33.597],[137.857,-33.631],[137.755,-33.714],[137.725,-33.77],[137.6,-33.877],[137.625,-33.895],[137.631,-33.922],[137.527,-34.004],[137.552,-34.014],[137.567,-34.044],[137.522,-34.129],[137.45,-34.136],[137.5,-34.227],[137.5,-34.312],[137.476,-34.392],[137.447,-34.398],[137.415,-34.46],[137.427,-34.473],[137.463,-34.427],[137.483,-34.439],[137.474,-34.511],[137.509,-34.618],[137.46,-34.808],[137.45,-34.908],[137.375,-34.954],[137.347,-34.93],[137.309,-34.928],[137.276,-34.894],[137.093,-34.92],[137.014,-34.893],[137.013,-34.92],[136.976,-34.941],[136.968,-35.0],[136.93,-35.029],[136.961,-35.082],[136.941,-35.129],[136.898,-35.157],[136.888,-35.185],[136.846,-35.19],[136.846,-35.229],[136.822,-35.244],[136.857,-35.288],[136.883,-35.3],[136.944,-35.282],[137.002,-35.223],[137.077,-35.226],[137.111,-35.243],[137.174,-35.237],[137.238,-35.165],[137.335,-35.168],[137.352,-35.134],[137.423,-35.098],[137.555,-35.117],[137.637,-35.168],[137.678,-35.168],[137.697,-35.142],[137.759,-35.114],[137.725,-35.054],[137.764,-35.041],[137.757,-34.997],[137.805,-34.912],[137.8,-34.878],[137.865,-34.778],[137.877,-34.668],[137.908,-34.616],[137.876,-34.598],[137.888,-34.507],[137.918,-34.428],[138.007,-34.349],[138.022,-34.285],[138.002,-34.262],[138.005,-34.244],[138.078,-34.133],[138.105,-34.141],[138.164,-34.216],[138.168,-34.245],[138.146,-34.266],[138.192,-34.272],[138.222,-34.31],[138.225,-34.366],[138.266,-34.477],[138.344,-34.531],[138.364,-34.578],[138.408,-34.6],[138.446,-34.653],[138.435,-34.673],[138.464,-34.673],[138.517,-34.639],[138.49,-34.627],[138.485,-34.573],[138.63,-34.58],[138.63,-34.553],[138.691,-34.534],[138.69,-34.514],[138.79,-34.504],[138.808,-34.517],[138.79,-34.533],[138.816,-34.525],[138.827,-34.566],[138.825,-34.591],[138.8,-34.602],[138.815,-34.643],[138.791,-34.662],[138.841,-34.673],[138.862,-34.704],[138.911,-34.709],[138.924,-34.759],[138.953,-34.776],[138.99,-34.77],[139.002,-34.8],[139.042,-34.815],[139.087,-34.759],[139.151,-34.769],[139.158,-34.706],[139.169,-34.707],[139.163,-34.621],[139.103,-34.621],[139.096,-34.581],[139.112,-34.536],[139.172,-34.482],[139.112,-34.439],[139.094,-34.401],[139.114,-34.373],[139.105,-34.33],[139.156,-34.335],[139.264,-34.296],[139.264,-34.319],[139.351,-34.319],[139.354,-32.594],[138.89,-32.595],[138.89,-32.415],[138.826,-32.415],[138.825,-32.16],[138.755,-32.16],[138.755,-32.12],[138.597,-32.121]]],[[[137.363,-34.457],[137.366,-34.456],[137.364,-34.455],[137.363,-34.457]]],[[[137.362,-34.454],[137.362,-34.452],[137.361,-34.452],[137.362,-34.454]]],[[[137.508,-34.009],[137.513,-34.009],[137.522,-34.006],[137.508,-34.009]]],[[[137.523,-34.006],[137.524,-34.006],[137.525,-34.005],[137.523,-34.006]]],[[[136.844,-35.372],[136.846,-35.374],[136.845,-35.372],[136.844,-35.372]]],[[[136.919,-35.339],[136.922,-35.338],[136.918,-35.338],[136.919,-35.339]]],[[[136.906,-35.321],[136.909,-35.324],[136.908,-35.322],[136.906,-35.321]]],[[[136.926,-35.029],[136.924,-35.029],[136.925,-35.029],[136.926,-35.029]]],[[[137.35,-34.482],[137.337,-34.499],[137.352,-34.534],[137.382,-34.497],[137.363,-34.462],[137.35,-34.482]]],[[[136.859,-35.374],[136.867,-35.37],[136.856,-35.367],[136.859,-35.374]]],[[[136.848,-35.369],[136.846,-35.37],[136.847,-35.371],[136.848,-35.369]]],[[[136.492,-35.182],[136.493,-35.18],[136.491,-35.179],[136.492,-35.182]]],[[[137.874,-33.332],[137.877,-33.333],[137.875,-33.331],[137.874,-33.332]]],[[[136.916,-35.339],[136.917,-35.339],[136.917,-35.339],[136.916,-35.339]]],[[[136.481,-35.185],[136.483,-35.185],[136.483,-35.183],[136.481,-35.185]]],[[[137.404,-34.463],[137.405,-34.462],[137.404,-34.462],[137.404,-34.463]]],[[[137.412,-34.443],[137.414,-34.444],[137.413,-34.442],[137.412,-34.443]]],[[[136.452,-35.146],[136.444,-35.16],[136.492,-35.175],[136.493,-35.16],[136.453,-35.134],[136.452,-35.146]]],[[[136.464,-35.119],[136.479,-35.121],[136.471,-35.116],[136.464,-35.119]]],[[[137.533,-33.983],[137.543,-33.984],[137.532,-33.981],[137.533,-33.983]]],[[[137.539,-34.01],[137.537,-34.012],[137.539,-34.014],[137.539,-34.01]]],[[[137.545,-33.986],[137.549,-33.988],[137.545,-33.986],[137.545,-33.986]]],[[[137.54,-34.01],[137.541,-34.01],[137.54,-34.01],[137.54,-34.01]]],[[[137.537,-34.009],[137.537,-34.009],[137.537,-34.008],[137.537,-34.009]]],[[[137.879,-33.335],[137.876,-33.341],[137.882,-33.345],[137.879,-33.335]]],[[[136.835,-35.216],[136.827,-35.212],[136.832,-35.217],[136.835,-35.216]]],[[[136.829,-35.23],[136.831,-35.232],[136.833,-35.23],[136.829,-35.23]]],[[[136.84,-35.196],[136.839,-35.194],[136.837,-35.195],[136.84,-35.196]]]]},"properties":{"sa4_code_2021":"405","sa4_name_2021":"Barossa - Yorke - Mid North"},"id":"405"},{"type":"Feature","geometry":{"type":"MultiPolygon","coordinates":[[[[138.743,-25.997],[129.002,-25.999],[129.002,-31.687],[129.528,-31.623],[130.152,-31.577],[130.806,-31.606],[131.026,-31.538],[131.082,-31.491],[131.149,-31.464],[131.442,-31.572],[131.759,-31.72],[132.073,-31.918],[132.151,-32.003],[132.201,-32.027],[132.335,-32.029],[132.343,-32.014],[132.415,-31.999],[132.473,-32.03],[132.438,-32.001],[132.446,-31.971],[132.478,-31.946],[132.531,-31.935],[132.595,-31.934],[132.661,-31.957],[132.747,-31.949],[132.964,-32.065],[132.982,-32.082],[132.98,-32.107],[133.007,-32.083],[133.088,-32.127],[133.138,-32.175],[133.126,-32.209],[133.165,-32.17],[133.253,-32.211],[133.278,-32.184],[133.323,-32.18],[133.39,-32.2],[133.423,-32.198],[133.446,-32.179],[133.488,-32.206],[133.464,-32.172],[133.412,-32.178],[133.395,-32.142],[133.438,-32.123],[133.451,-32.136],[133.451,-32.113],[133.473,-32.1],[133.489,-32.11],[133.483,-32.126],[133.503,-32.131],[133.497,-32.151],[133.511,-32.153],[133.519,-32.144],[133.505,-32.142],[133.525,-32.127],[133.522,-32.155],[133.553,-32.17],[133.585,-32.141],[133.573,-32.117],[133.592,-32.087],[133.668,-32.104],[133.67,-32.135],[133.643,-32.145],[133.693,-32.155],[133.679,-32.203],[133.757,-32.206],[133.77,-32.264],[133.808,-32.243],[133.806,-32.231],[133.821,-32.234],[133.818,-32.247],[133.869,-32.281],[133.951,-32.389],[133.947,-32.412],[133.919,-32.428],[133.887,-32.423],[133.906,-32.413],[133.889,-32.412],[133.897,-32.4],[133.867,-32.399],[133.849,-32.542],[133.894,-32.541],[133.923,-32.495],[133.992,-32.505],[133.995,-32.484],[134.037,-32.46],[134.086,-32.471],[134.057,-32.441],[134.082,-32.466],[134.103,-32.45],[134.092,-32.458],[134.163,-32.469],[134.266,-32.574],[134.29,-32.693],[134.222,-32.79],[134.197,-32.795],[134.2,-32.747],[134.153,-32.724],[134.215,-32.731],[134.205,-32.725],[134.081,-32.71],[134.06,-32.723],[134.119,-32.783],[134.138,-32.84],[134.117,-32.868],[134.072,-32.884],[134.075,-32.906],[134.06,-32.907],[134.081,-32.927],[134.119,-32.915],[134.141,-32.944],[134.157,-32.924],[134.189,-32.942],[134.201,-33.007],[134.138,-33.018],[134.168,-33.056],[134.192,-33.035],[134.231,-33.044],[134.262,-33.098],[134.26,-33.153],[134.327,-33.199],[134.351,-33.19],[134.354,-33.141],[134.312,-33.112],[134.292,-33.119],[134.263,-33.083],[134.262,-33.06],[134.282,-33.05],[134.264,-33.032],[134.278,-33.024],[134.3,-33.049],[134.293,-33.076],[134.358,-33.125],[134.369,-33.176],[134.451,-33.145],[134.596,-33.203],[134.631,-33.245],[134.664,-33.221],[134.631,-33.214],[134.624,-33.197],[134.647,-33.195],[134.638,-33.181],[134.624,-33.195],[134.576,-33.189],[134.558,-33.161],[134.589,-33.14],[134.7,-33.173],[134.716,-33.192],[134.718,-33.231],[134.658,-33.233],[134.802,-33.329],[134.827,-33.382],[134.863,-33.541],[134.843,-33.621],[134.83,-33.625],[134.861,-33.644],[134.884,-33.64],[134.879,-33.654],[135.018,-33.737],[135.162,-33.878],[135.183,-33.879],[135.194,-33.92],[135.272,-34.02],[135.279,-34.12],[135.241,-34.15],[135.268,-34.177],[135.304,-34.184],[135.35,-34.277],[135.359,-34.419],[135.388,-34.441],[135.395,-34.494],[135.377,-34.516],[135.398,-34.556],[135.389,-34.595],[135.422,-34.601],[135.396,-34.593],[135.414,-34.588],[135.406,-34.555],[135.422,-34.549],[135.391,-34.534],[135.405,-34.507],[135.41,-34.539],[135.429,-34.527],[135.446,-34.537],[135.432,-34.603],[135.473,-34.617],[135.443,-34.601],[135.458,-34.586],[135.508,-34.595],[135.517,-34.612],[135.452,-34.614],[135.438,-34.634],[135.366,-34.642],[135.374,-34.629],[135.402,-34.633],[135.362,-34.621],[135.355,-34.58],[135.298,-34.552],[135.316,-34.521],[135.354,-34.522],[135.221,-34.499],[135.206,-34.429],[135.139,-34.503],[135.125,-34.577],[135.109,-34.588],[135.143,-34.592],[135.159,-34.562],[135.209,-34.559],[135.22,-34.544],[135.273,-34.565],[135.297,-34.603],[135.342,-34.63],[135.347,-34.666],[135.325,-34.686],[135.38,-34.687],[135.473,-34.743],[135.496,-34.783],[135.605,-34.879],[135.624,-34.906],[135.625,-34.946],[135.685,-34.946],[135.679,-34.914],[135.706,-34.906],[135.712,-34.865],[135.763,-34.857],[135.847,-34.881],[135.855,-34.926],[135.929,-34.948],[135.947,-35.005],[136.003,-34.986],[135.96,-34.854],[136.016,-34.794],[136.002,-34.787],[136.014,-34.755],[135.996,-34.726],[135.979,-34.731],[135.991,-34.75],[135.982,-34.784],[135.961,-34.784],[135.956,-34.757],[135.893,-34.806],[135.834,-34.819],[135.786,-34.81],[135.846,-34.753],[135.863,-34.755],[135.865,-34.77],[135.891,-34.751],[135.87,-34.744],[135.885,-34.725],[135.854,-34.715],[135.854,-34.665],[135.862,-34.634],[135.891,-34.616],[135.937,-34.649],[135.933,-34.61],[135.914,-34.611],[135.902,-34.593],[135.931,-34.53],[135.972,-34.505],[136.022,-34.516],[136.025,-34.484],[136.056,-34.479],[136.083,-34.495],[136.073,-34.506],[136.092,-34.543],[136.122,-34.467],[136.117,-34.426],[136.092,-34.43],[136.13,-34.407],[136.104,-34.383],[136.112,-34.359],[136.188,-34.335],[136.234,-34.296],[136.278,-34.221],[136.324,-34.182],[136.331,-34.148],[136.357,-34.123],[136.347,-34.099],[136.363,-34.069],[136.435,-34.012],[136.497,-33.993],[136.575,-33.943],[136.572,-33.923],[136.593,-33.9],[136.668,-33.879],[136.73,-33.835],[136.778,-33.831],[136.8,-33.803],[136.857,-33.798],[136.992,-33.725],[137.07,-33.699],[137.169,-33.69],[137.214,-33.66],[137.279,-33.565],[137.315,-33.472],[137.361,-33.439],[137.386,-33.372],[137.374,-33.293],[137.394,-33.29],[137.434,-33.23],[137.452,-33.131],[137.536,-33.095],[137.553,-33.058],[137.597,-33.036],[137.586,-33.022],[137.6,-33.021],[137.595,-32.999],[137.641,-32.955],[137.691,-32.96],[137.721,-32.991],[137.787,-33.0],[137.75,-32.922],[137.759,-32.908],[137.79,-32.916],[137.799,-32.894],[137.793,-32.871],[137.811,-32.845],[137.796,-32.779],[137.81,-32.749],[137.782,-32.714],[137.753,-32.721],[137.75,-32.71],[137.766,-32.601],[137.75,-32.534],[137.766,-32.475],[137.757,-32.434],[137.77,-32.476],[137.757,-32.493],[137.767,-32.525],[137.784,-32.53],[137.781,-32.552],[137.835,-32.575],[137.804,-32.608],[137.868,-32.664],[137.86,-32.689],[137.838,-32.696],[137.944,-32.757],[137.913,-32.762],[137.922,-32.772],[137.901,-32.778],[137.902,-32.806],[137.965,-32.806],[137.923,-32.66],[137.923,-32.495],[138.108,-32.504],[138.157,-32.527],[138.157,-32.415],[138.343,-32.415],[138.343,-32.324],[138.44,-32.323],[138.439,-32.121],[138.755,-32.12],[138.755,-32.16],[138.825,-32.16],[138.826,-32.415],[138.89,-32.415],[138.89,-32.595],[139.354,-32.594],[139.356,-33.803],[139.7,-33.801],[139.699,-33.875],[139.857,-33.875],[139.857,-34.024],[139.901,-34.024],[139.917,-34.008],[139.917,-33.944],[139.98,-33.944],[139.984,-33.932],[139.997,-33.949],[140.053,-33.96],[140.055,-34.057],[140.355,-34.053],[140.355,-34.133],[140.374,-34.119],[140.406,-34.133],[140.657,-34.129],[140.658,-34.085],[140.635,-34.064],[140.665,-34.062],[140.723,-34.078],[140.729,-34.108],[140.761,-34.144],[140.758,-34.165],[140.78,-34.153],[140.772,-34.116],[140.796,-34.109],[140.758,-34.11],[140.768,-34.099],[140.744,-34.071],[140.767,-34.059],[140.809,-34.072],[140.813,-34.049],[140.833,-34.053],[140.824,-34.042],[140.843,-34.038],[140.835,-34.025],[140.882,-34.02],[140.88,-33.996],[140.909,-33.993],[140.913,-33.98],[140.893,-33.971],[140.954,-33.963],[140.993,-34.031],[141.003,-34.022],[140.999,-25.996],[138.743,-25.997]]],[[[135.03,-34.784],[135.037,-34.782],[135.032,-34.781],[135.03,-34.784]]],[[[135.159,-34.729],[135.167,-34.72],[135.151,-34.732],[135.159,-34.729]]],[[[135.284,-34.709],[135.291,-34.704],[135.286,-34.703],[135.284,-34.709]]],[[[135.258,-34.259],[135.261,-34.26],[135.26,-34.256],[135.258,-34.259]]],[[[134.242,-34.009],[134.251,-34.006],[134.245,-33.997],[134.242,-34.009]]],[[[134.283,-33.739],[134.284,-33.745],[134.289,-33.744],[134.283,-33.739]]],[[[134.762,-33.597],[134.767,-33.595],[134.752,-33.593],[134.762,-33.597]]],[[[133.131,-32.648],[133.134,-32.643],[133.131,-32.644],[133.131,-32.648]]],[[[133.25,-32.511],[133.252,-32.513],[133.256,-32.508],[133.25,-32.511]]],[[[135.031,-34.78],[135.032,-34.778],[135.032,-34.778],[135.031,-34.78]]],[[[134.258,-33.984],[134.266,-33.985],[134.263,-33.982],[134.258,-33.984]]],[[[133.28,-32.568],[133.299,-32.556],[133.284,-32.554],[133.28,-32.568]]],[[[133.286,-32.58],[133.278,-32.587],[133.289,-32.586],[133.286,-32.58]]],[[[133.263,-32.505],[133.261,-32.508],[133.264,-32.504],[133.263,-32.505]]],[[[135.037,-34.787],[135.038,-34.786],[135.037,-34.786],[135.037,-34.787]]],[[[135.03,-34.77],[135.031,-34.777],[135.031,-34.767],[135.03,-34.77]]],[[[134.269,-33.965],[134.277,-33.944],[134.264,-33.937],[134.269,-33.965]]],[[[134.265,-33.979],[134.268,-33.977],[134.265,-33.973],[134.265,-33.979]]],[[[133.287,-32.523],[133.304,-32.522],[133.31,-32.499],[133.271,-32.496],[133.287,-32.523]]],[[[133.308,-32.487],[133.312,-32.484],[133.309,-32.484],[133.308,-32.487]]],[[[133.308,-32.522],[133.307,-32.522],[133.306,-32.523],[133.308,-32.522]]],[[[135.047,-34.754],[135.038,-34.759],[135.045,-34.758],[135.047,-34.754]]],[[[135.081,-34.754],[135.079,-34.755],[135.082,-34.755],[135.081,-34.754]]],[[[134.451,-33.763],[134.448,-33.774],[134.518,-33.718],[134.547,-33.724],[134.528,-33.678],[134.47,-33.692],[134.451,-33.763]]],[[[133.334,-32.493],[133.336,-32.484],[133.33,-32.484],[133.334,-32.493]]],[[[133.314,-32.476],[133.32,-32.473],[133.319,-32.47],[133.314,-32.476]]],[[[135.21,-34.563],[135.213,-34.563],[135.211,-34.561],[135.21,-34.563]]],[[[134.611,-33.716],[134.617,-33.716],[134.61,-33.712],[134.611,-33.716]]],[[[134.624,-33.724],[134.624,-33.725],[134.626,-33.724],[134.624,-33.724]]],[[[134.624,-33.72],[134.625,-33.72],[134.624,-33.72],[134.624,-33.72]]],[[[134.618,-33.717],[134.618,-33.717],[134.618,-33.717],[134.618,-33.717]]],[[[135.326,-34.704],[135.337,-34.698],[135.329,-34.7],[135.326,-34.704]]],[[[134.809,-33.607],[134.81,-33.591],[134.776,-33.595],[134.809,-33.607]]],[[[134.6,-33.169],[134.603,-33.171],[134.609,-33.17],[134.6,-33.169]]],[[[134.282,-33.082],[134.286,-33.083],[134.287,-33.079],[134.282,-33.082]]],[[[134.624,-33.181],[134.628,-33.182],[134.626,-33.179],[134.624,-33.181]]],[[[134.364,-33.187],[134.368,-33.186],[134.367,-33.182],[134.364,-33.187]]],[[[134.612,-33.183],[134.616,-33.18],[134.613,-33.18],[134.612,-33.183]]],[[[134.666,-33.214],[134.682,-33.208],[134.671,-33.202],[134.666,-33.214]]],[[[134.697,-33.215],[134.697,-33.216],[134.7,-33.215],[134.697,-33.215]]],[[[134.704,-33.218],[134.704,-33.218],[134.703,-33.217],[134.704,-33.218]]],[[[134.276,-32.675],[134.26,-32.679],[134.277,-32.682],[134.276,-32.675]]],[[[133.966,-32.723],[133.969,-32.724],[133.971,-32.72],[133.966,-32.723]]],[[[134.276,-32.696],[134.281,-32.695],[134.278,-32.694],[134.276,-32.696]]],[[[133.232,-32.268],[133.23,-32.265],[133.225,-32.271],[133.232,-32.268]]],[[[133.245,-32.261],[133.248,-32.257],[133.247,-32.255],[133.245,-32.261]]],[[[133.272,-32.268],[133.274,-32.268],[133.272,-32.265],[133.272,-32.268]]],[[[133.24,-32.264],[133.242,-32.264],[133.24,-32.262],[133.24,-32.264]]],[[[133.254,-32.259],[133.256,-32.259],[133.253,-32.258],[133.254,-32.259]]],[[[133.226,-32.279],[133.226,-32.277],[133.225,-32.278],[133.226,-32.279]]],[[[133.544,-32.294],[133.571,-32.319],[133.6,-32.308],[133.628,-32.271],[133.614,-32.257],[133.674,-32.232],[133.624,-32.239],[133.582,-32.268],[133.594,-32.251],[133.551,-32.264],[133.544,-32.294]]],[[[133.789,-32.359],[133.858,-32.388],[133.815,-32.355],[133.789,-32.359]]],[[[133.503,-32.315],[133.531,-32.305],[133.515,-32.301],[133.503,-32.315]]],[[[133.648,-32.453],[133.626,-32.457],[133.64,-32.463],[133.648,-32.453]]],[[[133.67,-32.439],[133.658,-32.456],[133.684,-32.441],[133.67,-32.439]]],[[[133.476,-32.379],[133.484,-32.383],[133.486,-32.368],[133.476,-32.379]]],[[[133.368,-32.396],[133.374,-32.403],[133.382,-32.395],[133.368,-32.396]]],[[[133.831,-32.358],[133.83,-32.352],[133.816,-32.355],[133.831,-32.358]]],[[[133.768,-32.363],[133.76,-32.365],[133.775,-32.362],[133.768,-32.363]]],[[[133.598,-32.249],[133.609,-32.241],[133.602,-32.243],[133.598,-32.249]]],[[[133.69,-32.438],[133.695,-32.434],[133.694,-32.433],[133.69,-32.438]]],[[[133.347,-32.479],[133.344,-32.482],[133.347,-32.482],[133.347,-32.479]]],[[[133.37,-32.272],[133.366,-32.275],[133.368,-32.275],[133.37,-32.272]]],[[[133.841,-32.363],[133.846,-32.366],[133.839,-32.361],[133.841,-32.363]]],[[[133.348,-32.367],[133.352,-32.366],[133.35,-32.366],[133.348,-32.367]]],[[[133.76,-32.362],[133.758,-32.359],[133.758,-32.361],[133.76,-32.362]]],[[[133.643,-32.468],[133.646,-32.466],[133.645,-32.466],[133.643,-32.468]]],[[[133.849,-32.378],[133.847,-32.379],[133.85,-32.38],[133.849,-32.378]]],[[[133.844,-32.376],[133.846,-32.377],[133.848,-32.376],[133.844,-32.376]]],[[[133.532,-32.315],[133.53,-32.317],[133.531,-32.317],[133.532,-32.315]]],[[[133.632,-32.471],[133.634,-32.47],[133.633,-32.47],[133.632,-32.471]]],[[[133.562,-32.321],[133.561,-32.321],[133.56,-32.322],[133.562,-32.321]]],[[[133.608,-32.305],[133.609,-32.305],[133.608,-32.304],[133.608,-32.305]]],[[[133.837,-32.361],[133.838,-32.361],[133.838,-32.361],[133.837,-32.361]]],[[[133.34,-32.369],[133.341,-32.369],[133.34,-32.369],[133.34,-32.369]]],[[[133.355,-32.366],[133.355,-32.366],[133.355,-32.366],[133.355,-32.366]]],[[[133.719,-32.399],[133.719,-32.399],[133.719,-32.399],[133.719,-32.399]]],[[[136.115,-35.338],[136.126,-35.34],[136.111,-35.333],[136.115,-35.338]]],[[[136.113,-35.322],[136.115,-35.33],[136.119,-35.317],[136.113,-35.322]]],[[[136.056,-35.235],[136.071,-35.238],[136.073,-35.228],[136.056,-35.235]]],[[[136.078,-35.227],[136.085,-35.227],[136.081,-35.225],[136.078,-35.227]]],[[[136.074,-35.166],[136.077,-35.165],[136.076,-35.165],[136.074,-35.166]]],[[[135.976,-35.025],[135.966,-35.022],[135.975,-35.038],[135.976,-35.025]]],[[[136.279,-34.488],[136.285,-34.492],[136.287,-34.49],[136.279,-34.488]]],[[[136.251,-34.527],[136.261,-34.523],[136.256,-34.519],[136.251,-34.527]]],[[[136.257,-34.545],[136.261,-34.544],[136.262,-34.541],[136.257,-34.545]]],[[[136.25,-34.513],[136.252,-34.514],[136.251,-34.51],[136.25,-34.513]]],[[[136.286,-34.523],[136.305,-34.503],[136.28,-34.504],[136.276,-34.55],[136.286,-34.523]]],[[[135.952,-34.591],[135.959,-34.575],[135.946,-34.568],[135.952,-34.591]]],[[[136.307,-34.594],[136.322,-34.596],[136.326,-34.592],[136.307,-34.594]]],[[[136.288,-34.581],[136.303,-34.582],[136.291,-34.578],[136.288,-34.581]]],[[[136.184,-34.65],[136.181,-34.64],[136.18,-34.647],[136.184,-34.65]]],[[[136.209,-34.552],[136.214,-34.553],[136.217,-34.547],[136.209,-34.552]]],[[[136.249,-34.597],[136.26,-34.593],[136.251,-34.594],[136.249,-34.597]]],[[[135.986,-34.605],[135.982,-34.609],[135.985,-34.609],[135.986,-34.605]]],[[[136.366,-34.648],[136.37,-34.646],[136.366,-34.645],[136.366,-34.648]]],[[[136.236,-34.564],[136.239,-34.562],[136.237,-34.562],[136.236,-34.564]]],[[[136.291,-34.569],[136.294,-34.567],[136.291,-34.567],[136.291,-34.569]]],[[[135.434,-34.621],[135.431,-34.62],[135.433,-34.621],[135.434,-34.621]]],[[[136.197,-34.638],[136.195,-34.637],[136.195,-34.638],[136.197,-34.638]]],[[[135.376,-34.595],[135.374,-34.594],[135.374,-34.595],[135.376,-34.595]]],[[[135.377,-34.596],[135.378,-34.596],[135.377,-34.596],[135.377,-34.596]]],[[[136.374,-34.651],[136.374,-34.65],[136.373,-34.65],[136.374,-34.651]]],[[[136.146,-34.998],[136.156,-35.047],[136.203,-35.064],[136.19,-35.004],[136.15,-34.988],[136.107,-34.932],[136.083,-34.945],[136.084,-34.967],[136.11,-34.969],[136.146,-34.998]]],[[[135.921,-34.713],[135.929,-34.733],[135.953,-34.724],[135.918,-34.673],[135.921,-34.713]]],[[[136.339,-34.651],[136.33,-34.663],[136.347,-34.683],[136.359,-34.664],[136.339,-34.651]]],[[[136.001,-34.879],[136.013,-34.89],[136.012,-34.867],[136.001,-34.879]]],[[[136.051,-34.97],[136.07,-34.963],[136.06,-34.957],[136.051,-34.97]]],[[[135.618,-34.993],[135.618,-35.002],[135.624,-34.98],[135.618,-34.993]]],[[[136.031,-34.909],[136.032,-34.918],[136.038,-34.907],[136.031,-34.909]]],[[[136.279,-34.681],[136.267,-34.673],[136.269,-34.683],[136.279,-34.681]]],[[[135.869,-34.779],[135.877,-34.776],[135.879,-34.77],[135.869,-34.779]]],[[[135.873,-34.942],[135.868,-34.945],[135.869,-34.949],[135.873,-34.942]]],[[[136.027,-34.982],[136.03,-34.987],[136.03,-34.98],[136.027,-34.982]]],[[[135.871,-34.939],[135.875,-34.94],[135.875,-34.933],[135.871,-34.939]]],[[[136.031,-34.958],[136.033,-34.956],[136.031,-34.953],[136.031,-34.958]]],[[[135.956,-34.742],[135.953,-34.741],[135.956,-34.744],[135.956,-34.742]]],[[[135.855,-34.9],[135.852,-34.898],[135.855,-34.901],[135.855,-34.9]]],[[[136.318,-34.656],[136.322,-34.655],[136.319,-34.654],[136.318,-34.656]]],[[[136.008,-34.858],[136.01,-34.86],[136.009,-34.856],[136.008,-34.858]]],[[[135.865,-34.954],[135.867,-34.956],[135.866,-34.952],[135.865,-34.954]]],[[[135.956,-34.75],[135.955,-34.748],[135.954,-34.749],[135.956,-34.75]]],[[[136.01,-34.895],[136.011,-34.894],[136.012,-34.892],[136.01,-34.895]]],[[[135.847,-34.889],[135.849,-34.889],[135.848,-34.887],[135.847,-34.889]]],[[[135.685,-34.947],[135.687,-34.948],[135.687,-34.946],[135.685,-34.947]]],[[[136.026,-34.95],[136.026,-34.949],[136.024,-34.949],[136.026,-34.95]]],[[[136.211,-34.815],[136.214,-34.815],[136.212,-34.815],[136.211,-34.815]]],[[[135.875,-34.933],[135.875,-34.931],[135.874,-34.932],[135.875,-34.933]]],[[[135.998,-34.722],[135.999,-34.721],[135.998,-34.72],[135.998,-34.722]]],[[[135.685,-34.952],[135.685,-34.951],[135.685,-34.953],[135.685,-34.952]]],[[[135.684,-34.947],[135.685,-34.947],[135.684,-34.946],[135.684,-34.947]]],[[[135.686,-34.946],[135.687,-34.946],[135.686,-34.946],[135.686,-34.946]]],[[[135.85,-34.888],[135.85,-34.887],[135.849,-34.887],[135.85,-34.888]]],[[[135.874,-34.933],[135.874,-34.932],[135.873,-34.932],[135.874,-34.933]]],[[[137.822,-32.57],[137.822,-32.575],[137.822,-32.566],[137.822,-32.57]]]]},"properties":{"sa4_code_2021":"406","sa4_name_2021":"South Australia - Outback"},"id":"406"},{"type":"Feature","geometry":{"type":"MultiPolygon","coordinates":[[[[140.97,-36.893],[140.959,-33.968],[140.893,-33.971],[140.913,-33.98],[140.909,-33.993],[140.88,-33.996],[140.882,-34.02],[140.835,-34.025],[140.843,-34.038],[140.824,-34.042],[140.833,-34.053],[140.813,-34.049],[140.809,-34.072],[140.75,-34.063],[140.743,-34.078],[140.768,-34.099],[140.758,-34.11],[140.796,-34.109],[140.772,-34.116],[140.783,-34.14],[140.762,-34.164],[140.723,-34.078],[140.665,-34.062],[140.635,-34.064],[140.658,-34.085],[140.657,-34.129],[140.406,-34.133],[140.374,-34.119],[140.355,-34.133],[140.355,-34.053],[140.055,-34.057],[140.053,-33.96],[139.997,-33.949],[139.984,-33.932],[139.98,-33.944],[139.917,-33.944],[139.917,-34.008],[139.901,-34.024],[139.857,-34.024],[139.857,-33.875],[139.699,-33.875],[139.7,-33.801],[139.356,-33.803],[139.351,-34.319],[139.264,-34.319],[139.264,-34.296],[139.156,-34.335],[139.105,-34.33],[139.114,-34.373],[139.094,-34.401],[139.112,-34.439],[139.172,-34.483],[139.112,-34.536],[139.101,-34.613],[139.163,-34.621],[139.169,-34.707],[139.158,-34.706],[139.151,-34.769],[139.087,-34.759],[139.039,-34.822],[139.002,-34.832],[139.009,-34.865],[138.975,-34.878],[138.975,-34.895],[139.035,-34.929],[139.019,-34.953],[139.041,-34.977],[139.029,-35.061],[139.044,-35.112],[139.027,-35.139],[138.955,-35.113],[138.93,-35.147],[138.892,-35.146],[138.857,-35.196],[138.783,-35.214],[138.775,-35.243],[138.689,-35.209],[138.641,-35.211],[138.627,-35.245],[138.547,-35.314],[138.483,-35.348],[138.443,-35.343],[138.363,-35.378],[138.29,-35.472],[138.194,-35.523],[138.165,-35.519],[138.094,-35.603],[138.096,-35.625],[138.191,-35.665],[138.276,-35.639],[138.431,-35.629],[138.522,-35.643],[138.604,-35.594],[138.598,-35.579],[138.632,-35.544],[138.684,-35.538],[138.71,-35.514],[138.763,-35.521],[138.892,-35.564],[139.055,-35.65],[139.212,-35.755],[139.377,-35.892],[139.523,-36.044],[139.651,-36.215],[139.783,-36.459],[139.85,-36.643],[139.863,-36.76],[139.843,-36.84],[139.787,-36.895],[139.671,-36.953],[139.741,-37.021],[139.744,-37.074],[139.775,-37.087],[139.794,-37.12],[139.787,-37.159],[139.743,-37.156],[139.74,-37.182],[139.841,-37.322],[139.993,-37.486],[140.05,-37.479],[140.121,-37.531],[140.131,-37.556],[140.108,-37.565],[140.113,-37.578],[140.179,-37.617],[140.248,-37.686],[140.396,-37.919],[140.454,-37.936],[140.579,-38.03],[140.642,-38.041],[140.662,-38.061],[140.77,-38.06],[140.783,-38.046],[140.838,-38.041],[140.966,-38.056],[140.97,-36.893]]],[[[136.693,-36.086],[136.697,-36.086],[136.691,-36.083],[136.693,-36.086]]],[[[136.7,-36.066],[136.704,-36.069],[136.705,-36.067],[136.7,-36.066]]],[[[136.553,-35.908],[136.552,-35.908],[136.553,-35.908],[136.553,-35.908]]],[[[138.288,-35.785],[138.29,-35.783],[138.287,-35.784],[138.288,-35.785]]],[[[138.3,-35.759],[138.304,-35.759],[138.3,-35.758],[138.3,-35.759]]],[[[138.644,-35.577],[138.645,-35.577],[138.645,-35.576],[138.644,-35.577]]],[[[138.626,-35.565],[138.636,-35.564],[138.629,-35.562],[138.626,-35.565]]],[[[136.535,-35.902],[136.536,-35.902],[136.539,-35.899],[136.535,-35.902]]],[[[138.291,-35.779],[138.293,-35.776],[138.291,-35.776],[138.291,-35.779]]],[[[136.581,-35.951],[136.581,-35.951],[136.58,-35.951],[136.581,-35.951]]],[[[137.289,-35.993],[137.287,-35.995],[137.289,-35.995],[137.289,-35.993]]],[[[136.828,-36.034],[136.829,-36.034],[136.827,-36.033],[136.828,-36.034]]],[[[136.908,-36.044],[136.908,-36.043],[136.907,-36.043],[136.908,-36.044]]],[[[137.795,-35.832],[137.796,-35.832],[137.795,-35.832],[137.795,-35.832]]],[[[137.784,-35.831],[137.784,-35.83],[137.784,-35.83],[137.784,-35.831]]],[[[137.77,-35.82],[137.776,-35.823],[137.771,-35.818],[137.77,-35.82]]],[[[137.801,-35.82],[137.804,-35.821],[137.808,-35.818],[137.801,-35.82]]],[[[137.752,-35.804],[137.747,-35.809],[137.753,-35.808],[137.752,-35.804]]],[[[137.783,-35.824],[137.787,-35.826],[137.784,-35.822],[137.783,-35.824]]],[[[137.778,-35.816],[137.777,-35.815],[137.777,-35.818],[137.778,-35.816]]],[[[137.751,-35.817],[137.75,-35.817],[137.749,-35.818],[137.751,-35.817]]],[[[137.771,-35.816],[137.77,-35.815],[137.77,-35.816],[137.771,-35.816]]],[[[137.798,-35.827],[137.798,-35.827],[137.799,-35.827],[137.798,-35.827]]],[[[137.787,-35.817],[137.787,-35.817],[137.787,-35.816],[137.787,-35.817]]],[[[137.639,-35.623],[137.644,-35.625],[137.641,-35.622],[137.639,-35.623]]],[[[137.565,-35.572],[137.519,-35.596],[137.491,-35.58],[137.447,-35.596],[137.313,-35.579],[137.203,-35.625],[137.141,-35.63],[137.07,-35.669],[136.784,-35.7],[136.759,-35.723],[136.72,-35.72],[136.697,-35.739],[136.587,-35.749],[136.564,-35.85],[136.541,-35.859],[136.534,-35.886],[136.55,-35.885],[136.539,-35.899],[136.595,-35.961],[136.625,-35.954],[136.666,-35.976],[136.708,-36.037],[136.696,-36.055],[136.705,-36.064],[136.727,-36.045],[136.817,-36.039],[136.854,-36.017],[136.915,-36.044],[136.997,-36.017],[137.036,-36.028],[137.103,-36.018],[137.131,-36.034],[137.163,-36.025],[137.19,-35.997],[137.181,-35.984],[137.209,-35.974],[137.371,-35.998],[137.461,-36.075],[137.536,-36.026],[137.603,-36.009],[137.62,-35.979],[137.598,-35.943],[137.612,-35.913],[137.66,-35.885],[137.726,-35.877],[137.741,-35.853],[137.803,-35.851],[137.874,-35.871],[137.911,-35.86],[138.041,-35.904],[138.134,-35.844],[138.119,-35.82],[138.126,-35.802],[138.077,-35.796],[138.068,-35.76],[138.046,-35.743],[137.941,-35.716],[137.901,-35.72],[137.893,-35.758],[137.852,-35.795],[137.777,-35.784],[137.758,-35.806],[137.815,-35.822],[137.797,-35.834],[137.772,-35.823],[137.754,-35.843],[137.744,-35.806],[137.803,-35.759],[137.792,-35.738],[137.77,-35.723],[137.696,-35.74],[137.581,-35.73],[137.58,-35.708],[137.644,-35.654],[137.641,-35.639],[137.583,-35.642],[137.568,-35.623],[137.606,-35.591],[137.627,-35.597],[137.634,-35.565],[137.565,-35.572]]],[[[138.593,-35.607],[138.59,-35.611],[138.593,-35.61],[138.593,-35.607]]],[[[138.608,-35.584],[138.608,-35.582],[138.606,-35.583],[138.608,-35.584]]],[[[138.692,-35.537],[138.69,-35.538],[138.693,-35.538],[138.692,-35.537]]],[[[140.293,-37.761],[140.293,-37.761],[140.293,-37.761],[140.293,-37.761]]],[[[139.848,-37.325],[139.847,-37.326],[139.848,-37.326],[139.848,-37.325]]],[[[140.316,-37.796],[140.317,-37.796],[140.316,-37.796],[140.316,-37.796]]],[[[140.319,-37.796],[140.319,-37.796],[140.318,-37.795],[140.319,-37.796]]],[[[140.012,-37.494],[140.01,-37.495],[140.01,-37.496],[140.012,-37.494]]],[[[140.013,-37.499],[140.015,-37.5],[140.014,-37.498],[140.013,-37.499]]],[[[140.005,-37.499],[140.006,-37.5],[140.005,-37.499],[140.005,-37.499]]],[[[140.013,-37.497],[140.013,-37.497],[140.014,-37.497],[140.013,-37.497]]],[[[140.135,-37.591],[140.135,-37.591],[140.135,-37.591],[140.135,-37.591]]],[[[140.151,-37.602],[140.152,-37.602],[140.151,-37.602],[140.151,-37.602]]],[[[140.131,-37.589],[140.131,-37.59],[140.131,-37.59],[140.131,-37.589]]],[[[140.131,-37.59],[140.131,-37.589],[140.131,-37.589],[140.131,-37.59]]],[[[140.66,-38.063],[140.661,-38.062],[140.66,-38.062],[140.66,-38.063]]],[[[140.662,-38.062],[140.663,-38.062],[140.662,-38.062],[140.662,-38.062]]],[[[140.661,-38.062],[140.662,-38.062],[140.661,-38.062],[140.661,-38.062]]],[[[140.666,-38.06],[140.666,-38.06],[140.667,-38.06],[140.666,-38.06]]],[[[140.661,-38.061],[140.662,-38.061],[140.662,-38.061],[140.661,-38.061]]],[[[140.769,-38.059],[140.769,-38.058],[140.769,-38.058],[140.769,-38.059]]],[[[140.66,-38.06],[140.66,-38.06],[140.66,-38.06],[140.66,-38.06]]],[[[140.664,-38.061],[140.664,-38.06],[140.664,-38.06],[140.664,-38.061]]],[[[140.568,-38.021],[140.57,-38.02],[140.568,-38.021],[140.568,-38.021]]],[[[139.721,-37.091],[139.724,-37.092],[139.724,-37.09],[139.721,-37.091]]],[[[139.723,-37.087],[139.724,-37.086],[139.723,-37.085],[139.723,-37.087]]],[[[139.723,-37.088],[139.723,-37.087],[139.722,-37.087],[139.723,-37.088]]],[[[139.72,-37.087],[139.722,-37.087],[139.721,-37.087],[139.72,-37.087]]],[[[139.736,-37.177],[139.737,-37.177],[139.737,-37.177],[139.736,-37.177]]]]},"properties":{"sa4_code_2021":"407","sa4_name_2021":"South Australia - South East"},"id":"407"},{"type":"Feature","geometry":null,"properties":{"sa4_code_2021":"497","sa4_name_2021":"Migratory - Offshore - Shipping (SA)","shape":null},"id":"497"},{"type":"Feature","geometry":null,"properties":{"sa4_code_2021":"499","sa4_name_2021":"No usual address (SA)","shape":null},"id":"499"},{"type":"Feature","geometry":{"type":"MultiPolygon","coordinates":[[[[116.124,-34.845],[116.261,-34.88],[116.445,-34.979],[116.482,-35.016],[116.533,-35.004],[116.572,-35.033],[116.61,-35.033],[116.63,-35.061],[116.707,-35.029],[116.745,-35.037],[116.736,-35.02],[116.754,-35.001],[116.806,-35.002],[116.822,-34.989],[116.802,-34.97],[116.827,-34.953],[116.78,-34.93],[116.79,-34.908],[116.725,-34.89],[116.735,-34.871],[116.758,-34.871],[116.776,-34.838],[116.811,-34.825],[116.797,-34.798],[116.844,-34.751],[116.837,-34.699],[116.857,-34.682],[116.793,-34.668],[116.785,-34.653],[116.816,-34.624],[116.793,-34.596],[116.811,-34.576],[116.786,-34.552],[116.804,-34.476],[116.763,-34.444],[116.669,-34.419],[116.678,-34.374],[116.698,-34.37],[116.708,-34.31],[116.693,-34.254],[116.841,-34.251],[116.842,-34.14],[116.794,-34.122],[116.806,-34.112],[116.78,-34.112],[116.782,-34.052],[116.76,-34.052],[116.749,-33.979],[116.73,-33.981],[116.72,-33.961],[116.776,-33.922],[116.773,-33.737],[116.788,-33.724],[116.735,-33.682],[116.654,-33.7],[116.61,-33.678],[116.614,-33.668],[116.602,-33.678],[116.579,-33.664],[116.533,-33.673],[116.533,-33.659],[116.485,-33.667],[116.473,-33.624],[116.439,-33.622],[116.406,-33.583],[116.303,-33.564],[116.266,-33.499],[116.325,-33.502],[116.333,-33.473],[116.382,-33.456],[116.383,-33.343],[116.412,-33.195],[116.409,-32.995],[116.284,-33.012],[116.284,-33.03],[116.209,-33.03],[116.209,-32.984],[116.179,-32.95],[116.178,-32.789],[116.114,-32.789],[116.073,-32.756],[116.0,-32.76],[116.001,-32.779],[115.97,-32.761],[115.949,-32.791],[115.845,-32.799],[115.804,-32.786],[115.753,-32.802],[115.76,-32.791],[115.715,-32.794],[115.713,-32.773],[115.712,-32.788],[115.667,-32.783],[115.665,-32.802],[115.629,-32.794],[115.687,-33.104],[115.681,-33.279],[115.663,-33.325],[115.64,-33.319],[115.646,-33.301],[115.636,-33.309],[115.566,-33.462],[115.427,-33.609],[115.309,-33.654],[115.232,-33.655],[115.129,-33.627],[115.089,-33.568],[115.004,-33.531],[115.028,-33.634],[114.995,-33.669],[114.99,-33.696],[114.975,-33.698],[115.0,-33.794],[114.994,-33.848],[114.976,-33.864],[114.992,-33.933],[114.98,-33.961],[115.001,-34.015],[115.004,-34.081],[114.991,-34.098],[115.039,-34.198],[115.024,-34.253],[115.119,-34.341],[115.134,-34.376],[115.166,-34.357],[115.173,-34.323],[115.144,-34.289],[115.16,-34.295],[115.156,-34.275],[115.177,-34.266],[115.169,-34.28],[115.202,-34.278],[115.165,-34.301],[115.169,-34.322],[115.263,-34.307],[115.345,-34.316],[115.52,-34.397],[115.541,-34.423],[115.578,-34.422],[115.743,-34.539],[115.947,-34.721],[115.961,-34.763],[116.003,-34.812],[116.002,-34.842],[116.124,-34.845]]],[[[115.209,-34.419],[115.21,-34.419],[115.209,-34.419],[115.209,-34.419]]],[[[115.208,-34.419],[115.208,-34.418],[115.207,-34.418],[115.208,-34.419]]],[[[115.206,-34.418],[115.207,-34.418],[115.207,-34.417],[115.206,-34.418]]],[[[115.208,-34.418],[115.208,-34.418],[115.208,-34.417],[115.208,-34.418]]],[[[115.205,-34.414],[115.207,-34.414],[115.206,-34.413],[115.205,-34.414]]],[[[115.178,-34.412],[115.178,-34.412],[115.178,-34.411],[115.178,-34.412]]],[[[115.196,-34.409],[115.197,-34.408],[115.196,-34.408],[115.196,-34.409]]],[[[115.197,-34.404],[115.193,-34.403],[115.199,-34.406],[115.197,-34.404]]],[[[115.181,-34.425],[115.182,-34.425],[115.181,-34.425],[115.181,-34.425]]],[[[115.21,-34.421],[115.21,-34.421],[115.21,-34.421],[115.21,-34.421]]],[[[115.166,-34.396],[115.166,-34.396],[115.166,-34.395],[115.166,-34.396]]],[[[115.16,-34.394],[115.161,-34.394],[115.16,-34.393],[115.16,-34.394]]],[[[115.162,-34.389],[115.162,-34.388],[115.161,-34.389],[115.162,-34.389]]],[[[115.161,-34.388],[115.161,-34.388],[115.161,-34.388],[115.161,-34.388]]],[[[115.138,-34.383],[115.138,-34.383],[115.138,-34.383],[115.138,-34.383]]],[[[115.138,-34.382],[115.138,-34.382],[115.138,-34.383],[115.138,-34.382]]],[[[115.128,-34.358],[115.128,-34.358],[115.128,-34.358],[115.128,-34.358]]],[[[115.062,-34.334],[115.062,-34.334],[115.062,-34.333],[115.062,-34.334]]],[[[115.004,-34.234],[115.005,-34.234],[115.005,-34.234],[115.004,-34.234]]],[[[115.214,-34.422],[115.214,-34.422],[115.213,-34.422],[115.214,-34.422]]],[[[115.213,-34.422],[115.213,-34.422],[115.213,-34.422],[115.213,-34.422]]],[[[115.161,-34.394],[115.161,-34.393],[115.161,-34.393],[115.161,-34.394]]],[[[115.154,-34.383],[115.154,-34.383],[115.154,-34.383],[115.154,-34.383]]],[[[115.156,-34.381],[115.158,-34.38],[115.158,-34.377],[115.156,-34.381]]],[[[115.131,-34.36],[115.131,-34.36],[115.131,-34.36],[115.131,-34.36]]],[[[115.131,-34.36],[115.131,-34.36],[115.131,-34.36],[115.131,-34.36]]],[[[115.007,-34.228],[115.007,-34.228],[115.007,-34.228],[115.007,-34.228]]],[[[115.159,-34.384],[115.161,-34.383],[115.16,-34.383],[115.159,-34.384]]],[[[115.155,-34.384],[115.156,-34.383],[115.155,-34.383],[115.155,-34.384]]],[[[115.155,-34.383],[115.155,-34.383],[115.155,-34.383],[115.155,-34.383]]],[[[115.161,-34.383],[115.161,-34.383],[115.161,-34.383],[115.161,-34.383]]],[[[115.161,-34.383],[115.161,-34.383],[115.161,-34.383],[115.161,-34.383]]],[[[115.128,-34.356],[115.128,-34.356],[115.128,-34.356],[115.128,-34.356]]],[[[115.123,-34.354],[115.124,-34.354],[115.123,-34.354],[115.123,-34.354]]],[[[115.125,-34.356],[115.125,-34.356],[115.125,-34.356],[115.125,-34.356]]],[[[115.125,-34.356],[115.126,-34.356],[115.125,-34.356],[115.125,-34.356]]],[[[115.012,-34.271],[115.012,-34.271],[115.012,-34.271],[115.012,-34.271]]],[[[115.011,-34.272],[115.011,-34.272],[115.011,-34.272],[115.011,-34.272]]],[[[115.134,-34.372],[115.134,-34.371],[115.134,-34.372],[115.134,-34.372]]],[[[115.134,-34.373],[115.134,-34.373],[115.134,-34.373],[115.134,-34.373]]],[[[115.161,-34.37],[115.161,-34.37],[115.161,-34.37],[115.161,-34.37]]],[[[115.131,-34.361],[115.131,-34.36],[115.131,-34.361],[115.131,-34.361]]],[[[115.147,-34.369],[115.147,-34.369],[115.147,-34.369],[115.147,-34.369]]],[[[115.138,-34.375],[115.138,-34.375],[115.138,-34.375],[115.138,-34.375]]],[[[115.131,-34.361],[115.131,-34.36],[115.131,-34.361],[115.131,-34.361]]],[[[115.135,-34.369],[115.135,-34.369],[115.134,-34.369],[115.135,-34.369]]],[[[115.025,-34.161],[115.025,-34.161],[115.025,-34.161],[115.025,-34.161]]],[[[115.027,-34.161],[115.027,-34.16],[115.026,-34.16],[115.027,-34.161]]],[[[115.158,-34.376],[115.158,-34.376],[115.157,-34.376],[115.158,-34.376]]],[[[115.134,-34.377],[115.134,-34.376],[115.134,-34.376],[115.134,-34.377]]],[[[115.136,-34.377],[115.136,-34.377],[115.136,-34.377],[115.136,-34.377]]],[[[115.16,-34.376],[115.16,-34.376],[115.16,-34.376],[115.16,-34.376]]],[[[115.158,-34.377],[115.158,-34.376],[115.158,-34.376],[115.158,-34.377]]],[[[115.133,-34.376],[115.133,-34.376],[115.133,-34.376],[115.133,-34.376]]],[[[115.071,-34.334],[115.072,-34.334],[115.071,-34.334],[115.071,-34.334]]],[[[115.071,-34.33],[115.072,-34.33],[115.072,-34.33],[115.071,-34.33]]],[[[115.071,-34.332],[115.072,-34.332],[115.071,-34.332],[115.071,-34.332]]],[[[115.072,-34.335],[115.071,-34.335],[115.071,-34.335],[115.072,-34.335]]],[[[114.998,-34.041],[114.998,-34.042],[114.999,-34.041],[114.998,-34.041]]],[[[114.999,-34.041],[114.999,-34.04],[114.998,-34.04],[114.999,-34.041]]],[[[115.0,-34.051],[115.0,-34.05],[114.999,-34.05],[115.0,-34.051]]],[[[114.999,-34.048],[114.999,-34.047],[114.999,-34.047],[114.999,-34.048]]],[[[115.0,-34.059],[115.0,-34.059],[115.0,-34.059],[115.0,-34.059]]],[[[115.0,-34.059],[115.0,-34.059],[115.0,-34.059],[115.0,-34.059]]],[[[115.0,-34.06],[115.0,-34.06],[115.0,-34.06],[115.0,-34.06]]],[[[114.998,-34.04],[114.998,-34.04],[114.998,-34.04],[114.998,-34.04]]],[[[115.0,-34.06],[115.0,-34.06],[115.0,-34.06],[115.0,-34.06]]],[[[114.998,-34.035],[114.998,-34.035],[114.998,-34.035],[114.998,-34.035]]],[[[114.999,-34.05],[114.999,-34.049],[114.999,-34.049],[114.999,-34.05]]],[[[114.998,-34.036],[114.998,-34.036],[114.998,-34.036],[114.998,-34.036]]],[[[115.0,-34.03],[115.0,-34.03],[115.0,-34.03],[115.0,-34.03]]],[[[115.0,-34.051],[115.0,-34.051],[115.0,-34.051],[115.0,-34.051]]],[[[114.998,-34.036],[114.998,-34.036],[114.998,-34.036],[114.998,-34.036]]],[[[114.998,-34.037],[114.998,-34.037],[114.998,-34.037],[114.998,-34.037]]],[[[114.999,-34.042],[114.999,-34.042],[114.998,-34.042],[114.999,-34.042]]],[[[115.005,-33.559],[115.005,-33.56],[115.006,-33.56],[115.005,-33.559]]],[[[115.006,-33.544],[115.007,-33.545],[115.006,-33.544],[115.006,-33.544]]],[[[115.003,-33.532],[115.003,-33.532],[115.004,-33.531],[115.003,-33.532]]],[[[115.124,-34.353],[115.124,-34.353],[115.124,-34.353],[115.124,-34.353]]],[[[115.124,-34.354],[115.124,-34.353],[115.124,-34.353],[115.124,-34.354]]],[[[115.012,-34.223],[115.017,-34.224],[115.014,-34.22],[115.012,-34.223]]],[[[115.025,-34.164],[115.025,-34.163],[115.025,-34.163],[115.025,-34.164]]],[[[115.02,-34.216],[115.021,-34.216],[115.02,-34.216],[115.02,-34.216]]],[[[115.025,-34.164],[115.025,-34.163],[115.025,-34.163],[115.025,-34.164]]],[[[115.014,-34.18],[115.014,-34.18],[115.014,-34.18],[115.014,-34.18]]],[[[114.995,-34.005],[114.995,-34.005],[114.995,-34.005],[114.995,-34.005]]],[[[114.993,-34.104],[114.993,-34.104],[114.993,-34.104],[114.993,-34.104]]],[[[114.995,-34.105],[114.995,-34.105],[114.995,-34.105],[114.995,-34.105]]],[[[114.992,-34.097],[114.992,-34.097],[114.992,-34.097],[114.992,-34.097]]],[[[114.991,-34.102],[114.991,-34.101],[114.991,-34.101],[114.991,-34.102]]],[[[114.993,-34.096],[114.993,-34.096],[114.993,-34.096],[114.993,-34.096]]],[[[114.993,-34.097],[114.993,-34.096],[114.993,-34.097],[114.993,-34.097]]],[[[114.993,-34.099],[114.993,-34.099],[114.993,-34.099],[114.993,-34.099]]],[[[114.994,-34.093],[114.994,-34.093],[114.994,-34.093],[114.994,-34.093]]],[[[114.994,-34.094],[114.994,-34.094],[114.994,-34.094],[114.994,-34.094]]],[[[114.992,-34.102],[114.992,-34.102],[114.992,-34.102],[114.992,-34.102]]],[[[114.996,-34.09],[114.996,-34.089],[114.996,-34.089],[114.996,-34.09]]],[[[114.992,-34.103],[114.992,-34.102],[114.992,-34.102],[114.992,-34.103]]],[[[114.992,-34.102],[114.992,-34.102],[114.992,-34.102],[114.992,-34.102]]],[[[114.995,-33.668],[114.995,-33.669],[114.995,-33.669],[114.995,-33.668]]],[[[115.167,-34.29],[115.169,-34.291],[115.17,-34.287],[115.167,-34.29]]],[[[115.187,-34.278],[115.187,-34.278],[115.188,-34.278],[115.187,-34.278]]],[[[115.024,-34.275],[115.025,-34.274],[115.024,-34.274],[115.024,-34.275]]],[[[115.026,-34.265],[115.025,-34.265],[115.026,-34.265],[115.026,-34.265]]],[[[115.024,-34.252],[115.024,-34.252],[115.024,-34.252],[115.024,-34.252]]],[[[115.026,-34.262],[115.026,-34.262],[115.026,-34.262],[115.026,-34.262]]],[[[115.019,-34.275],[115.019,-34.275],[115.019,-34.276],[115.019,-34.275]]],[[[115.032,-34.269],[115.033,-34.269],[115.032,-34.269],[115.032,-34.269]]],[[[115.023,-34.276],[115.023,-34.275],[115.023,-34.276],[115.023,-34.276]]],[[[115.163,-34.307],[115.163,-34.307],[115.163,-34.306],[115.163,-34.307]]],[[[115.025,-34.263],[115.025,-34.263],[115.025,-34.263],[115.025,-34.263]]],[[[115.024,-34.264],[115.024,-34.263],[115.024,-34.263],[115.024,-34.264]]],[[[115.026,-34.27],[115.025,-34.27],[115.025,-34.271],[115.026,-34.27]]],[[[115.03,-34.31],[115.03,-34.309],[115.03,-34.309],[115.03,-34.31]]],[[[115.035,-34.273],[115.036,-34.272],[115.035,-34.272],[115.035,-34.273]]],[[[115.035,-34.273],[115.035,-34.273],[115.035,-34.273],[115.035,-34.273]]],[[[115.023,-34.276],[115.023,-34.276],[115.023,-34.276],[115.023,-34.276]]],[[[115.024,-34.265],[115.025,-34.265],[115.024,-34.265],[115.024,-34.265]]],[[[115.039,-34.272],[115.039,-34.271],[115.039,-34.272],[115.039,-34.272]]],[[[115.164,-34.308],[115.164,-34.307],[115.164,-34.307],[115.164,-34.308]]],[[[115.025,-34.258],[115.025,-34.258],[115.025,-34.258],[115.025,-34.258]]],[[[115.027,-34.26],[115.027,-34.26],[115.027,-34.26],[115.027,-34.26]]],[[[115.033,-34.268],[115.033,-34.268],[115.033,-34.268],[115.033,-34.268]]],[[[114.994,-33.67],[114.994,-33.671],[114.994,-33.667],[114.994,-33.67]]],[[[114.994,-33.673],[114.994,-33.672],[114.994,-33.673],[114.994,-33.673]]],[[[114.994,-33.672],[114.995,-33.671],[114.994,-33.671],[114.994,-33.672]]],[[[114.994,-33.671],[114.994,-33.671],[114.994,-33.671],[114.994,-33.671]]],[[[114.994,-33.672],[114.994,-33.672],[114.995,-33.672],[114.994,-33.672]]],[[[116.035,-34.867],[116.036,-34.866],[116.035,-34.866],[116.035,-34.867]]],[[[116.036,-34.866],[116.043,-34.869],[116.036,-34.863],[116.036,-34.866]]],[[[116.033,-34.861],[116.034,-34.861],[116.032,-34.86],[116.033,-34.861]]],[[[116.099,-34.853],[116.1,-34.853],[116.1,-34.852],[116.099,-34.853]]],[[[115.995,-34.849],[115.996,-34.851],[115.998,-34.849],[115.995,-34.849]]],[[[116.731,-35.067],[116.728,-35.068],[116.731,-35.069],[116.731,-35.067]]],[[[116.735,-35.05],[116.73,-35.053],[116.737,-35.054],[116.735,-35.05]]],[[[116.727,-35.048],[116.726,-35.049],[116.73,-35.047],[116.727,-35.048]]],[[[116.491,-35.034],[116.499,-35.036],[116.505,-35.028],[116.491,-35.034]]],[[[116.486,-35.033],[116.488,-35.032],[116.487,-35.032],[116.486,-35.033]]]]},"properties":{"sa4_code_2021":"501","sa4_name_2021":"Bunbury"},"id":"501"},{"type":"Feature","geometry":{"type":"MultiPolygon","coordinates":[[[[115.74,-32.563],[115.777,-32.595],[115.77,-32.639],[115.744,-32.647],[115.721,-32.632],[115.704,-32.644],[115.666,-32.616],[115.71,-32.741],[115.727,-32.753],[115.715,-32.794],[115.949,-32.791],[115.972,-32.761],[116.001,-32.779],[115.975,-32.755],[115.991,-32.698],[115.968,-32.681],[115.984,-32.668],[115.968,-32.668],[115.968,-32.642],[115.978,-32.623],[115.996,-32.624],[115.985,-32.567],[116.003,-32.556],[115.99,-32.538],[116.015,-32.524],[115.997,-32.517],[116.014,-32.512],[116.002,-32.486],[116.032,-32.482],[115.997,-32.455],[115.976,-32.469],[115.91,-32.469],[115.91,-32.455],[115.858,-32.455],[115.858,-32.445],[115.832,-32.445],[115.827,-32.458],[115.748,-32.456],[115.737,-32.504],[115.711,-32.523],[115.719,-32.565],[115.74,-32.563]]],[[[115.711,-32.57],[115.716,-32.57],[115.712,-32.566],[115.711,-32.57]]],[[[115.716,-32.563],[115.714,-32.565],[115.716,-32.564],[115.716,-32.563]]],[[[115.704,-32.565],[115.705,-32.565],[115.708,-32.564],[115.704,-32.565]]],[[[115.676,-32.554],[115.628,-32.6],[115.607,-32.676],[115.629,-32.793],[115.65,-32.802],[115.671,-32.797],[115.667,-32.783],[115.703,-32.777],[115.673,-32.728],[115.641,-32.619],[115.673,-32.594],[115.671,-32.575],[115.718,-32.558],[115.711,-32.521],[115.676,-32.554]]]]},"properties":{"sa4_code_2021":"502","sa4_name_2021":"Mandurah"},"id":"502"},{"type":"Feature","geometry":{"type":"Polygon","coordinates":[[[115.86,-31.924],[115.825,-31.914],[115.789,-31.933],[115.755,-31.908],[115.751,-32.022],[115.78,-32.019],[115.774,-31.989],[115.804,-32.003],[115.843,-31.963],[115.887,-31.965],[115.893,-31.919],[115.868,-31.908],[115.86,-31.924]]]},"properties":{"sa4_code_2021":"503","sa4_name_2021":"Perth - Inner"},"id":"503"},{"type":"Feature","geometry":{"type":"Polygon","coordinates":[[[115.974,-31.894],[115.959,-31.895],[115.957,-31.924],[115.974,-31.916],[116.04,-31.94],[116.061,-31.926],[116.081,-31.949],[116.125,-31.937],[116.167,-31.961],[116.13,-31.989],[116.138,-32.013],[116.219,-32.019],[116.236,-32.034],[116.252,-32.02],[116.289,-32.062],[116.323,-32.063],[116.324,-32.023],[116.303,-32.023],[116.303,-32.005],[116.409,-32.012],[116.415,-31.909],[116.346,-31.907],[116.346,-31.856],[116.371,-31.813],[116.338,-31.806],[116.356,-31.784],[116.338,-31.763],[116.347,-31.707],[116.288,-31.706],[116.288,-31.671],[116.238,-31.671],[116.238,-31.6],[116.036,-31.597],[115.985,-31.603],[115.985,-31.628],[115.883,-31.628],[115.883,-31.792],[115.9,-31.792],[115.883,-31.796],[115.877,-31.821],[115.886,-31.934],[115.914,-31.95],[115.909,-31.935],[115.951,-31.922],[115.958,-31.895],[115.974,-31.894]]]},"properties":{"sa4_code_2021":"504","sa4_name_2021":"Perth - North East"},"id":"504"},{"type":"Feature","geometry":{"type":"Polygon","coordinates":[[[115.804,-31.93],[115.847,-31.913],[115.864,-31.927],[115.892,-31.89],[115.878,-31.872],[115.877,-31.821],[115.883,-31.796],[115.9,-31.792],[115.883,-31.792],[115.883,-31.628],[115.86,-31.627],[115.856,-31.474],[115.678,-31.477],[115.67,-31.455],[115.561,-31.455],[115.686,-31.654],[115.73,-31.766],[115.732,-31.823],[115.75,-31.84],[115.755,-31.908],[115.775,-31.929],[115.804,-31.93]]]},"properties":{"sa4_code_2021":"505","sa4_name_2021":"Perth - North West"},"id":"505"},{"type":"Feature","geometry":{"type":"Polygon","coordinates":[[[115.961,-31.92],[115.911,-31.935],[115.909,-31.953],[115.886,-31.94],[115.881,-31.97],[115.845,-31.966],[115.857,-32.031],[115.904,-32.025],[115.861,-32.044],[115.916,-32.115],[115.897,-32.136],[115.901,-32.193],[115.883,-32.205],[115.887,-32.259],[115.872,-32.278],[115.89,-32.292],[115.83,-32.406],[115.858,-32.406],[115.858,-32.455],[115.91,-32.455],[115.91,-32.469],[115.976,-32.469],[115.991,-32.455],[116.021,-32.477],[116.035,-32.456],[116.26,-32.459],[116.26,-32.39],[116.19,-32.287],[116.225,-32.236],[116.358,-32.236],[116.312,-32.171],[116.28,-32.165],[116.288,-32.061],[116.252,-32.02],[116.236,-32.034],[116.219,-32.019],[116.138,-32.013],[116.13,-31.989],[116.167,-31.961],[116.137,-31.942],[116.081,-31.949],[116.061,-31.926],[116.04,-31.94],[115.961,-31.92]]]},"properties":{"sa4_code_2021":"506","sa4_name_2021":"Perth - South East"},"id":"506"},{"type":"Feature","geometry":{"type":"MultiPolygon","coordinates":[[[[115.801,-32.453],[115.858,-32.445],[115.858,-32.406],[115.83,-32.405],[115.89,-32.292],[115.872,-32.278],[115.887,-32.259],[115.883,-32.205],[115.901,-32.193],[115.897,-32.136],[115.916,-32.115],[115.891,-32.092],[115.89,-32.069],[115.871,-32.066],[115.846,-32.002],[115.814,-32.029],[115.786,-32.011],[115.732,-32.056],[115.748,-32.061],[115.763,-32.109],[115.737,-32.135],[115.765,-32.14],[115.775,-32.194],[115.737,-32.27],[115.685,-32.266],[115.702,-32.305],[115.742,-32.326],[115.739,-32.359],[115.713,-32.37],[115.744,-32.404],[115.748,-32.456],[115.801,-32.453]]],[[[115.666,-32.126],[115.666,-32.126],[115.665,-32.126],[115.666,-32.126]]],[[[115.689,-32.304],[115.69,-32.309],[115.695,-32.305],[115.689,-32.304]]],[[[115.691,-32.293],[115.691,-32.292],[115.69,-32.293],[115.691,-32.293]]],[[[115.692,-32.279],[115.693,-32.279],[115.692,-32.279],[115.692,-32.279]]],[[[115.689,-32.278],[115.692,-32.277],[115.689,-32.277],[115.689,-32.278]]],[[[115.67,-32.196],[115.681,-32.244],[115.7,-32.245],[115.661,-32.156],[115.67,-32.196]]],[[[115.663,-32.119],[115.659,-32.12],[115.665,-32.125],[115.663,-32.119]]],[[[115.555,-32.014],[115.556,-32.014],[115.554,-32.013],[115.555,-32.014]]],[[[115.541,-31.994],[115.511,-31.988],[115.45,-32.026],[115.508,-32.013],[115.528,-32.028],[115.558,-32.005],[115.541,-31.994]]],[[[115.551,-32.02],[115.552,-32.02],[115.55,-32.019],[115.551,-32.02]]],[[[115.755,-32.027],[115.724,-32.054],[115.758,-32.039],[115.755,-32.027]]]]},"properties":{"sa4_code_2021":"507","sa4_name_2021":"Perth - South West"},"id":"507"},{"type":"Feature","geometry":{"type":"MultiPolygon","coordinates":[[[[117.93,-29.612],[117.695,-29.612],[117.722,-29.655],[117.703,-29.675],[117.603,-29.644],[117.576,-29.618],[117.581,-29.636],[117.568,-29.636],[117.551,-29.704],[117.569,-29.737],[117.551,-29.748],[117.57,-29.756],[117.509,-29.777],[117.502,-29.801],[117.101,-29.801],[117.101,-29.773],[116.856,-29.773],[116.856,-29.743],[116.792,-29.743],[116.798,-29.806],[116.842,-29.84],[116.791,-29.869],[116.818,-29.89],[116.78,-29.889],[116.769,-29.871],[116.74,-29.897],[116.746,-29.907],[116.522,-29.904],[116.463,-29.927],[116.322,-29.926],[116.322,-29.962],[116.356,-29.962],[116.353,-30.127],[116.371,-30.138],[116.371,-30.175],[116.354,-30.186],[116.296,-30.186],[116.296,-30.163],[116.264,-30.163],[116.264,-30.191],[116.176,-30.202],[116.12,-30.178],[115.876,-30.176],[115.876,-30.196],[115.795,-30.205],[115.795,-30.135],[115.647,-30.191],[115.484,-30.205],[115.481,-30.173],[115.235,-30.173],[115.213,-30.106],[115.079,-30.106],[115.079,-30.074],[115.038,-30.074],[115.044,-30.145],[115.004,-30.144],[114.992,-30.184],[114.995,-30.233],[115.028,-30.237],[115.042,-30.274],[115.02,-30.317],[115.042,-30.338],[115.071,-30.478],[115.054,-30.505],[115.094,-30.548],[115.088,-30.578],[115.183,-30.772],[115.19,-30.825],[115.22,-30.833],[115.313,-30.973],[115.441,-31.277],[115.561,-31.455],[115.67,-31.455],[115.678,-31.477],[115.856,-31.474],[115.86,-31.627],[115.985,-31.628],[115.985,-31.603],[116.036,-31.597],[116.238,-31.6],[116.238,-31.671],[116.288,-31.671],[116.288,-31.706],[116.347,-31.707],[116.338,-31.763],[116.356,-31.784],[116.338,-31.806],[116.371,-31.813],[116.346,-31.856],[116.346,-31.907],[116.415,-31.909],[116.409,-32.012],[116.303,-32.005],[116.303,-32.023],[116.324,-32.023],[116.323,-32.063],[116.285,-32.062],[116.28,-32.165],[116.312,-32.171],[116.358,-32.236],[116.225,-32.236],[116.19,-32.287],[116.26,-32.39],[116.26,-32.459],[116.035,-32.456],[116.018,-32.476],[116.032,-32.485],[116.002,-32.486],[116.014,-32.512],[115.997,-32.517],[116.015,-32.524],[115.99,-32.538],[116.003,-32.556],[115.985,-32.567],[115.996,-32.624],[115.978,-32.623],[115.968,-32.642],[115.968,-32.668],[115.984,-32.668],[115.968,-32.681],[115.991,-32.698],[115.975,-32.755],[115.986,-32.77],[116.015,-32.755],[116.073,-32.756],[116.114,-32.789],[116.178,-32.789],[116.179,-32.95],[116.209,-32.984],[116.209,-33.03],[116.284,-33.03],[116.284,-33.012],[116.409,-32.995],[116.412,-33.195],[116.383,-33.343],[116.382,-33.456],[116.333,-33.473],[116.325,-33.502],[116.266,-33.499],[116.303,-33.564],[116.406,-33.583],[116.439,-33.622],[116.473,-33.624],[116.485,-33.667],[116.533,-33.659],[116.533,-33.673],[116.579,-33.664],[116.602,-33.678],[116.614,-33.668],[116.61,-33.678],[116.654,-33.7],[116.735,-33.682],[116.788,-33.724],[116.773,-33.737],[116.776,-33.922],[116.72,-33.961],[116.73,-33.981],[116.749,-33.979],[116.76,-34.052],[116.782,-34.052],[116.78,-34.112],[116.806,-34.112],[116.794,-34.122],[116.842,-34.14],[116.841,-34.251],[116.693,-34.254],[116.708,-34.31],[116.698,-34.37],[116.678,-34.374],[116.669,-34.419],[116.763,-34.444],[116.804,-34.476],[116.786,-34.552],[116.811,-34.576],[116.793,-34.596],[116.816,-34.624],[116.785,-34.653],[116.793,-34.668],[116.84,-34.668],[116.857,-34.682],[116.837,-34.699],[116.838,-34.763],[116.814,-34.77],[116.817,-34.786],[116.797,-34.798],[116.811,-34.825],[116.776,-34.838],[116.758,-34.871],[116.735,-34.871],[116.725,-34.89],[116.79,-34.908],[116.78,-34.93],[116.827,-34.953],[116.802,-34.97],[116.822,-34.989],[116.806,-35.002],[116.754,-35.001],[116.735,-35.03],[116.781,-35.016],[116.862,-35.057],[116.885,-35.048],[116.925,-35.064],[116.957,-35.019],[117.019,-35.036],[117.098,-35.032],[117.15,-35.061],[117.165,-35.027],[117.195,-35.017],[117.272,-35.021],[117.326,-35.044],[117.334,-34.994],[117.355,-34.993],[117.369,-34.969],[117.429,-34.986],[117.455,-34.967],[117.48,-34.994],[117.452,-35.01],[117.466,-35.021],[117.428,-35.022],[117.396,-34.998],[117.332,-35.023],[117.397,-35.032],[117.485,-35.089],[117.514,-35.075],[117.549,-35.083],[117.606,-35.115],[117.611,-35.133],[117.64,-35.134],[117.628,-35.113],[117.651,-35.084],[117.645,-35.062],[117.686,-35.043],[117.762,-35.055],[117.899,-35.123],[117.941,-35.115],[117.95,-35.128],[117.976,-35.099],[118.021,-35.108],[118.002,-35.088],[117.944,-35.092],[117.92,-35.041],[117.91,-35.054],[117.928,-35.073],[117.911,-35.084],[117.848,-35.046],[117.86,-35.027],[117.92,-35.036],[117.919,-35.017],[117.949,-34.998],[117.949,-34.944],[117.977,-34.952],[117.981,-34.94],[117.98,-34.991],[117.949,-35.002],[117.962,-35.013],[118.035,-35.02],[118.109,-34.986],[118.167,-34.995],[118.195,-35.023],[118.211,-34.979],[118.173,-34.968],[118.175,-34.94],[118.211,-34.944],[118.224,-34.92],[118.3,-34.912],[118.334,-34.891],[118.403,-34.917],[118.428,-34.899],[118.422,-34.881],[118.397,-34.877],[118.4,-34.824],[118.44,-34.761],[118.52,-34.717],[118.645,-34.691],[118.666,-34.668],[118.722,-34.657],[118.782,-34.609],[118.745,-34.594],[118.755,-34.546],[118.812,-34.509],[118.914,-34.503],[118.901,-34.476],[118.912,-34.463],[118.985,-34.451],[119.102,-34.466],[119.148,-34.493],[119.219,-34.498],[119.239,-34.516],[119.222,-34.531],[119.241,-34.535],[119.262,-34.516],[119.281,-34.522],[119.289,-34.493],[119.272,-34.467],[119.297,-34.449],[119.356,-34.45],[119.366,-34.463],[119.356,-34.475],[119.383,-34.485],[119.39,-34.46],[119.42,-34.458],[119.402,-34.453],[119.391,-34.421],[119.408,-34.395],[119.318,-34.37],[119.318,-34.124],[119.184,-33.982],[119.254,-33.983],[119.347,-33.897],[119.498,-33.897],[119.498,-33.803],[119.449,-33.803],[119.431,-33.763],[119.455,-33.741],[119.44,-33.711],[119.54,-33.578],[119.442,-33.525],[119.678,-33.329],[119.77,-33.389],[119.806,-33.351],[119.853,-33.345],[120.003,-33.254],[120.003,-33.238],[119.979,-33.238],[119.972,-33.168],[120.061,-33.119],[120.028,-33.08],[120.217,-33.075],[120.255,-32.995],[120.581,-32.765],[120.01,-32.765],[120.014,-30.161],[118.503,-29.612],[117.93,-29.612]]],[[[114.996,-30.354],[114.997,-30.354],[114.997,-30.353],[114.996,-30.354]]],[[[114.971,-30.272],[114.972,-30.272],[114.971,-30.27],[114.971,-30.272]]],[[[114.989,-30.211],[114.99,-30.211],[114.99,-30.21],[114.989,-30.211]]],[[[114.998,-30.442],[114.998,-30.44],[114.997,-30.441],[114.998,-30.442]]],[[[114.997,-30.443],[114.998,-30.442],[114.997,-30.442],[114.997,-30.443]]],[[[115.045,-30.532],[115.045,-30.533],[115.045,-30.53],[115.045,-30.532]]],[[[115.045,-30.529],[115.045,-30.529],[115.045,-30.528],[115.045,-30.529]]],[[[114.999,-30.35],[115.0,-30.349],[114.999,-30.349],[114.999,-30.35]]],[[[114.997,-30.233],[114.998,-30.233],[114.997,-30.232],[114.997,-30.233]]],[[[115.19,-30.83],[115.188,-30.827],[115.188,-30.829],[115.19,-30.83]]],[[[114.989,-30.331],[114.983,-30.334],[114.984,-30.336],[114.989,-30.331]]],[[[114.987,-30.331],[114.987,-30.331],[114.986,-30.331],[114.987,-30.331]]],[[[115.046,-30.523],[115.047,-30.523],[115.046,-30.521],[115.046,-30.523]]],[[[115.106,-30.683],[115.108,-30.683],[115.105,-30.68],[115.106,-30.683]]],[[[115.105,-30.68],[115.104,-30.679],[115.102,-30.678],[115.105,-30.68]]],[[[115.018,-30.454],[115.019,-30.458],[115.021,-30.454],[115.018,-30.454]]],[[[115.316,-31.008],[115.318,-31.007],[115.316,-31.004],[115.316,-31.008]]],[[[115.325,-31.03],[115.325,-31.029],[115.325,-31.029],[115.325,-31.03]]],[[[114.999,-30.319],[115.009,-30.315],[115.006,-30.313],[114.999,-30.319]]],[[[114.993,-30.322],[114.993,-30.324],[114.993,-30.318],[114.993,-30.322]]],[[[115.008,-30.282],[115.008,-30.281],[115.007,-30.284],[115.008,-30.282]]],[[[115.006,-30.312],[115.006,-30.311],[115.005,-30.312],[115.006,-30.312]]],[[[114.996,-30.317],[114.997,-30.317],[114.997,-30.316],[114.996,-30.317]]],[[[115.008,-30.281],[115.008,-30.28],[115.008,-30.281],[115.008,-30.281]]],[[[115.114,-30.658],[115.116,-30.657],[115.115,-30.656],[115.114,-30.658]]],[[[115.11,-30.665],[115.11,-30.664],[115.109,-30.664],[115.11,-30.665]]],[[[117.87,-35.191],[117.872,-35.192],[117.867,-35.184],[117.87,-35.191]]],[[[117.894,-35.185],[117.9,-35.181],[117.873,-35.182],[117.894,-35.185]]],[[[117.943,-35.126],[117.944,-35.126],[117.944,-35.125],[117.943,-35.126]]],[[[117.862,-35.117],[117.866,-35.118],[117.864,-35.116],[117.862,-35.117]]],[[[117.859,-35.117],[117.861,-35.116],[117.858,-35.115],[117.859,-35.117]]],[[[117.924,-35.122],[117.924,-35.122],[117.924,-35.122],[117.924,-35.122]]],[[[117.927,-35.121],[117.927,-35.121],[117.927,-35.121],[117.927,-35.121]]],[[[118.157,-35.028],[118.158,-35.03],[118.162,-35.029],[118.157,-35.028]]],[[[118.462,-34.933],[118.477,-34.937],[118.487,-34.921],[118.441,-34.904],[118.462,-34.933]]],[[[119.41,-34.422],[119.413,-34.422],[119.41,-34.421],[119.41,-34.422]]],[[[118.214,-35.003],[118.216,-35.0],[118.209,-34.996],[118.214,-35.003]]],[[[118.173,-35.015],[118.178,-35.017],[118.175,-35.013],[118.173,-35.015]],[[118.162,-35.005],[118.162,-35.006],[118.162,-35.002],[118.162,-35.005]]],[[[118.66,-34.703],[118.665,-34.701],[118.662,-34.699],[118.66,-34.703]]],[[[118.658,-34.703],[118.656,-34.705],[118.658,-34.705],[118.658,-34.703]]],[[[118.765,-34.594],[118.769,-34.595],[118.767,-34.591],[118.765,-34.594]]],[[[119.363,-34.482],[119.367,-34.48],[119.364,-34.48],[119.363,-34.482]]],[[[118.376,-34.948],[118.377,-34.947],[118.376,-34.947],[118.376,-34.948]]],[[[118.374,-34.943],[118.375,-34.944],[118.375,-34.942],[118.374,-34.943]]],[[[118.321,-34.906],[118.322,-34.906],[118.321,-34.905],[118.321,-34.906]]],[[[119.136,-34.505],[119.134,-34.503],[119.132,-34.504],[119.136,-34.505]]],[[[119.291,-34.505],[119.291,-34.503],[119.289,-34.503],[119.291,-34.505]]],[[[119.137,-34.502],[119.135,-34.503],[119.136,-34.503],[119.137,-34.502]]],[[[119.132,-34.5],[119.134,-34.499],[119.133,-34.499],[119.132,-34.5]]],[[[117.695,-35.051],[117.691,-35.049],[117.692,-35.052],[117.695,-35.051]]],[[[117.788,-35.106],[117.786,-35.107],[117.787,-35.109],[117.788,-35.106]]],[[[117.65,-35.072],[117.648,-35.071],[117.649,-35.073],[117.65,-35.072]]],[[[117.677,-35.074],[117.679,-35.072],[117.677,-35.072],[117.677,-35.074]]],[[[117.649,-35.075],[117.651,-35.076],[117.651,-35.074],[117.649,-35.075]]],[[[117.698,-35.052],[117.696,-35.051],[117.697,-35.052],[117.698,-35.052]]],[[[117.606,-35.128],[117.608,-35.129],[117.607,-35.127],[117.606,-35.128]]],[[[117.7,-35.053],[117.701,-35.053],[117.7,-35.053],[117.7,-35.053]]],[[[117.152,-35.063],[117.151,-35.067],[117.157,-35.067],[117.152,-35.063]]],[[[117.257,-35.027],[117.253,-35.029],[117.259,-35.028],[117.257,-35.027]]],[[[117.261,-35.026],[117.26,-35.027],[117.261,-35.026],[117.261,-35.026]]],[[[117.263,-35.025],[117.263,-35.026],[117.263,-35.026],[117.263,-35.025]]],[[[117.262,-35.026],[117.263,-35.026],[117.262,-35.025],[117.262,-35.026]]],[[[118.044,-35.065],[118.07,-35.065],[118.04,-35.06],[118.044,-35.065]]],[[[118.029,-35.047],[118.051,-35.044],[118.039,-35.04],[118.029,-35.047]]],[[[117.941,-35.062],[117.943,-35.064],[117.947,-35.062],[117.941,-35.062]]],[[[117.973,-35.076],[117.975,-35.076],[117.975,-35.075],[117.973,-35.076]]],[[[118.07,-35.066],[118.071,-35.065],[118.07,-35.065],[118.07,-35.066]]],[[[117.933,-35.055],[117.934,-35.055],[117.932,-35.055],[117.933,-35.055]]],[[[118.072,-35.066],[118.072,-35.066],[118.071,-35.066],[118.072,-35.066]]],[[[118.063,-35.067],[118.064,-35.067],[118.063,-35.067],[118.063,-35.067]]],[[[118.017,-35.11],[118.018,-35.11],[118.017,-35.11],[118.017,-35.11]]],[[[117.94,-35.062],[117.94,-35.062],[117.94,-35.062],[117.94,-35.062]]],[[[117.94,-35.061],[117.94,-35.061],[117.94,-35.061],[117.94,-35.061]]],[[[118.043,-35.066],[118.044,-35.066],[118.044,-35.065],[118.043,-35.066]]],[[[118.018,-35.11],[118.018,-35.11],[118.017,-35.11],[118.018,-35.11]]],[[[118.043,-35.066],[118.043,-35.066],[118.043,-35.066],[118.043,-35.066]]],[[[117.959,-35.094],[117.959,-35.094],[117.959,-35.094],[117.959,-35.094]]]]},"properties":{"sa4_code_2021":"509","sa4_name_2021":"Western Australia - Wheat Belt"},"id":"509"},{"type":"Feature","geometry":{"type":"MultiPolygon","coordinates":[[[[123.61,-17.285],[123.603,-17.339],[123.594,-17.362],[123.581,-17.35],[123.564,-17.406],[123.583,-17.425],[123.58,-17.484],[123.6,-17.516],[123.58,-17.584],[123.577,-17.524],[123.544,-17.501],[123.545,-17.469],[123.534,-17.482],[123.538,-17.454],[123.512,-17.436],[123.514,-17.418],[123.483,-17.397],[123.459,-17.351],[123.393,-17.316],[123.383,-17.24],[123.345,-17.163],[123.291,-17.108],[123.263,-17.012],[123.235,-16.97],[123.149,-16.925],[123.154,-16.878],[123.178,-16.858],[123.153,-16.802],[123.103,-16.784],[123.103,-16.745],[123.133,-16.738],[123.145,-16.708],[123.139,-16.688],[123.127,-16.711],[123.094,-16.709],[123.084,-16.665],[123.079,-16.693],[123.051,-16.691],[123.036,-16.672],[123.039,-16.621],[123.023,-16.605],[122.996,-16.641],[122.997,-16.602],[122.954,-16.58],[123.008,-16.528],[122.971,-16.516],[122.997,-16.486],[122.979,-16.477],[122.983,-16.465],[123.015,-16.452],[123.043,-16.459],[123.045,-16.474],[123.077,-16.44],[123.043,-16.44],[123.015,-16.406],[123.035,-16.4],[123.02,-16.378],[123.039,-16.359],[122.992,-16.38],[122.982,-16.406],[122.988,-16.381],[122.955,-16.402],[122.926,-16.389],[122.898,-16.447],[122.904,-16.489],[122.854,-16.513],[122.884,-16.53],[122.861,-16.519],[122.848,-16.547],[122.816,-16.556],[122.833,-16.561],[122.795,-16.572],[122.81,-16.545],[122.771,-16.59],[122.771,-16.629],[122.742,-16.683],[122.763,-16.71],[122.784,-16.696],[122.776,-16.735],[122.81,-16.753],[122.838,-16.744],[122.821,-16.757],[122.846,-16.792],[122.782,-16.747],[122.787,-16.772],[122.774,-16.751],[122.743,-16.772],[122.757,-16.746],[122.734,-16.778],[122.637,-16.801],[122.61,-16.766],[122.579,-16.762],[122.553,-16.805],[122.571,-16.836],[122.551,-16.835],[122.549,-16.82],[122.534,-16.837],[122.57,-16.929],[122.596,-16.964],[122.612,-16.965],[122.508,-16.954],[122.52,-16.934],[122.49,-16.919],[122.48,-16.895],[122.481,-16.981],[122.469,-16.986],[122.468,-16.969],[122.431,-16.983],[122.47,-16.936],[122.366,-16.998],[122.351,-17.037],[122.296,-17.067],[122.253,-17.12],[122.267,-17.137],[122.303,-17.112],[122.293,-17.13],[122.319,-17.135],[122.288,-17.14],[122.319,-17.159],[122.282,-17.145],[122.257,-17.169],[122.252,-17.158],[122.211,-17.24],[122.187,-17.24],[122.173,-17.264],[122.15,-17.355],[122.145,-17.56],[122.2,-17.685],[122.213,-17.874],[122.205,-17.945],[122.175,-17.974],[122.207,-18.009],[122.251,-17.952],[122.378,-17.99],[122.37,-18.116],[122.315,-18.172],[122.215,-18.204],[122.2,-18.25],[122.185,-18.248],[122.198,-18.231],[122.13,-18.307],[122.064,-18.326],[122.017,-18.391],[121.947,-18.439],[121.872,-18.472],[121.84,-18.444],[121.815,-18.451],[121.789,-18.484],[121.803,-18.508],[121.81,-18.481],[121.817,-18.492],[121.798,-18.53],[121.788,-18.538],[121.791,-18.504],[121.765,-18.553],[121.729,-18.576],[121.791,-18.609],[121.792,-18.658],[121.752,-18.675],[121.741,-18.705],[121.698,-18.699],[121.681,-18.721],[121.635,-18.704],[121.631,-18.722],[121.629,-18.7],[121.618,-18.706],[121.62,-18.742],[121.656,-18.767],[121.653,-18.836],[121.643,-18.818],[121.638,-18.848],[121.628,-18.842],[121.603,-18.869],[121.576,-18.947],[121.6,-18.941],[121.553,-18.943],[121.56,-18.983],[121.518,-19.043],[121.504,-19.106],[121.333,-19.342],[121.21,-19.466],[121.114,-19.539],[120.951,-19.639],[120.631,-19.77],[120.196,-19.914],[119.973,-19.933],[119.866,-19.97],[119.788,-19.973],[119.764,-19.956],[119.765,-19.976],[119.757,-19.964],[119.73,-19.976],[119.753,-19.984],[119.741,-20.006],[119.754,-20.022],[119.733,-20.013],[119.691,-20.041],[119.709,-20.021],[119.701,-19.995],[119.655,-20.047],[119.569,-20.08],[119.471,-20.006],[119.443,-20.017],[119.415,-19.995],[119.372,-20.008],[119.373,-19.991],[119.24,-19.972],[119.218,-19.953],[119.172,-19.957],[119.172,-20.008],[119.207,-20.024],[119.161,-20.012],[119.147,-19.979],[119.1,-19.959],[119.068,-20.015],[118.994,-20.036],[118.959,-20.127],[118.897,-20.168],[118.86,-20.225],[118.883,-20.261],[118.875,-20.242],[118.842,-20.231],[118.83,-20.259],[118.847,-20.262],[118.828,-20.273],[118.849,-20.289],[118.86,-20.282],[118.855,-20.291],[118.823,-20.276],[118.821,-20.288],[118.768,-20.282],[118.69,-20.316],[118.666,-20.343],[118.674,-20.332],[118.655,-20.331],[118.667,-20.325],[118.64,-20.298],[118.598,-20.308],[118.598,-20.287],[118.573,-20.316],[118.63,-20.334],[118.587,-20.335],[118.613,-20.348],[118.596,-20.354],[118.58,-20.337],[118.579,-20.358],[118.574,-20.328],[118.552,-20.346],[118.558,-20.317],[118.57,-20.32],[118.562,-20.294],[118.526,-20.305],[118.557,-20.314],[118.54,-20.322],[118.543,-20.338],[118.537,-20.312],[118.506,-20.328],[118.518,-20.331],[118.506,-20.349],[118.511,-20.331],[118.488,-20.326],[118.489,-20.351],[118.456,-20.335],[118.45,-20.347],[118.417,-20.34],[118.404,-20.364],[118.401,-20.349],[118.379,-20.351],[118.379,-20.37],[118.369,-20.351],[118.364,-20.374],[118.344,-20.36],[118.346,-20.33],[118.289,-20.349],[118.318,-20.365],[118.298,-20.352],[118.283,-20.367],[118.281,-20.353],[118.257,-20.359],[118.257,-20.378],[118.215,-20.371],[118.196,-20.404],[118.205,-20.376],[118.165,-20.383],[118.17,-20.369],[118.198,-20.369],[118.18,-20.358],[118.2,-20.369],[118.184,-20.347],[118.172,-20.359],[118.185,-20.346],[118.2,-20.36],[118.197,-20.338],[118.182,-20.336],[118.11,-20.401],[118.05,-20.422],[118.018,-20.459],[117.953,-20.479],[117.965,-20.491],[117.941,-20.48],[117.932,-20.527],[117.962,-20.507],[117.943,-20.537],[117.96,-20.547],[117.971,-20.525],[117.964,-20.547],[117.975,-20.55],[117.959,-20.549],[117.96,-20.562],[117.945,-20.546],[117.942,-20.567],[117.941,-20.547],[117.92,-20.544],[117.915,-20.563],[117.93,-20.571],[117.912,-20.577],[117.903,-20.554],[117.882,-20.552],[117.871,-20.572],[117.898,-20.585],[117.867,-20.582],[117.865,-20.607],[117.774,-20.664],[117.81,-20.674],[117.769,-20.666],[117.704,-20.695],[117.688,-20.692],[117.697,-20.687],[117.68,-20.667],[117.667,-20.679],[117.675,-20.699],[117.667,-20.672],[117.654,-20.689],[117.656,-20.715],[117.651,-20.704],[117.628,-20.709],[117.647,-20.702],[117.642,-20.678],[117.617,-20.687],[117.648,-20.662],[117.631,-20.664],[117.59,-20.68],[117.595,-20.704],[117.553,-20.704],[117.556,-20.731],[117.542,-20.736],[117.545,-20.708],[117.443,-20.731],[117.435,-20.741],[117.457,-20.757],[117.441,-20.745],[117.43,-20.758],[117.427,-20.731],[117.395,-20.731],[117.387,-20.745],[117.404,-20.76],[117.388,-20.753],[117.398,-20.771],[117.39,-20.761],[117.382,-20.784],[117.37,-20.734],[117.35,-20.779],[117.35,-20.763],[117.337,-20.774],[117.34,-20.758],[117.332,-20.771],[117.32,-20.759],[117.347,-20.759],[117.358,-20.743],[117.348,-20.736],[117.303,-20.727],[117.298,-20.738],[117.292,-20.724],[117.284,-20.735],[117.285,-20.72],[117.264,-20.729],[117.277,-20.724],[117.223,-20.695],[117.212,-20.698],[117.229,-20.706],[117.216,-20.725],[117.227,-20.707],[117.195,-20.68],[117.186,-20.698],[117.2,-20.706],[117.183,-20.692],[117.172,-20.701],[117.2,-20.667],[117.175,-20.664],[117.184,-20.673],[117.168,-20.682],[117.181,-20.645],[117.157,-20.658],[117.182,-20.64],[117.166,-20.628],[117.2,-20.633],[117.191,-20.611],[117.181,-20.616],[117.182,-20.592],[117.142,-20.623],[117.128,-20.654],[117.105,-20.655],[117.094,-20.624],[117.039,-20.668],[117.037,-20.648],[116.988,-20.659],[116.976,-20.67],[116.997,-20.675],[116.956,-20.683],[116.946,-20.698],[116.957,-20.701],[116.926,-20.713],[116.953,-20.724],[116.927,-20.72],[116.92,-20.741],[116.924,-20.712],[116.899,-20.724],[116.828,-20.709],[116.797,-20.668],[116.787,-20.686],[116.788,-20.665],[116.819,-20.581],[116.867,-20.526],[116.809,-20.529],[116.813,-20.55],[116.778,-20.577],[116.799,-20.575],[116.746,-20.621],[116.765,-20.633],[116.722,-20.638],[116.694,-20.681],[116.642,-20.705],[116.667,-20.722],[116.689,-20.706],[116.666,-20.728],[116.685,-20.75],[116.673,-20.728],[116.642,-20.722],[116.664,-20.741],[116.647,-20.746],[116.654,-20.732],[116.64,-20.726],[116.64,-20.753],[116.63,-20.751],[116.631,-20.711],[116.624,-20.734],[116.623,-20.715],[116.592,-20.735],[116.605,-20.754],[116.587,-20.752],[116.59,-20.74],[116.526,-20.753],[116.542,-20.778],[116.524,-20.758],[116.513,-20.772],[116.544,-20.791],[116.514,-20.779],[116.489,-20.797],[116.502,-20.808],[116.492,-20.8],[116.488,-20.815],[116.467,-20.815],[116.474,-20.831],[116.442,-20.824],[116.495,-20.851],[116.399,-20.822],[116.345,-20.839],[116.299,-20.889],[116.272,-20.869],[116.241,-20.877],[116.256,-20.858],[116.236,-20.86],[116.205,-20.834],[116.191,-20.888],[116.227,-20.883],[116.19,-20.901],[116.188,-20.968],[116.14,-20.992],[116.146,-21.013],[116.13,-20.997],[116.103,-21.001],[116.099,-21.052],[116.097,-21.0],[115.989,-21.04],[115.912,-21.102],[115.918,-21.079],[115.889,-21.113],[115.901,-21.126],[115.882,-21.121],[115.877,-21.164],[115.855,-21.176],[115.86,-21.204],[115.85,-21.192],[115.834,-21.206],[115.845,-21.228],[115.831,-21.225],[115.819,-21.247],[115.844,-21.253],[115.809,-21.249],[115.817,-21.266],[115.792,-21.246],[115.799,-21.27],[115.788,-21.266],[115.779,-21.289],[115.784,-21.257],[115.767,-21.254],[115.77,-21.285],[115.762,-21.272],[115.753,-21.284],[115.756,-21.254],[115.749,-21.289],[115.716,-21.277],[115.705,-21.3],[115.703,-21.279],[115.683,-21.319],[115.653,-21.316],[115.662,-21.342],[115.64,-21.327],[115.618,-21.346],[115.637,-21.346],[115.628,-21.363],[115.609,-21.356],[115.618,-21.377],[115.605,-21.361],[115.589,-21.38],[115.609,-21.382],[115.593,-21.392],[115.597,-21.411],[115.581,-21.402],[115.584,-21.385],[115.551,-21.413],[115.562,-21.436],[115.573,-21.428],[115.565,-21.457],[115.549,-21.435],[115.51,-21.458],[115.506,-21.474],[115.526,-21.459],[115.515,-21.481],[115.528,-21.465],[115.516,-21.483],[115.493,-21.486],[115.509,-21.493],[115.495,-21.501],[115.52,-21.509],[115.511,-21.525],[115.511,-21.51],[115.494,-21.519],[115.508,-21.54],[115.492,-21.546],[115.477,-21.53],[115.476,-21.547],[115.468,-21.515],[115.464,-21.547],[115.445,-21.533],[115.456,-21.548],[115.443,-21.533],[115.459,-21.528],[115.457,-21.508],[115.438,-21.53],[115.447,-21.544],[115.437,-21.53],[115.428,-21.545],[115.433,-21.529],[115.413,-21.525],[115.381,-21.543],[115.414,-21.535],[115.399,-21.556],[115.382,-21.548],[115.331,-21.576],[115.342,-21.596],[115.327,-21.58],[115.246,-21.596],[115.242,-21.577],[115.22,-21.616],[115.211,-21.598],[115.187,-21.612],[115.21,-21.628],[115.179,-21.611],[115.162,-21.625],[115.177,-21.637],[115.161,-21.626],[115.132,-21.645],[115.142,-21.659],[115.109,-21.632],[115.056,-21.686],[115.03,-21.686],[115.04,-21.692],[114.975,-21.672],[114.959,-21.684],[114.97,-21.689],[114.945,-21.69],[114.988,-21.674],[114.973,-21.67],[114.914,-21.688],[114.778,-21.791],[114.699,-21.814],[114.683,-21.829],[114.698,-21.843],[114.685,-21.868],[114.686,-21.833],[114.648,-21.845],[114.643,-21.909],[114.648,-21.92],[114.664,-21.911],[114.621,-21.936],[114.637,-21.945],[114.615,-21.948],[114.626,-21.974],[114.613,-21.962],[114.606,-22.007],[114.601,-21.988],[114.589,-22.019],[114.585,-21.997],[114.571,-22.002],[114.574,-22.044],[114.559,-22.02],[114.552,-22.066],[114.517,-22.066],[114.52,-22.083],[114.536,-22.079],[114.518,-22.106],[114.526,-22.142],[114.519,-22.123],[114.501,-22.13],[114.515,-22.157],[114.501,-22.15],[114.508,-22.184],[114.489,-22.158],[114.456,-22.16],[114.49,-22.186],[114.472,-22.19],[114.5,-22.22],[114.454,-22.207],[114.452,-22.235],[114.482,-22.251],[114.444,-22.242],[114.473,-22.264],[114.43,-22.274],[114.559,-22.278],[114.559,-22.505],[114.637,-22.505],[114.637,-22.668],[114.754,-22.668],[114.75,-22.716],[114.701,-22.801],[114.671,-22.906],[114.709,-22.906],[114.709,-22.933],[114.661,-22.933],[114.645,-22.969],[114.598,-22.969],[114.598,-23.018],[114.479,-23.018],[114.479,-23.074],[114.545,-23.074],[114.545,-23.13],[114.673,-23.129],[114.673,-23.22],[114.632,-23.22],[114.632,-23.39],[114.737,-23.39],[114.737,-23.452],[115.196,-23.452],[115.196,-23.392],[115.478,-23.392],[115.478,-23.485],[115.532,-23.485],[115.526,-23.575],[115.605,-23.575],[115.605,-23.675],[115.703,-23.675],[115.703,-23.743],[115.727,-23.743],[115.726,-23.843],[115.774,-23.842],[115.777,-23.867],[115.872,-23.867],[115.872,-23.888],[115.98,-23.888],[115.98,-23.578],[116.076,-23.578],[116.076,-23.603],[116.137,-23.603],[116.137,-23.631],[116.191,-23.631],[116.191,-23.655],[116.297,-23.655],[116.297,-23.6],[116.494,-23.599],[116.495,-23.51],[116.598,-23.51],[116.598,-23.574],[116.858,-23.573],[116.858,-23.805],[117.045,-23.805],[117.053,-23.788],[117.626,-23.793],[117.626,-23.74],[117.714,-23.74],[117.714,-23.679],[117.744,-23.618],[117.744,-23.533],[117.658,-23.533],[117.658,-23.485],[117.637,-23.485],[117.637,-23.438],[117.716,-23.438],[117.716,-23.378],[117.992,-23.394],[117.992,-23.375],[118.079,-23.375],[118.079,-23.293],[118.167,-23.293],[118.167,-23.315],[118.426,-23.315],[118.426,-23.44],[118.819,-23.44],[118.819,-23.419],[118.884,-23.419],[118.884,-23.44],[120.791,-23.44],[120.771,-23.589],[120.671,-23.728],[121.005,-23.728],[121.005,-23.44],[129.001,-23.44],[129.001,-14.88],[128.738,-14.839],[128.681,-14.796],[128.621,-14.787],[128.623,-14.804],[128.587,-14.808],[128.55,-14.768],[128.528,-14.78],[128.536,-14.787],[128.475,-14.786],[128.436,-14.812],[128.419,-14.795],[128.393,-14.804],[128.381,-14.823],[128.427,-14.841],[128.467,-14.889],[128.47,-14.931],[128.508,-14.974],[128.519,-15.015],[128.422,-14.882],[128.402,-14.879],[128.449,-15.002],[128.358,-14.885],[128.349,-14.968],[128.41,-15.032],[128.358,-14.991],[128.374,-15.061],[128.362,-15.067],[128.314,-14.926],[128.296,-14.937],[128.292,-14.967],[128.331,-15.035],[128.289,-14.974],[128.265,-14.983],[128.228,-15.003],[128.194,-15.094],[128.221,-15.131],[128.22,-15.204],[128.24,-15.248],[128.301,-15.32],[128.299,-15.46],[128.342,-15.501],[128.327,-15.505],[128.292,-15.46],[128.282,-15.346],[128.258,-15.306],[128.128,-15.184],[128.1,-15.25],[128.128,-15.292],[128.114,-15.428],[128.068,-15.492],[127.999,-15.518],[128.052,-15.479],[128.089,-15.39],[128.066,-15.312],[128.04,-15.293],[128.066,-15.301],[128.093,-15.281],[128.08,-15.233],[128.099,-15.167],[128.075,-15.104],[128.103,-15.065],[128.108,-14.947],[128.139,-14.871],[128.119,-14.861],[128.192,-14.839],[128.175,-14.792],[128.184,-14.744],[128.201,-14.738],[128.218,-14.755],[128.222,-14.721],[128.201,-14.706],[128.161,-14.708],[128.15,-14.686],[128.131,-14.687],[128.131,-14.664],[128.087,-14.639],[128.069,-14.65],[128.069,-14.621],[127.993,-14.556],[127.985,-14.58],[127.953,-14.586],[127.954,-14.571],[127.927,-14.558],[127.949,-14.524],[127.929,-14.503],[127.902,-14.505],[127.88,-14.471],[127.85,-14.484],[127.82,-14.441],[127.828,-14.403],[127.81,-14.402],[127.807,-14.383],[127.788,-14.388],[127.782,-14.351],[127.761,-14.367],[127.78,-14.333],[127.711,-14.253],[127.683,-14.243],[127.692,-14.232],[127.665,-14.21],[127.67,-14.191],[127.634,-14.179],[127.648,-14.17],[127.616,-14.144],[127.589,-14.144],[127.557,-14.105],[127.524,-14.12],[127.538,-14.086],[127.508,-14.088],[127.524,-14.069],[127.505,-14.075],[127.493,-14.061],[127.483,-14.085],[127.478,-14.062],[127.453,-14.059],[127.449,-14.025],[127.467,-14.001],[127.425,-13.967],[127.43,-13.943],[127.411,-13.961],[127.347,-13.907],[127.322,-13.915],[127.346,-13.955],[127.318,-13.961],[127.291,-13.934],[127.276,-13.938],[127.283,-13.919],[127.266,-13.902],[127.247,-13.9],[127.227,-13.943],[127.21,-13.945],[127.208,-13.974],[127.199,-13.945],[127.19,-13.957],[127.191,-13.904],[127.17,-13.911],[127.179,-13.926],[127.158,-13.934],[127.143,-13.982],[127.118,-13.971],[127.123,-13.948],[127.094,-13.927],[127.109,-13.914],[127.103,-13.884],[127.061,-13.908],[127.081,-13.84],[127.044,-13.849],[127.056,-13.828],[127.047,-13.806],[127.037,-13.832],[127.03,-13.817],[127.006,-13.824],[127.031,-13.804],[127.013,-13.785],[127.002,-13.794],[126.998,-13.769],[126.996,-13.791],[126.986,-13.787],[126.984,-13.754],[126.963,-13.742],[126.914,-13.741],[126.944,-13.768],[126.922,-13.776],[126.881,-13.749],[126.851,-13.758],[126.873,-13.799],[126.847,-13.798],[126.842,-13.817],[126.826,-13.809],[126.819,-13.769],[126.788,-13.791],[126.763,-13.791],[126.767,-13.775],[126.743,-13.792],[126.773,-13.861],[126.8,-13.883],[126.806,-13.93],[126.839,-13.928],[126.905,-13.985],[126.882,-13.999],[126.879,-13.982],[126.838,-13.971],[126.81,-13.998],[126.81,-13.984],[126.793,-13.989],[126.807,-13.986],[126.798,-13.976],[126.774,-13.983],[126.797,-13.973],[126.772,-13.983],[126.751,-13.972],[126.752,-13.992],[126.727,-13.998],[126.705,-13.974],[126.701,-14.022],[126.722,-14.03],[126.753,-14.012],[126.741,-14.017],[126.763,-14.05],[126.723,-14.065],[126.737,-14.07],[126.71,-14.1],[126.72,-14.121],[126.694,-14.135],[126.689,-14.091],[126.686,-14.104],[126.645,-14.077],[126.661,-14.115],[126.651,-14.173],[126.634,-14.191],[126.607,-14.18],[126.602,-14.236],[126.565,-14.217],[126.57,-14.14],[126.515,-14.157],[126.499,-14.13],[126.499,-14.1],[126.525,-14.082],[126.514,-14.075],[126.479,-14.11],[126.455,-14.104],[126.449,-14.084],[126.497,-14.046],[126.491,-14.009],[126.509,-14.009],[126.565,-13.944],[126.577,-13.954],[126.537,-13.934],[126.511,-13.965],[126.495,-13.958],[126.485,-13.996],[126.454,-14.005],[126.438,-13.983],[126.425,-14.012],[126.397,-14.015],[126.394,-14.052],[126.334,-14.05],[126.345,-14.098],[126.314,-14.097],[126.298,-14.139],[126.305,-14.155],[126.321,-14.141],[126.361,-14.19],[126.313,-14.201],[126.301,-14.234],[126.282,-14.217],[126.27,-14.237],[126.273,-14.207],[126.254,-14.239],[126.241,-14.223],[126.216,-14.237],[126.233,-14.204],[126.248,-14.211],[126.248,-14.186],[126.233,-14.187],[126.243,-14.176],[126.205,-14.185],[126.186,-14.167],[126.209,-14.136],[126.179,-14.13],[126.222,-14.11],[126.206,-14.092],[126.214,-14.076],[126.178,-14.091],[126.166,-14.114],[126.17,-14.082],[126.192,-14.066],[126.151,-14.08],[126.16,-14.058],[126.217,-14.043],[126.225,-14.026],[126.201,-14.001],[126.185,-14.016],[126.144,-14.015],[126.193,-13.98],[126.221,-13.988],[126.216,-13.968],[126.187,-13.968],[126.11,-14.028],[126.131,-13.987],[126.159,-13.97],[126.126,-13.964],[126.148,-13.95],[126.158,-13.915],[126.134,-13.919],[126.132,-13.944],[126.105,-13.926],[126.086,-13.946],[126.108,-13.919],[126.085,-13.921],[126.095,-13.895],[126.063,-13.943],[126.039,-13.921],[126.011,-13.926],[126.084,-13.982],[126.107,-13.977],[126.086,-13.988],[126.103,-14.041],[126.075,-14.041],[126.065,-13.988],[126.038,-13.982],[126.022,-13.997],[126.056,-14.027],[126.035,-14.038],[126.027,-14.017],[126.01,-14.065],[126.014,-14.025],[125.984,-14.006],[125.984,-13.99],[125.976,-14.04],[125.993,-14.068],[126.033,-14.095],[126.064,-14.073],[126.088,-14.086],[126.104,-14.076],[126.17,-14.146],[126.141,-14.158],[126.16,-14.176],[126.133,-14.231],[126.094,-14.244],[126.081,-14.234],[126.053,-14.254],[126.09,-14.323],[126.074,-14.326],[126.073,-14.344],[126.088,-14.351],[126.046,-14.359],[126.006,-14.4],[125.977,-14.393],[125.985,-14.42],[126.02,-14.411],[126.051,-14.529],[126.042,-14.537],[126.015,-14.519],[126.0,-14.555],[125.973,-14.546],[125.965,-14.519],[125.946,-14.539],[125.921,-14.537],[125.903,-14.576],[125.933,-14.609],[125.936,-14.646],[125.921,-14.651],[125.921,-14.64],[125.908,-14.661],[125.895,-14.623],[125.876,-14.606],[125.851,-14.612],[125.849,-14.592],[125.831,-14.585],[125.85,-14.564],[125.829,-14.543],[125.85,-14.536],[125.817,-14.498],[125.859,-14.475],[125.852,-14.457],[125.803,-14.479],[125.816,-14.45],[125.804,-14.444],[125.774,-14.48],[125.707,-14.489],[125.649,-14.65],[125.689,-14.499],[125.651,-14.388],[125.678,-14.357],[125.664,-14.335],[125.726,-14.342],[125.726,-14.325],[125.697,-14.325],[125.724,-14.312],[125.715,-14.297],[125.73,-14.281],[125.718,-14.277],[125.703,-14.304],[125.667,-14.288],[125.649,-14.243],[125.642,-14.266],[125.633,-14.236],[125.598,-14.237],[125.608,-14.262],[125.592,-14.244],[125.574,-14.262],[125.599,-14.274],[125.582,-14.305],[125.604,-14.344],[125.589,-14.37],[125.623,-14.386],[125.622,-14.413],[125.601,-14.434],[125.601,-14.494],[125.588,-14.506],[125.614,-14.511],[125.572,-14.548],[125.599,-14.563],[125.535,-14.564],[125.53,-14.546],[125.548,-14.548],[125.561,-14.515],[125.529,-14.522],[125.52,-14.5],[125.489,-14.519],[125.491,-14.56],[125.48,-14.532],[125.467,-14.536],[125.467,-14.559],[125.483,-14.568],[125.452,-14.579],[125.463,-14.605],[125.437,-14.595],[125.45,-14.624],[125.43,-14.641],[125.438,-14.614],[125.413,-14.601],[125.425,-14.586],[125.41,-14.546],[125.4,-14.573],[125.355,-14.584],[125.369,-14.564],[125.355,-14.552],[125.364,-14.506],[125.342,-14.522],[125.348,-14.565],[125.328,-14.559],[125.326,-14.584],[125.3,-14.558],[125.304,-14.58],[125.282,-14.579],[125.255,-14.598],[125.261,-14.616],[125.249,-14.611],[125.257,-14.631],[125.28,-14.64],[125.288,-14.623],[125.308,-14.65],[125.261,-14.658],[125.262,-14.693],[125.234,-14.661],[125.213,-14.669],[125.211,-14.722],[125.201,-14.698],[125.18,-14.71],[125.189,-14.747],[125.16,-14.732],[125.141,-14.748],[125.167,-14.791],[125.19,-14.775],[125.182,-14.792],[125.195,-14.776],[125.193,-14.791],[125.205,-14.791],[125.184,-14.827],[125.209,-14.843],[125.21,-14.865],[125.224,-14.867],[125.244,-14.832],[125.236,-14.868],[125.251,-14.872],[125.254,-14.853],[125.264,-14.865],[125.272,-14.854],[125.274,-14.87],[125.287,-14.853],[125.305,-14.881],[125.334,-14.881],[125.307,-14.891],[125.308,-14.909],[125.295,-14.904],[125.308,-14.92],[125.295,-14.938],[125.27,-14.933],[125.256,-14.9],[125.255,-14.927],[125.231,-14.919],[125.221,-14.949],[125.208,-14.947],[125.214,-14.97],[125.234,-14.965],[125.24,-14.942],[125.258,-14.944],[125.254,-14.978],[125.271,-14.96],[125.305,-14.962],[125.278,-14.979],[125.286,-14.999],[125.319,-15.006],[125.34,-14.987],[125.337,-15.003],[125.353,-15.009],[125.365,-14.991],[125.386,-15.033],[125.409,-15.025],[125.409,-14.999],[125.421,-15.022],[125.444,-15.014],[125.441,-14.999],[125.482,-14.999],[125.411,-15.047],[125.375,-15.053],[125.37,-15.074],[125.402,-15.064],[125.402,-15.085],[125.358,-15.108],[125.397,-15.132],[125.479,-15.134],[125.481,-15.155],[125.412,-15.158],[125.378,-15.143],[125.368,-15.156],[125.346,-15.143],[125.332,-15.146],[125.335,-15.163],[125.282,-15.144],[125.281,-15.098],[125.271,-15.114],[125.266,-15.1],[125.244,-15.113],[125.225,-15.103],[125.212,-15.116],[125.224,-15.121],[125.174,-15.13],[125.163,-15.151],[125.122,-15.092],[125.126,-15.044],[125.106,-15.033],[125.101,-15.064],[125.072,-15.065],[125.083,-15.041],[125.059,-15.028],[125.093,-14.988],[125.074,-14.976],[125.056,-15.0],[125.045,-14.984],[125.033,-14.996],[125.012,-14.983],[125.025,-14.992],[125.014,-15.035],[125.026,-15.031],[125.02,-15.047],[125.048,-15.077],[125.03,-15.113],[125.011,-15.094],[124.974,-15.135],[124.952,-15.113],[124.943,-15.126],[124.91,-15.107],[124.834,-15.158],[124.846,-15.163],[124.838,-15.183],[124.862,-15.169],[124.855,-15.184],[124.896,-15.173],[124.864,-15.195],[124.881,-15.208],[124.869,-15.244],[124.892,-15.23],[124.876,-15.262],[124.908,-15.246],[124.917,-15.215],[124.923,-15.226],[124.944,-15.213],[124.935,-15.187],[124.971,-15.208],[124.97,-15.164],[124.985,-15.176],[124.995,-15.162],[124.982,-15.191],[124.993,-15.198],[125.014,-15.155],[125.02,-15.17],[125.056,-15.164],[125.06,-15.181],[125.041,-15.179],[125.006,-15.242],[124.969,-15.212],[124.927,-15.229],[124.923,-15.27],[124.905,-15.256],[124.905,-15.276],[124.894,-15.272],[124.876,-15.302],[124.895,-15.305],[124.883,-15.316],[124.891,-15.328],[124.907,-15.317],[124.898,-15.34],[124.92,-15.356],[124.979,-15.329],[125.026,-15.3],[125.031,-15.275],[125.045,-15.284],[125.04,-15.301],[125.081,-15.314],[125.094,-15.292],[125.08,-15.291],[125.096,-15.283],[125.073,-15.254],[125.087,-15.264],[125.09,-15.248],[125.1,-15.286],[125.119,-15.256],[125.102,-15.29],[125.116,-15.302],[125.099,-15.314],[125.11,-15.32],[125.089,-15.338],[125.125,-15.317],[125.153,-15.322],[125.158,-15.306],[125.164,-15.331],[125.144,-15.327],[125.144,-15.348],[125.14,-15.333],[125.091,-15.355],[125.07,-15.44],[125.141,-15.482],[125.217,-15.553],[125.224,-15.541],[125.255,-15.581],[125.288,-15.584],[125.277,-15.588],[125.301,-15.614],[125.421,-15.696],[125.225,-15.572],[125.089,-15.463],[125.047,-15.474],[125.055,-15.499],[125.044,-15.512],[125.04,-15.498],[125.031,-15.504],[125.04,-15.522],[125.022,-15.515],[125.017,-15.545],[125.002,-15.518],[125.023,-15.506],[125.018,-15.471],[125.004,-15.477],[125.0,-15.51],[124.987,-15.506],[124.996,-15.477],[124.982,-15.495],[124.981,-15.483],[124.962,-15.489],[124.984,-15.476],[124.953,-15.489],[124.952,-15.475],[125.003,-15.448],[124.979,-15.41],[124.971,-15.421],[124.946,-15.384],[124.945,-15.396],[124.927,-15.394],[124.932,-15.375],[124.876,-15.343],[124.862,-15.359],[124.848,-15.353],[124.836,-15.316],[124.847,-15.299],[124.822,-15.312],[124.831,-15.326],[124.783,-15.294],[124.753,-15.354],[124.736,-15.343],[124.771,-15.302],[124.705,-15.253],[124.701,-15.278],[124.675,-15.255],[124.679,-15.289],[124.667,-15.297],[124.697,-15.296],[124.707,-15.321],[124.691,-15.333],[124.662,-15.325],[124.656,-15.337],[124.672,-15.346],[124.662,-15.355],[124.705,-15.344],[124.705,-15.36],[124.745,-15.362],[124.676,-15.401],[124.687,-15.414],[124.669,-15.429],[124.672,-15.453],[124.691,-15.468],[124.674,-15.498],[124.677,-15.478],[124.642,-15.463],[124.645,-15.425],[124.618,-15.466],[124.622,-15.501],[124.639,-15.504],[124.629,-15.526],[124.617,-15.504],[124.58,-15.52],[124.58,-15.5],[124.555,-15.503],[124.517,-15.469],[124.507,-15.484],[124.477,-15.478],[124.446,-15.505],[124.493,-15.486],[124.51,-15.525],[124.487,-15.497],[124.462,-15.512],[124.466,-15.537],[124.446,-15.529],[124.418,-15.549],[124.43,-15.574],[124.406,-15.618],[124.431,-15.588],[124.433,-15.608],[124.454,-15.592],[124.454,-15.614],[124.497,-15.616],[124.501,-15.637],[124.452,-15.616],[124.45,-15.603],[124.434,-15.623],[124.457,-15.656],[124.444,-15.67],[124.422,-15.667],[124.414,-15.637],[124.413,-15.681],[124.39,-15.662],[124.369,-15.672],[124.393,-15.677],[124.397,-15.726],[124.409,-15.711],[124.437,-15.711],[124.424,-15.733],[124.386,-15.718],[124.41,-15.806],[124.409,-15.864],[124.418,-15.877],[124.425,-15.848],[124.439,-15.87],[124.458,-15.811],[124.443,-15.809],[124.463,-15.802],[124.462,-15.785],[124.46,-15.816],[124.477,-15.82],[124.459,-15.818],[124.461,-15.854],[124.484,-15.867],[124.484,-15.89],[124.499,-15.89],[124.475,-15.886],[124.477,-15.942],[124.487,-15.92],[124.492,-15.936],[124.512,-15.934],[124.492,-15.959],[124.496,-15.997],[124.633,-15.779],[124.634,-15.79],[124.66,-15.782],[124.705,-15.741],[124.675,-15.785],[124.694,-15.783],[124.704,-15.75],[124.703,-15.766],[124.719,-15.77],[124.701,-15.784],[124.742,-15.822],[124.705,-15.814],[124.712,-15.839],[124.682,-15.85],[124.682,-15.889],[124.655,-15.854],[124.608,-15.891],[124.626,-15.921],[124.597,-15.943],[124.598,-15.968],[124.616,-15.965],[124.606,-15.97],[124.643,-15.988],[124.634,-15.999],[124.637,-15.984],[124.616,-15.982],[124.62,-15.996],[124.589,-15.973],[124.588,-16.11],[124.607,-16.113],[124.618,-16.09],[124.647,-16.098],[124.599,-16.127],[124.561,-16.119],[124.527,-16.162],[124.537,-16.184],[124.525,-16.181],[124.526,-16.195],[124.519,-16.179],[124.508,-16.206],[124.514,-16.165],[124.458,-16.103],[124.48,-16.094],[124.477,-16.079],[124.444,-16.065],[124.45,-16.122],[124.435,-16.179],[124.399,-16.169],[124.389,-16.191],[124.4,-16.202],[124.379,-16.217],[124.408,-16.251],[124.385,-16.276],[124.411,-16.294],[124.395,-16.339],[124.406,-16.334],[124.424,-16.36],[124.571,-16.329],[124.693,-16.345],[124.725,-16.372],[124.788,-16.386],[124.814,-16.416],[124.901,-16.416],[124.918,-16.388],[124.953,-16.371],[124.948,-16.393],[124.922,-16.391],[124.92,-16.419],[124.841,-16.434],[124.745,-16.39],[124.6,-16.414],[124.501,-16.401],[124.449,-16.411],[124.45,-16.389],[124.431,-16.394],[124.426,-16.367],[124.407,-16.373],[124.387,-16.346],[124.337,-16.419],[124.389,-16.415],[124.403,-16.47],[124.419,-16.485],[124.441,-16.475],[124.468,-16.499],[124.444,-16.495],[124.443,-16.509],[124.43,-16.498],[124.436,-16.526],[124.428,-16.518],[124.41,-16.543],[124.392,-16.533],[124.415,-16.51],[124.392,-16.505],[124.407,-16.479],[124.39,-16.445],[124.319,-16.469],[124.308,-16.455],[124.332,-16.439],[124.325,-16.415],[124.223,-16.418],[124.211,-16.398],[124.202,-16.405],[124.18,-16.31],[124.124,-16.28],[124.042,-16.278],[124.026,-16.256],[124.0,-16.265],[124.003,-16.255],[123.97,-16.254],[123.91,-16.21],[123.916,-16.231],[124.0,-16.292],[123.961,-16.28],[123.934,-16.298],[123.988,-16.37],[123.976,-16.379],[123.941,-16.36],[123.884,-16.304],[123.917,-16.352],[123.886,-16.343],[123.909,-16.363],[123.884,-16.354],[123.9,-16.423],[123.867,-16.413],[123.871,-16.447],[123.854,-16.435],[123.836,-16.354],[123.876,-16.378],[123.866,-16.362],[123.876,-16.347],[123.86,-16.35],[123.866,-16.328],[123.8,-16.304],[123.81,-16.321],[123.796,-16.316],[123.783,-16.284],[123.783,-16.298],[123.741,-16.263],[123.777,-16.252],[123.783,-16.262],[123.783,-16.243],[123.797,-16.263],[123.772,-16.216],[123.815,-16.22],[123.771,-16.171],[123.703,-16.129],[123.728,-16.157],[123.713,-16.154],[123.723,-16.171],[123.703,-16.154],[123.714,-16.168],[123.701,-16.19],[123.693,-16.151],[123.665,-16.151],[123.676,-16.163],[123.66,-16.153],[123.655,-16.168],[123.62,-16.158],[123.636,-16.176],[123.613,-16.16],[123.557,-16.178],[123.572,-16.192],[123.564,-16.21],[123.601,-16.216],[123.564,-16.216],[123.602,-16.232],[123.58,-16.239],[123.61,-16.244],[123.617,-16.262],[123.576,-16.245],[123.599,-16.264],[123.566,-16.276],[123.55,-16.263],[123.55,-16.283],[123.599,-16.323],[123.593,-16.311],[123.624,-16.317],[123.611,-16.287],[123.627,-16.29],[123.697,-16.338],[123.717,-16.372],[123.663,-16.368],[123.664,-16.383],[123.659,-16.363],[123.629,-16.357],[123.648,-16.385],[123.688,-16.405],[123.68,-16.416],[123.697,-16.415],[123.666,-16.437],[123.509,-16.38],[123.582,-16.428],[123.503,-16.407],[123.505,-16.42],[123.599,-16.449],[123.663,-16.491],[123.583,-16.499],[123.643,-16.53],[123.534,-16.509],[123.544,-16.505],[123.473,-16.47],[123.461,-16.477],[123.495,-16.494],[123.497,-16.515],[123.429,-16.499],[123.429,-16.511],[123.468,-16.518],[123.464,-16.535],[123.513,-16.568],[123.494,-16.571],[123.512,-16.598],[123.518,-16.566],[123.542,-16.572],[123.526,-16.544],[123.579,-16.55],[123.589,-16.538],[123.615,-16.554],[123.619,-16.574],[123.589,-16.567],[123.602,-16.582],[123.563,-16.588],[123.572,-16.608],[123.556,-16.613],[123.574,-16.625],[123.507,-16.643],[123.521,-16.65],[123.503,-16.659],[123.618,-16.679],[123.682,-16.752],[123.712,-16.753],[123.718,-16.785],[123.758,-16.838],[123.761,-16.876],[123.796,-16.912],[123.884,-16.878],[123.893,-16.857],[123.942,-16.852],[123.951,-16.818],[123.959,-16.852],[123.827,-16.957],[123.803,-16.986],[123.82,-16.998],[123.796,-17.004],[123.83,-17.135],[123.888,-17.203],[123.912,-17.212],[123.862,-17.217],[123.789,-17.152],[123.756,-17.082],[123.704,-17.043],[123.68,-17.059],[123.66,-17.04],[123.659,-17.008],[123.634,-17.0],[123.584,-17.033],[123.591,-17.101],[123.646,-17.184],[123.624,-17.199],[123.61,-17.285]]],[[[114.428,-22.219],[114.429,-22.219],[114.428,-22.218],[114.428,-22.219]]],[[[114.379,-22.195],[114.381,-22.195],[114.379,-22.194],[114.379,-22.195]]],[[[114.306,-21.712],[114.35,-21.66],[114.318,-21.686],[114.306,-21.712]]],[[[115.504,-20.648],[115.505,-20.647],[115.503,-20.647],[115.504,-20.648]]],[[[115.519,-20.633],[115.526,-20.631],[115.52,-20.63],[115.519,-20.633]]],[[[115.53,-20.63],[115.531,-20.629],[115.53,-20.629],[115.53,-20.63]]],[[[115.541,-20.6],[115.542,-20.6],[115.54,-20.598],[115.541,-20.6]]],[[[115.519,-20.384],[115.515,-20.385],[115.517,-20.386],[115.519,-20.384]]],[[[114.42,-21.702],[114.418,-21.704],[114.42,-21.705],[114.42,-21.702]]],[[[114.359,-21.651],[114.392,-21.626],[114.375,-21.628],[114.359,-21.651]]],[[[114.423,-21.952],[114.418,-21.95],[114.418,-21.956],[114.423,-21.952]]],[[[114.51,-21.603],[114.511,-21.602],[114.508,-21.599],[114.51,-21.603]]],[[[114.461,-22.246],[114.451,-22.238],[114.453,-22.245],[114.461,-22.246]],[[115.522,-20.511],[115.526,-20.515],[115.519,-20.509],[115.522,-20.511]],[[115.528,-20.518],[115.53,-20.515],[115.528,-20.519],[115.528,-20.518]]],[[[114.504,-22.016],[114.537,-22.061],[114.541,-22.007],[114.51,-21.994],[114.504,-22.016]]],[[[114.571,-22.001],[114.579,-21.984],[114.566,-21.987],[114.571,-22.001]]],[[[114.541,-22.06],[114.548,-22.059],[114.546,-22.049],[114.541,-22.06]]],[[[114.491,-22.119],[114.484,-22.135],[114.49,-22.135],[114.491,-22.119]]],[[[114.515,-22.094],[114.507,-22.106],[114.513,-22.106],[114.515,-22.094]]],[[[114.489,-22.153],[114.486,-22.146],[114.483,-22.15],[114.489,-22.153]]],[[[114.498,-22.152],[114.494,-22.15],[114.497,-22.159],[114.498,-22.152]]],[[[114.55,-21.809],[114.555,-21.807],[114.549,-21.804],[114.55,-21.809]]],[[[114.564,-21.889],[114.561,-21.884],[114.557,-21.884],[114.564,-21.889]]],[[[114.432,-21.925],[114.434,-21.921],[114.431,-21.92],[114.432,-21.925]]],[[[114.551,-22.0],[114.554,-21.999],[114.553,-21.996],[114.551,-22.0]]],[[[114.542,-21.742],[114.544,-21.74],[114.541,-21.738],[114.542,-21.742]]],[[[114.49,-21.962],[114.493,-21.96],[114.491,-21.959],[114.49,-21.962]]],[[[114.521,-21.958],[114.523,-21.956],[114.521,-21.956],[114.521,-21.958]]],[[[114.516,-22.119],[114.515,-22.116],[114.514,-22.117],[114.516,-22.119]]],[[[114.471,-22.183],[114.472,-22.183],[114.471,-22.181],[114.471,-22.183]]],[[[114.524,-21.929],[114.523,-21.928],[114.522,-21.928],[114.524,-21.929]]],[[[114.549,-21.874],[114.549,-21.873],[114.547,-21.873],[114.549,-21.874]]],[[[114.601,-21.873],[114.602,-21.873],[114.6,-21.872],[114.601,-21.873]]],[[[114.546,-22.062],[114.547,-22.061],[114.547,-22.06],[114.546,-22.062]]],[[[114.506,-22.151],[114.506,-22.151],[114.505,-22.15],[114.506,-22.151]]],[[[114.559,-21.805],[114.559,-21.804],[114.558,-21.804],[114.559,-21.805]]],[[[114.46,-22.21],[114.461,-22.209],[114.46,-22.209],[114.46,-22.21]]],[[[114.432,-22.222],[114.432,-22.221],[114.432,-22.221],[114.432,-22.222]]],[[[115.322,-20.808],[115.307,-20.86],[115.321,-20.892],[115.334,-20.876],[115.322,-20.874],[115.348,-20.865],[115.369,-20.873],[115.374,-20.895],[115.395,-20.886],[115.421,-20.864],[115.425,-20.837],[115.447,-20.829],[115.448,-20.802],[115.476,-20.766],[115.458,-20.692],[115.469,-20.68],[115.431,-20.668],[115.322,-20.808]]],[[[116.039,-20.912],[116.038,-20.904],[116.034,-20.905],[116.039,-20.912]]],[[[116.284,-20.861],[116.289,-20.858],[116.283,-20.857],[116.284,-20.861]]],[[[115.94,-20.879],[115.942,-20.881],[115.94,-20.877],[115.94,-20.879]]],[[[116.244,-20.873],[116.245,-20.871],[116.242,-20.872],[116.244,-20.873]]],[[[116.247,-20.868],[116.248,-20.867],[116.248,-20.867],[116.247,-20.868]]],[[[116.675,-20.519],[116.689,-20.518],[116.691,-20.503],[116.675,-20.519]]],[[[117.846,-20.539],[117.862,-20.532],[117.874,-20.516],[117.846,-20.539]]],[[[116.66,-20.523],[116.671,-20.519],[116.656,-20.517],[116.66,-20.523]]],[[[116.636,-20.555],[116.647,-20.557],[116.649,-20.548],[116.636,-20.555]]],[[[117.775,-20.59],[117.781,-20.587],[117.772,-20.582],[117.775,-20.59]]],[[[117.173,-20.56],[117.177,-20.558],[117.177,-20.547],[117.173,-20.56]]],[[[116.684,-20.54],[116.683,-20.537],[116.675,-20.545],[116.684,-20.54]]],[[[116.647,-20.517],[116.652,-20.511],[116.646,-20.514],[116.647,-20.517]]],[[[116.548,-20.541],[116.55,-20.536],[116.543,-20.537],[116.548,-20.541]]],[[[115.545,-20.529],[115.546,-20.521],[115.543,-20.524],[115.545,-20.529]]],[[[117.754,-20.591],[117.76,-20.589],[117.768,-20.585],[117.754,-20.591]]],[[[116.653,-20.509],[116.654,-20.503],[116.652,-20.505],[116.653,-20.509]]],[[[116.774,-20.543],[116.78,-20.541],[116.78,-20.536],[116.774,-20.543]]],[[[116.536,-20.48],[116.54,-20.477],[116.539,-20.476],[116.536,-20.48]]],[[[115.544,-20.514],[115.544,-20.517],[115.545,-20.509],[115.544,-20.514]]],[[[115.547,-20.497],[115.545,-20.492],[115.543,-20.492],[115.547,-20.497]]],[[[116.694,-20.521],[116.695,-20.519],[116.692,-20.52],[116.694,-20.521]]],[[[115.542,-20.483],[115.544,-20.48],[115.542,-20.481],[115.542,-20.483]]],[[[117.96,-20.476],[117.961,-20.475],[117.958,-20.475],[117.96,-20.476]]],[[[117.957,-20.487],[117.956,-20.485],[117.955,-20.487],[117.957,-20.487]]],[[[115.566,-20.487],[115.567,-20.486],[115.566,-20.487],[115.566,-20.487]]],[[[115.554,-20.583],[115.555,-20.582],[115.554,-20.582],[115.554,-20.583]]],[[[117.963,-20.549],[117.964,-20.548],[117.963,-20.548],[117.963,-20.549]]],[[[115.557,-20.592],[115.556,-20.591],[115.556,-20.592],[115.557,-20.592]]],[[[115.557,-20.589],[115.557,-20.588],[115.556,-20.588],[115.557,-20.589]]],[[[115.545,-20.607],[115.545,-20.606],[115.544,-20.606],[115.545,-20.607]]],[[[115.544,-20.605],[115.544,-20.604],[115.544,-20.604],[115.544,-20.605]]],[[[117.953,-20.477],[117.954,-20.476],[117.953,-20.476],[117.953,-20.477]]],[[[115.56,-20.602],[115.56,-20.601],[115.56,-20.601],[115.56,-20.602]]],[[[117.952,-20.477],[117.953,-20.477],[117.952,-20.477],[117.952,-20.477]]],[[[114.683,-21.631],[114.697,-21.626],[114.665,-21.591],[114.683,-21.631]]],[[[114.758,-21.528],[114.767,-21.53],[114.766,-21.521],[114.758,-21.528]]],[[[114.936,-21.595],[114.937,-21.589],[114.933,-21.592],[114.936,-21.595]]],[[[114.767,-21.719],[114.769,-21.713],[114.765,-21.714],[114.767,-21.719]]],[[[114.622,-21.606],[114.625,-21.604],[114.62,-21.6],[114.622,-21.606]]],[[[114.984,-21.676],[114.986,-21.674],[114.982,-21.673],[114.984,-21.676]]],[[[114.861,-21.582],[114.862,-21.58],[114.86,-21.579],[114.861,-21.582]]],[[[114.991,-21.68],[114.991,-21.678],[114.989,-21.676],[114.991,-21.68]]],[[[114.72,-21.613],[114.72,-21.612],[114.718,-21.612],[114.72,-21.613]]],[[[114.654,-21.647],[114.655,-21.645],[114.653,-21.646],[114.654,-21.647]]],[[[114.775,-21.551],[114.776,-21.55],[114.774,-21.551],[114.775,-21.551]]],[[[114.975,-21.423],[114.976,-21.422],[114.975,-21.422],[114.975,-21.423]]],[[[114.708,-21.565],[114.709,-21.564],[114.707,-21.564],[114.708,-21.565]]],[[[114.976,-21.429],[114.975,-21.428],[114.975,-21.429],[114.976,-21.429]]],[[[116.824,-20.498],[116.822,-20.52],[116.874,-20.511],[116.886,-20.481],[116.86,-20.491],[116.862,-20.461],[116.886,-20.424],[116.853,-20.446],[116.824,-20.498]]],[[[116.61,-20.455],[116.566,-20.486],[116.586,-20.501],[116.602,-20.493],[116.619,-20.474],[116.61,-20.455]]],[[[116.787,-20.511],[116.798,-20.519],[116.827,-20.466],[116.803,-20.475],[116.787,-20.511]]],[[[116.811,-20.447],[116.798,-20.473],[116.825,-20.458],[116.839,-20.426],[116.811,-20.447]]],[[[117.075,-20.442],[117.076,-20.466],[117.08,-20.43],[117.075,-20.442]]],[[[116.968,-20.428],[116.959,-20.43],[116.974,-20.445],[116.968,-20.428]]],[[[117.918,-20.477],[117.925,-20.474],[117.931,-20.464],[117.918,-20.477]]],[[[115.55,-20.437],[115.543,-20.44],[115.548,-20.447],[115.55,-20.437]]],[[[116.839,-20.462],[116.843,-20.451],[116.837,-20.458],[116.839,-20.462]]],[[[116.628,-20.46],[116.634,-20.459],[116.626,-20.453],[116.628,-20.46]]],[[[116.621,-20.472],[116.626,-20.472],[116.629,-20.468],[116.621,-20.472]]],[[[117.93,-20.475],[117.932,-20.471],[117.927,-20.473],[117.93,-20.475]]],[[[116.617,-20.448],[116.618,-20.442],[116.614,-20.444],[116.617,-20.448]]],[[[115.581,-20.46],[115.581,-20.456],[115.58,-20.458],[115.581,-20.46]]],[[[115.579,-20.441],[115.582,-20.439],[115.581,-20.438],[115.579,-20.441]]],[[[115.604,-20.435],[115.605,-20.433],[115.603,-20.432],[115.604,-20.435]]],[[[114.49,-22.216],[114.49,-22.215],[114.49,-22.215],[114.49,-22.216]]],[[[114.492,-22.213],[114.492,-22.212],[114.491,-22.212],[114.492,-22.213]]],[[[114.489,-22.214],[114.49,-22.214],[114.489,-22.214],[114.489,-22.214]]],[[[116.922,-20.41],[116.953,-20.42],[116.832,-20.354],[116.849,-20.379],[116.922,-20.41]]],[[[115.525,-20.444],[115.521,-20.506],[115.542,-20.474],[115.521,-20.483],[115.526,-20.447],[115.538,-20.449],[115.531,-20.481],[115.545,-20.461],[115.533,-20.414],[115.525,-20.444]]],[[[115.558,-20.392],[115.583,-20.42],[115.583,-20.399],[115.55,-20.378],[115.558,-20.392]]],[[[116.817,-20.424],[116.814,-20.442],[116.835,-20.416],[116.817,-20.424]]],[[[115.516,-20.363],[115.54,-20.372],[115.533,-20.361],[115.516,-20.363]],[[115.532,-20.407],[115.517,-20.416],[115.541,-20.402],[115.532,-20.407]]],[[[116.822,-20.412],[116.822,-20.406],[116.811,-20.415],[116.822,-20.412]]],[[[115.525,-20.389],[115.518,-20.401],[115.527,-20.401],[115.525,-20.389]],[[115.544,-20.43],[115.543,-20.437],[115.544,-20.415],[115.544,-20.43]]],[[[115.514,-20.374],[115.522,-20.37],[115.514,-20.368],[115.514,-20.374]]],[[[116.826,-20.398],[116.834,-20.389],[116.834,-20.383],[116.826,-20.398]]],[[[116.862,-20.408],[116.866,-20.409],[116.855,-20.402],[116.862,-20.408]]],[[[115.524,-20.428],[115.53,-20.423],[115.526,-20.416],[115.524,-20.428]]],[[[116.85,-20.409],[116.855,-20.403],[116.851,-20.404],[116.85,-20.409]]],[[[116.842,-20.415],[116.848,-20.409],[116.84,-20.411],[116.842,-20.415]]],[[[116.808,-20.389],[116.805,-20.385],[116.802,-20.384],[116.808,-20.389]]],[[[115.592,-20.427],[115.592,-20.421],[115.589,-20.422],[115.592,-20.427]]],[[[115.527,-20.388],[115.53,-20.38],[115.527,-20.383],[115.527,-20.388]]],[[[115.523,-20.38],[115.52,-20.377],[115.519,-20.382],[115.523,-20.38]]],[[[116.838,-20.417],[116.84,-20.416],[116.838,-20.413],[116.838,-20.417]]],[[[118.203,-20.368],[118.203,-20.365],[118.2,-20.362],[118.203,-20.368]]],[[[115.531,-20.39],[115.53,-20.393],[115.533,-20.393],[115.531,-20.39]]],[[[115.426,-21.526],[115.465,-21.493],[115.435,-21.503],[115.426,-21.526]]],[[[114.975,-21.462],[115.025,-21.458],[114.99,-21.451],[114.975,-21.462]]],[[[115.477,-21.517],[115.492,-21.535],[115.496,-21.511],[115.476,-21.505],[115.477,-21.517]]],[[[115.212,-21.598],[115.245,-21.565],[115.229,-21.569],[115.212,-21.598]]],[[[115.324,-20.922],[115.317,-20.938],[115.336,-20.907],[115.322,-20.895],[115.324,-20.922]]],[[[115.882,-20.95],[115.902,-20.956],[115.901,-20.938],[115.882,-20.95]]],[[[115.326,-20.974],[115.338,-20.966],[115.316,-20.947],[115.326,-20.974]]],[[[115.376,-21.445],[115.363,-21.463],[115.373,-21.459],[115.376,-21.445]]],[[[116.157,-20.935],[116.147,-20.936],[116.152,-20.948],[116.157,-20.935]]],[[[115.356,-21.487],[115.361,-21.485],[115.356,-21.468],[115.356,-21.487]]],[[[115.413,-21.515],[115.428,-21.503],[115.414,-21.508],[115.413,-21.515]]],[[[116.176,-20.956],[116.179,-20.945],[116.175,-20.935],[116.176,-20.956]]],[[[115.853,-21.012],[115.848,-21.013],[115.853,-21.022],[115.853,-21.012]]],[[[115.542,-21.387],[115.543,-21.394],[115.545,-21.381],[115.542,-21.387]]],[[[115.866,-20.98],[115.865,-20.974],[115.859,-20.978],[115.866,-20.98]]],[[[115.637,-21.202],[115.646,-21.188],[115.636,-21.2],[115.637,-21.202]]],[[[115.164,-21.325],[115.172,-21.325],[115.166,-21.321],[115.164,-21.325]]],[[[115.352,-21.513],[115.358,-21.507],[115.356,-21.504],[115.352,-21.513]]],[[[115.504,-21.298],[115.502,-21.292],[115.5,-21.295],[115.504,-21.298]]],[[[115.823,-21.082],[115.83,-21.081],[115.826,-21.077],[115.823,-21.082]]],[[[115.132,-21.536],[115.132,-21.532],[115.128,-21.533],[115.132,-21.536]]],[[[115.656,-21.108],[115.653,-21.1],[115.651,-21.104],[115.656,-21.108]]],[[[115.735,-21.266],[115.739,-21.263],[115.733,-21.264],[115.735,-21.266]]],[[[115.514,-21.444],[115.518,-21.435],[115.514,-21.441],[115.514,-21.444]]],[[[115.984,-20.965],[115.987,-20.966],[115.983,-20.962],[115.984,-20.965]]],[[[115.446,-21.313],[115.45,-21.311],[115.451,-21.307],[115.446,-21.313]]],[[[115.845,-21.051],[115.842,-21.048],[115.838,-21.048],[115.845,-21.051]]],[[[115.023,-21.266],[115.026,-21.265],[115.023,-21.262],[115.023,-21.266]]],[[[115.788,-21.108],[115.786,-21.104],[115.785,-21.107],[115.788,-21.108]]],[[[115.404,-21.411],[115.412,-21.408],[115.405,-21.409],[115.404,-21.411]]],[[[115.733,-21.144],[115.731,-21.142],[115.729,-21.142],[115.733,-21.144]]],[[[115.756,-21.231],[115.757,-21.228],[115.753,-21.23],[115.756,-21.231]]],[[[115.464,-21.264],[115.463,-21.261],[115.461,-21.263],[115.464,-21.264]]],[[[115.781,-21.232],[115.78,-21.228],[115.778,-21.23],[115.781,-21.232]]],[[[115.661,-21.31],[115.661,-21.306],[115.66,-21.308],[115.661,-21.31]]],[[[115.217,-21.511],[115.219,-21.51],[115.217,-21.509],[115.217,-21.511]]],[[[115.39,-21.553],[115.392,-21.552],[115.388,-21.55],[115.39,-21.553]]],[[[115.436,-21.421],[115.44,-21.418],[115.435,-21.419],[115.436,-21.421]]],[[[115.029,-21.266],[115.03,-21.264],[115.028,-21.264],[115.029,-21.266]]],[[[115.799,-21.191],[115.799,-21.189],[115.797,-21.19],[115.799,-21.191]]],[[[115.836,-21.136],[115.835,-21.133],[115.835,-21.134],[115.836,-21.136]]],[[[115.521,-21.428],[115.521,-21.426],[115.519,-21.427],[115.521,-21.428]]],[[[115.598,-21.276],[115.599,-21.273],[115.598,-21.274],[115.598,-21.276]]],[[[115.431,-21.415],[115.432,-21.412],[115.43,-21.413],[115.431,-21.415]]],[[[115.203,-21.522],[115.205,-21.521],[115.202,-21.52],[115.203,-21.522]]],[[[115.441,-21.358],[115.443,-21.357],[115.442,-21.356],[115.441,-21.358]]],[[[115.511,-21.455],[115.513,-21.453],[115.51,-21.454],[115.511,-21.455]]],[[[115.924,-21.087],[115.925,-21.085],[115.923,-21.085],[115.924,-21.087]]],[[[115.504,-21.48],[115.504,-21.479],[115.502,-21.48],[115.504,-21.48]]],[[[115.443,-21.541],[115.446,-21.54],[115.444,-21.54],[115.443,-21.541]]],[[[115.785,-21.265],[115.785,-21.262],[115.785,-21.263],[115.785,-21.265]]],[[[115.339,-20.961],[115.341,-20.96],[115.339,-20.96],[115.339,-20.961]]],[[[115.66,-21.163],[115.659,-21.16],[115.659,-21.161],[115.66,-21.163]]],[[[115.378,-21.445],[115.379,-21.445],[115.378,-21.443],[115.378,-21.445]]],[[[115.432,-21.418],[115.433,-21.417],[115.431,-21.419],[115.432,-21.418]]],[[[115.504,-21.469],[115.503,-21.468],[115.503,-21.469],[115.504,-21.469]]],[[[115.414,-21.434],[115.414,-21.433],[115.414,-21.434],[115.414,-21.434]]],[[[115.434,-21.327],[115.435,-21.327],[115.434,-21.327],[115.434,-21.327]]],[[[115.484,-21.418],[115.485,-21.418],[115.484,-21.417],[115.484,-21.418]]],[[[115.573,-21.294],[115.573,-21.293],[115.572,-21.293],[115.573,-21.294]]],[[[115.36,-21.505],[115.361,-21.505],[115.36,-21.504],[115.36,-21.505]]],[[[115.351,-21.516],[115.352,-21.515],[115.351,-21.515],[115.351,-21.516]]],[[[115.432,-21.373],[115.432,-21.372],[115.431,-21.373],[115.432,-21.373]]],[[[115.35,-21.51],[115.35,-21.509],[115.349,-21.509],[115.35,-21.51]]],[[[115.441,-21.362],[115.441,-21.361],[115.44,-21.362],[115.441,-21.362]]],[[[115.738,-21.26],[115.738,-21.259],[115.738,-21.26],[115.738,-21.26]]],[[[116.55,-20.605],[116.586,-20.576],[116.555,-20.585],[116.552,-20.568],[116.524,-20.601],[116.513,-20.583],[116.486,-20.585],[116.463,-20.61],[116.549,-20.622],[116.561,-20.609],[116.55,-20.605]]],[[[116.611,-20.593],[116.6,-20.612],[116.634,-20.609],[116.675,-20.547],[116.611,-20.593]]],[[[117.711,-20.643],[117.734,-20.654],[117.744,-20.627],[117.717,-20.608],[117.711,-20.643]]],[[[116.658,-20.594],[116.635,-20.632],[116.667,-20.628],[116.681,-20.583],[116.658,-20.594]]],[[[117.068,-20.626],[117.089,-20.616],[117.038,-20.636],[117.068,-20.626]]],[[[115.569,-20.647],[115.583,-20.661],[115.566,-20.641],[115.569,-20.647]]],[[[117.664,-20.644],[117.683,-20.634],[117.678,-20.634],[117.664,-20.644]]],[[[115.56,-20.643],[115.559,-20.634],[115.555,-20.637],[115.56,-20.643]]],[[[116.643,-20.653],[116.648,-20.654],[116.64,-20.65],[116.643,-20.653]]],[[[117.693,-20.641],[117.694,-20.636],[117.688,-20.639],[117.693,-20.641]]],[[[117.22,-20.657],[117.216,-20.657],[117.216,-20.661],[117.22,-20.657]]],[[[116.705,-20.649],[116.705,-20.653],[116.71,-20.645],[116.705,-20.649]]],[[[116.664,-20.657],[116.666,-20.654],[116.66,-20.654],[116.664,-20.657]]],[[[116.432,-20.655],[116.433,-20.653],[116.43,-20.652],[116.432,-20.655]]],[[[115.573,-20.635],[115.571,-20.632],[115.571,-20.634],[115.573,-20.635]]],[[[117.686,-20.632],[117.684,-20.633],[117.685,-20.635],[117.686,-20.632]]],[[[115.564,-20.641],[115.565,-20.639],[115.564,-20.637],[115.564,-20.641]]],[[[115.562,-20.636],[115.563,-20.634],[115.561,-20.635],[115.562,-20.636]]],[[[115.532,-20.632],[115.534,-20.631],[115.531,-20.631],[115.532,-20.632]]],[[[115.548,-20.632],[115.548,-20.63],[115.546,-20.63],[115.548,-20.632]]],[[[117.241,-20.655],[117.241,-20.654],[117.24,-20.654],[117.241,-20.655]]],[[[115.575,-20.66],[115.575,-20.659],[115.575,-20.659],[115.575,-20.66]]],[[[115.575,-20.64],[115.575,-20.639],[115.574,-20.64],[115.575,-20.64]]],[[[117.241,-20.652],[117.242,-20.651],[117.241,-20.652],[117.241,-20.652]]],[[[115.54,-20.634],[115.541,-20.633],[115.54,-20.632],[115.54,-20.634]]],[[[115.568,-20.627],[115.568,-20.625],[115.568,-20.626],[115.568,-20.627]]],[[[115.534,-20.628],[115.535,-20.628],[115.534,-20.627],[115.534,-20.628]]],[[[115.557,-20.628],[115.558,-20.628],[115.557,-20.627],[115.557,-20.628]]],[[[115.561,-20.634],[115.561,-20.632],[115.56,-20.633],[115.561,-20.634]]],[[[115.54,-20.63],[115.54,-20.629],[115.539,-20.63],[115.54,-20.63]]],[[[115.57,-20.631],[115.57,-20.629],[115.569,-20.63],[115.57,-20.631]]],[[[115.548,-20.612],[115.548,-20.611],[115.547,-20.611],[115.548,-20.612]]],[[[115.56,-20.631],[115.56,-20.63],[115.56,-20.631],[115.56,-20.631]]],[[[115.529,-20.631],[115.529,-20.631],[115.528,-20.631],[115.529,-20.631]]],[[[115.574,-20.641],[115.574,-20.64],[115.573,-20.641],[115.574,-20.641]]],[[[115.544,-20.636],[115.544,-20.635],[115.543,-20.635],[115.544,-20.636]]],[[[115.574,-20.638],[115.575,-20.638],[115.573,-20.638],[115.574,-20.638]]],[[[115.553,-20.619],[115.553,-20.619],[115.552,-20.618],[115.553,-20.619]]],[[[115.563,-20.633],[115.564,-20.633],[115.563,-20.632],[115.563,-20.633]]],[[[115.569,-20.628],[115.569,-20.627],[115.569,-20.627],[115.569,-20.628]]],[[[115.569,-20.629],[115.568,-20.628],[115.568,-20.629],[115.569,-20.629]]],[[[116.597,-20.689],[116.578,-20.693],[116.574,-20.708],[116.591,-20.717],[116.578,-20.733],[116.602,-20.728],[116.648,-20.682],[116.606,-20.685],[116.593,-20.706],[116.597,-20.689]]],[[[116.675,-20.66],[116.697,-20.645],[116.675,-20.651],[116.675,-20.66]]],[[[116.436,-20.659],[116.452,-20.666],[116.449,-20.652],[116.436,-20.659]]],[[[116.243,-20.813],[116.248,-20.819],[116.245,-20.802],[116.243,-20.813]]],[[[116.653,-20.675],[116.657,-20.68],[116.662,-20.676],[116.653,-20.675]]],[[[116.309,-20.778],[116.314,-20.782],[116.309,-20.771],[116.309,-20.778]]],[[[116.665,-20.67],[116.672,-20.667],[116.668,-20.665],[116.665,-20.67]]],[[[115.583,-20.663],[115.577,-20.668],[115.578,-20.672],[115.583,-20.663]]],[[[116.066,-20.822],[116.071,-20.822],[116.061,-20.818],[116.066,-20.822]]],[[[116.961,-20.662],[116.964,-20.655],[116.96,-20.657],[116.961,-20.662]]],[[[117.264,-20.683],[117.267,-20.682],[117.264,-20.68],[117.264,-20.683]]],[[[117.567,-20.681],[117.572,-20.681],[117.572,-20.679],[117.567,-20.681]]],[[[116.195,-20.829],[116.195,-20.824],[116.193,-20.825],[116.195,-20.829]]],[[[116.568,-20.714],[116.569,-20.711],[116.567,-20.712],[116.568,-20.714]]],[[[117.246,-20.712],[117.245,-20.709],[117.243,-20.71],[117.246,-20.712]]],[[[116.576,-20.693],[116.576,-20.691],[116.574,-20.691],[116.576,-20.693]]],[[[116.954,-20.663],[116.953,-20.662],[116.951,-20.663],[116.954,-20.663]]],[[[117.455,-20.754],[117.455,-20.753],[117.453,-20.753],[117.455,-20.754]]],[[[116.624,-20.667],[116.625,-20.666],[116.624,-20.666],[116.624,-20.667]]],[[[117.446,-20.748],[117.446,-20.748],[117.446,-20.746],[117.446,-20.748]]],[[[115.575,-20.685],[115.575,-20.685],[115.574,-20.684],[115.575,-20.685]]],[[[117.449,-20.751],[117.449,-20.75],[117.448,-20.751],[117.449,-20.751]]],[[[115.575,-20.683],[115.575,-20.683],[115.574,-20.682],[115.575,-20.683]]],[[[115.575,-20.68],[115.575,-20.681],[115.575,-20.681],[115.575,-20.68]]],[[[115.575,-20.682],[115.575,-20.681],[115.574,-20.681],[115.575,-20.682]]],[[[115.58,-20.675],[115.58,-20.675],[115.58,-20.675],[115.58,-20.675]]],[[[115.579,-20.676],[115.578,-20.675],[115.578,-20.676],[115.579,-20.676]]],[[[115.579,-20.675],[115.579,-20.674],[115.579,-20.674],[115.579,-20.675]]],[[[122.198,-16.904],[122.199,-16.903],[122.197,-16.9],[122.198,-16.904]]],[[[122.168,-16.883],[122.173,-16.882],[122.169,-16.88],[122.168,-16.883]]],[[[122.16,-16.869],[122.16,-16.869],[122.159,-16.869],[122.16,-16.869]]],[[[122.154,-16.861],[122.155,-16.86],[122.154,-16.86],[122.154,-16.861]]],[[[122.136,-16.858],[122.144,-16.859],[122.129,-16.853],[122.136,-16.858]]],[[[122.102,-16.856],[122.127,-16.853],[122.093,-16.855],[122.102,-16.856]]],[[[122.171,-18.265],[122.178,-18.247],[122.171,-18.256],[122.171,-18.265]]],[[[121.645,-18.815],[121.648,-18.812],[121.646,-18.813],[121.645,-18.815]]],[[[121.789,-18.659],[121.79,-18.657],[121.79,-18.655],[121.789,-18.659]]],[[[121.805,-18.509],[121.808,-18.507],[121.806,-18.507],[121.805,-18.509]]],[[[122.202,-18.244],[122.203,-18.242],[122.202,-18.243],[122.202,-18.244]]],[[[121.734,-18.581],[121.733,-18.58],[121.732,-18.58],[121.734,-18.581]]],[[[121.732,-18.696],[121.734,-18.695],[121.734,-18.695],[121.732,-18.696]]],[[[121.773,-18.667],[121.774,-18.666],[121.773,-18.665],[121.773,-18.667]]],[[[121.694,-18.701],[121.696,-18.7],[121.694,-18.701],[121.694,-18.701]]],[[[121.798,-18.516],[121.799,-18.515],[121.797,-18.515],[121.798,-18.516]]],[[[121.81,-18.499],[121.812,-18.498],[121.81,-18.498],[121.81,-18.499]]],[[[122.171,-18.267],[122.17,-18.266],[122.17,-18.267],[122.171,-18.267]]],[[[121.815,-18.493],[121.815,-18.492],[121.815,-18.492],[121.815,-18.493]]],[[[122.199,-18.247],[122.199,-18.246],[122.199,-18.246],[122.199,-18.247]]],[[[121.649,-18.812],[121.649,-18.811],[121.649,-18.811],[121.649,-18.812]]],[[[122.279,-17.156],[122.28,-17.155],[122.278,-17.154],[122.279,-17.156]]],[[[122.301,-17.151],[122.303,-17.15],[122.302,-17.149],[122.301,-17.151]]],[[[122.316,-17.154],[122.317,-17.153],[122.315,-17.153],[122.316,-17.154]]],[[[122.257,-17.168],[122.257,-17.166],[122.256,-17.166],[122.257,-17.168]]],[[[122.3,-17.12],[122.302,-17.119],[122.301,-17.119],[122.3,-17.12]]],[[[122.307,-17.136],[122.307,-17.135],[122.306,-17.136],[122.307,-17.136]]],[[[122.304,-17.132],[122.304,-17.131],[122.303,-17.131],[122.304,-17.132]]],[[[122.312,-17.135],[122.313,-17.134],[122.313,-17.134],[122.312,-17.135]]],[[[118.898,-19.892],[118.902,-19.891],[118.896,-19.885],[118.898,-19.892]]],[[[119.099,-19.59],[119.1,-19.593],[119.098,-19.584],[119.099,-19.59]]],[[[119.673,-20.008],[119.675,-20.005],[119.671,-20.004],[119.673,-20.008]]],[[[118.809,-20.02],[118.811,-20.018],[118.807,-20.018],[118.809,-20.02]]],[[[119.705,-19.995],[119.709,-19.993],[119.705,-19.994],[119.705,-19.995]]],[[[119.441,-20.01],[119.442,-20.007],[119.44,-20.008],[119.441,-20.01]]],[[[118.853,-20.225],[118.85,-20.222],[118.85,-20.223],[118.853,-20.225]]],[[[119.493,-20.014],[119.497,-20.012],[119.498,-20.011],[119.493,-20.014]]],[[[119.089,-19.983],[119.089,-19.981],[119.088,-19.982],[119.089,-19.983]]],[[[126.137,-13.724],[126.137,-13.723],[126.136,-13.723],[126.137,-13.724]]],[[[126.896,-13.695],[126.896,-13.692],[126.894,-13.691],[126.896,-13.695]]],[[[126.914,-13.694],[126.919,-13.693],[126.917,-13.689],[126.914,-13.694]]],[[[126.964,-13.739],[126.965,-13.737],[126.964,-13.737],[126.964,-13.739]]],[[[128.303,-14.751],[128.334,-14.759],[128.295,-14.735],[128.303,-14.751]]],[[[128.635,-14.723],[128.637,-14.725],[128.633,-14.72],[128.635,-14.723]]],[[[127.941,-14.539],[127.939,-14.539],[127.94,-14.54],[127.941,-14.539]]],[[[127.84,-14.464],[127.853,-14.479],[127.875,-14.459],[127.872,-14.437],[127.854,-14.435],[127.84,-14.464]]],[[[127.812,-14.378],[127.823,-14.367],[127.811,-14.353],[127.812,-14.378]]],[[[127.84,-14.373],[127.842,-14.371],[127.841,-14.371],[127.84,-14.373]]],[[[127.876,-14.472],[127.874,-14.473],[127.875,-14.474],[127.876,-14.472]]],[[[127.838,-14.373],[127.839,-14.373],[127.838,-14.373],[127.838,-14.373]]],[[[126.373,-13.999],[126.389,-14.011],[126.404,-13.989],[126.371,-13.976],[126.373,-13.999]]],[[[125.628,-13.961],[125.644,-13.951],[125.63,-13.931],[125.628,-13.961]]],[[[126.577,-14.212],[126.591,-14.224],[126.578,-14.197],[126.577,-14.212]]],[[[125.731,-14.193],[125.74,-14.184],[125.73,-14.175],[125.731,-14.193]]],[[[125.702,-14.144],[125.704,-14.116],[125.692,-14.108],[125.702,-14.144]]],[[[125.681,-14.165],[125.669,-14.167],[125.683,-14.177],[125.681,-14.165]]],[[[126.239,-14.162],[126.238,-14.146],[126.23,-14.15],[126.239,-14.162]]],[[[126.574,-14.227],[126.586,-14.225],[126.575,-14.204],[126.574,-14.227]]],[[[125.787,-14.17],[125.794,-14.161],[125.78,-14.155],[125.787,-14.17]]],[[[127.704,-14.239],[127.712,-14.244],[127.716,-14.234],[127.704,-14.239]]],[[[126.286,-14.171],[126.296,-14.167],[126.297,-14.16],[126.286,-14.171]]],[[[125.556,-14.109],[125.56,-14.1],[125.552,-14.103],[125.556,-14.109]]],[[[125.766,-14.163],[125.775,-14.151],[125.765,-14.159],[125.766,-14.163]],[[125.666,-14.179],[125.66,-14.182],[125.671,-14.171],[125.666,-14.179]]],[[[126.871,-13.98],[126.882,-13.983],[126.875,-13.976],[126.871,-13.98]]],[[[127.731,-14.264],[127.734,-14.259],[127.725,-14.257],[127.731,-14.264]]],[[[126.591,-14.212],[126.584,-14.197],[126.581,-14.2],[126.591,-14.212]]],[[[126.843,-13.968],[126.851,-13.968],[126.839,-13.967],[126.843,-13.968]]],[[[126.536,-14.0],[126.539,-14.003],[126.549,-13.997],[126.536,-14.0]]],[[[125.826,-14.232],[125.83,-14.23],[125.827,-14.226],[125.826,-14.232]]],[[[125.764,-14.216],[125.769,-14.211],[125.767,-14.208],[125.764,-14.216]]],[[[126.05,-14.204],[126.044,-14.204],[126.046,-14.208],[126.05,-14.204]]],[[[125.658,-14.194],[125.662,-14.19],[125.66,-14.186],[125.658,-14.194]]],[[[126.001,-13.98],[126.001,-13.974],[125.998,-13.978],[126.001,-13.98]]],[[[127.571,-14.111],[127.574,-14.112],[127.571,-14.106],[127.571,-14.111]]],[[[125.738,-14.091],[125.744,-14.092],[125.735,-14.089],[125.738,-14.091]]],[[[125.607,-14.124],[125.602,-14.13],[125.606,-14.13],[125.607,-14.124]]],[[[125.797,-14.23],[125.799,-14.225],[125.795,-14.23],[125.797,-14.23]]],[[[126.895,-13.979],[126.892,-13.976],[126.89,-13.978],[126.895,-13.979]]],[[[125.657,-14.158],[125.659,-14.154],[125.657,-14.152],[125.657,-14.158]]],[[[125.64,-14.222],[125.644,-14.223],[125.64,-14.219],[125.64,-14.222]]],[[[126.555,-14.149],[126.558,-14.146],[126.552,-14.147],[126.555,-14.149]]],[[[125.725,-14.094],[125.728,-14.093],[125.726,-14.09],[125.725,-14.094]]],[[[125.699,-14.153],[125.7,-14.155],[125.699,-14.149],[125.699,-14.153]]],[[[126.83,-13.975],[126.832,-13.973],[126.828,-13.974],[126.83,-13.975]]],[[[127.55,-14.094],[127.548,-14.094],[127.549,-14.097],[127.55,-14.094]]],[[[125.748,-14.109],[125.749,-14.105],[125.747,-14.107],[125.748,-14.109]]],[[[126.569,-14.014],[126.567,-14.014],[126.569,-14.016],[126.569,-14.014]]],[[[126.597,-14.224],[126.597,-14.219],[126.596,-14.222],[126.597,-14.224]]],[[[125.748,-14.099],[125.75,-14.097],[125.748,-14.096],[125.748,-14.099]]],[[[125.613,-14.237],[125.614,-14.235],[125.612,-14.236],[125.613,-14.237]]],[[[125.673,-14.176],[125.674,-14.171],[125.673,-14.173],[125.673,-14.176]]],[[[126.802,-13.988],[126.803,-13.986],[126.801,-13.987],[126.802,-13.988]]],[[[126.146,-14.184],[126.148,-14.184],[126.149,-14.182],[126.146,-14.184]]],[[[125.65,-14.069],[125.652,-14.066],[125.65,-14.067],[125.65,-14.069]]],[[[127.563,-14.108],[127.566,-14.107],[127.564,-14.106],[127.563,-14.108]]],[[[127.495,-14.058],[127.496,-14.055],[127.494,-14.055],[127.495,-14.058]]],[[[126.116,-14.233],[126.118,-14.23],[126.116,-14.231],[126.116,-14.233]]],[[[127.59,-14.137],[127.592,-14.136],[127.59,-14.135],[127.59,-14.137]]],[[[125.643,-14.205],[125.641,-14.203],[125.639,-14.204],[125.643,-14.205]]],[[[126.834,-13.972],[126.835,-13.97],[126.833,-13.971],[126.834,-13.972]]],[[[125.874,-14.064],[125.876,-14.062],[125.873,-14.063],[125.874,-14.064]]],[[[126.872,-13.982],[126.874,-13.981],[126.871,-13.981],[126.872,-13.982]]],[[[126.545,-14.012],[126.546,-14.014],[126.546,-14.012],[126.545,-14.012]]],[[[125.578,-14.145],[125.579,-14.142],[125.579,-14.141],[125.578,-14.145]]],[[[125.636,-14.206],[125.637,-14.205],[125.636,-14.203],[125.636,-14.206]]],[[[126.566,-14.217],[126.566,-14.215],[126.566,-14.216],[126.566,-14.217]]],[[[126.837,-13.966],[126.837,-13.964],[126.836,-13.966],[126.837,-13.966]]],[[[125.691,-14.144],[125.694,-14.142],[125.693,-14.142],[125.691,-14.144]]],[[[126.862,-13.972],[126.861,-13.969],[126.861,-13.971],[126.862,-13.972]]],[[[126.749,-14.013],[126.751,-14.013],[126.752,-14.013],[126.749,-14.013]]],[[[126.03,-14.211],[126.031,-14.212],[126.032,-14.211],[126.03,-14.211]]],[[[126.224,-14.177],[126.226,-14.177],[126.224,-14.176],[126.224,-14.177]]],[[[126.113,-14.215],[126.112,-14.215],[126.113,-14.216],[126.113,-14.215]]],[[[126.57,-14.22],[126.57,-14.219],[126.569,-14.219],[126.57,-14.22]]],[[[125.658,-14.199],[125.659,-14.197],[125.659,-14.197],[125.658,-14.199]]],[[[125.714,-14.098],[125.713,-14.097],[125.713,-14.098],[125.714,-14.098]]],[[[126.022,-14.013],[126.022,-14.012],[126.021,-14.013],[126.022,-14.013]]],[[[127.512,-14.085],[127.513,-14.085],[127.514,-14.084],[127.512,-14.085]]],[[[125.678,-14.181],[125.678,-14.18],[125.678,-14.179],[125.678,-14.181]]],[[[125.701,-14.112],[125.701,-14.111],[125.7,-14.111],[125.701,-14.112]]],[[[127.453,-14.046],[127.454,-14.046],[127.453,-14.045],[127.453,-14.046]]],[[[126.889,-13.973],[126.889,-13.972],[126.889,-13.972],[126.889,-13.973]]],[[[125.607,-14.235],[125.608,-14.234],[125.607,-14.234],[125.607,-14.235]]],[[[126.297,-13.97],[126.298,-13.969],[126.297,-13.969],[126.297,-13.97]]],[[[127.518,-14.067],[127.519,-14.068],[127.519,-14.067],[127.518,-14.067]]],[[[126.094,-14.239],[126.095,-14.237],[126.094,-14.238],[126.094,-14.239]]],[[[126.298,-13.968],[126.299,-13.968],[126.298,-13.967],[126.298,-13.968]]],[[[126.121,-14.228],[126.122,-14.228],[126.122,-14.227],[126.121,-14.228]]],[[[126.147,-14.186],[126.148,-14.185],[126.147,-14.185],[126.147,-14.186]]],[[[127.517,-14.062],[127.518,-14.061],[127.517,-14.061],[127.517,-14.062]]],[[[125.825,-14.194],[125.825,-14.194],[125.825,-14.193],[125.825,-14.194]]],[[[127.575,-14.12],[127.575,-14.12],[127.575,-14.119],[127.575,-14.12]]],[[[127.519,-14.065],[127.519,-14.065],[127.519,-14.066],[127.519,-14.065]]],[[[126.226,-14.176],[126.226,-14.175],[126.225,-14.175],[126.226,-14.176]]],[[[126.229,-14.177],[126.229,-14.176],[126.229,-14.176],[126.229,-14.177]]],[[[126.228,-14.177],[126.228,-14.177],[126.227,-14.177],[126.228,-14.177]]],[[[126.227,-14.176],[126.227,-14.176],[126.227,-14.176],[126.227,-14.176]]],[[[128.127,-15.157],[128.198,-15.193],[128.201,-15.131],[128.164,-15.097],[128.152,-15.052],[128.125,-15.04],[128.114,-15.122],[128.127,-15.157]]],[[[128.445,-14.895],[128.467,-14.928],[128.467,-14.899],[128.446,-14.88],[128.445,-14.895]]],[[[128.189,-15.204],[128.153,-15.18],[128.189,-15.212],[128.189,-15.204]]],[[[128.103,-15.172],[128.1,-15.197],[128.114,-15.171],[128.103,-15.172]]],[[[128.264,-15.316],[128.281,-15.339],[128.274,-15.315],[128.264,-15.316]]],[[[128.251,-15.293],[128.266,-15.299],[128.244,-15.282],[128.251,-15.293]]],[[[128.272,-15.296],[128.289,-15.317],[128.282,-15.301],[128.272,-15.296]]],[[[128.433,-14.874],[128.44,-14.886],[128.428,-14.863],[128.433,-14.874]]],[[[128.271,-15.282],[128.261,-15.278],[128.273,-15.29],[128.271,-15.282]]],[[[128.093,-15.237],[128.103,-15.229],[128.095,-15.23],[128.093,-15.237]]],[[[128.103,-15.271],[128.111,-15.268],[128.106,-15.266],[128.103,-15.271]]],[[[128.284,-15.316],[128.288,-15.326],[128.289,-15.318],[128.284,-15.316]]],[[[128.113,-15.005],[128.12,-15.005],[128.113,-15.001],[128.113,-15.005]]],[[[128.774,-14.772],[128.779,-14.768],[128.769,-14.767],[128.774,-14.772]]],[[[128.238,-15.261],[128.242,-15.265],[128.24,-15.261],[128.238,-15.261]]],[[[128.115,-15.158],[128.116,-15.157],[128.115,-15.156],[128.115,-15.158]]],[[[128.783,-14.773],[128.782,-14.772],[128.782,-14.772],[128.783,-14.773]]],[[[128.103,-15.15],[128.103,-15.148],[128.103,-15.148],[128.103,-15.15]]],[[[126.54,-13.898],[126.564,-13.891],[126.559,-13.903],[126.595,-13.899],[126.608,-13.914],[126.62,-13.89],[126.597,-13.896],[126.504,-13.869],[126.513,-13.907],[126.54,-13.898]]],[[[126.865,-13.972],[126.883,-13.993],[126.901,-13.985],[126.866,-13.956],[126.869,-13.968],[126.82,-13.954],[126.832,-13.961],[126.82,-13.967],[126.865,-13.972]]],[[[126.162,-13.964],[126.19,-13.927],[126.17,-13.937],[126.162,-13.964]]],[[[126.309,-13.928],[126.3,-13.968],[126.321,-13.943],[126.309,-13.928]]],[[[126.62,-13.871],[126.62,-13.882],[126.635,-13.876],[126.625,-13.853],[126.62,-13.871]]],[[[126.303,-13.924],[126.316,-13.916],[126.313,-13.901],[126.303,-13.924]]],[[[126.307,-13.889],[126.319,-13.887],[126.305,-13.866],[126.307,-13.889]]],[[[126.692,-13.931],[126.676,-13.961],[126.699,-13.944],[126.692,-13.931]]],[[[127.156,-13.899],[127.175,-13.904],[127.163,-13.883],[127.156,-13.899]]],[[[126.272,-13.931],[126.284,-13.946],[126.295,-13.942],[126.272,-13.931]]],[[[126.603,-13.95],[126.601,-13.936],[126.595,-13.943],[126.603,-13.95]]],[[[126.152,-13.752],[126.145,-13.749],[126.15,-13.76],[126.152,-13.752]]],[[[127.271,-13.822],[127.28,-13.819],[127.266,-13.819],[127.271,-13.822]]],[[[126.818,-13.943],[126.819,-13.95],[126.824,-13.947],[126.818,-13.943]]],[[[126.705,-13.95],[126.707,-13.954],[126.703,-13.941],[126.705,-13.95]]],[[[126.818,-13.955],[126.812,-13.959],[126.818,-13.961],[126.818,-13.955]]],[[[126.589,-13.882],[126.596,-13.883],[126.597,-13.879],[126.589,-13.882]]],[[[126.453,-13.958],[126.45,-13.964],[126.457,-13.954],[126.453,-13.958]]],[[[127.112,-13.904],[127.116,-13.902],[127.116,-13.897],[127.112,-13.904]]],[[[126.791,-13.766],[126.792,-13.769],[126.793,-13.761],[126.791,-13.766]]],[[[126.863,-13.962],[126.863,-13.958],[126.858,-13.958],[126.863,-13.962]]],[[[126.357,-13.759],[126.365,-13.754],[126.358,-13.757],[126.357,-13.759]]],[[[127.128,-13.961],[127.129,-13.962],[127.132,-13.957],[127.128,-13.961]]],[[[126.595,-13.899],[126.591,-13.903],[126.593,-13.902],[126.595,-13.899]]],[[[126.765,-13.785],[126.769,-13.781],[126.765,-13.783],[126.765,-13.785]]],[[[126.586,-13.906],[126.587,-13.909],[126.587,-13.905],[126.586,-13.906]]],[[[127.13,-13.964],[127.128,-13.966],[127.133,-13.963],[127.13,-13.964]]],[[[126.589,-13.906],[126.59,-13.904],[126.588,-13.904],[126.589,-13.906]]],[[[126.997,-13.766],[126.999,-13.765],[126.997,-13.764],[126.997,-13.766]]],[[[126.106,-13.901],[126.107,-13.899],[126.105,-13.899],[126.106,-13.901]]],[[[127.193,-13.9],[127.194,-13.899],[127.193,-13.898],[127.193,-13.9]]],[[[127.021,-13.81],[127.02,-13.809],[127.019,-13.811],[127.021,-13.81]]],[[[127.05,-13.838],[127.047,-13.838],[127.049,-13.839],[127.05,-13.838]]],[[[126.71,-13.943],[126.711,-13.942],[126.708,-13.943],[126.71,-13.943]]],[[[126.838,-13.954],[126.839,-13.953],[126.838,-13.952],[126.838,-13.954]]],[[[126.316,-13.9],[126.317,-13.901],[126.317,-13.9],[126.316,-13.9]]],[[[126.555,-13.898],[126.556,-13.897],[126.555,-13.897],[126.555,-13.898]]],[[[126.635,-13.87],[126.636,-13.869],[126.635,-13.87],[126.635,-13.87]]],[[[126.497,-13.956],[126.498,-13.956],[126.497,-13.955],[126.497,-13.956]]],[[[126.309,-13.899],[126.31,-13.899],[126.309,-13.899],[126.309,-13.899]]],[[[126.598,-13.881],[126.597,-13.882],[126.597,-13.883],[126.598,-13.881]]],[[[126.497,-13.955],[126.497,-13.953],[126.496,-13.954],[126.497,-13.955]]],[[[126.842,-13.941],[126.843,-13.941],[126.842,-13.94],[126.842,-13.941]]],[[[126.832,-13.93],[126.832,-13.929],[126.832,-13.929],[126.832,-13.93]]],[[[126.304,-13.928],[126.305,-13.928],[126.304,-13.928],[126.304,-13.928]]],[[[126.585,-13.884],[126.586,-13.884],[126.585,-13.883],[126.585,-13.884]]],[[[127.132,-13.957],[127.133,-13.955],[127.132,-13.956],[127.132,-13.957]]],[[[127.04,-13.812],[127.041,-13.811],[127.04,-13.811],[127.04,-13.812]]],[[[126.702,-13.956],[126.702,-13.956],[126.702,-13.955],[126.702,-13.956]]],[[[127.189,-13.942],[127.19,-13.942],[127.189,-13.942],[127.189,-13.942]]],[[[118.503,-20.321],[118.528,-20.312],[118.505,-20.311],[118.503,-20.321]]],[[[118.458,-20.322],[118.465,-20.318],[118.461,-20.318],[118.458,-20.322]]],[[[125.023,-15.323],[124.993,-15.356],[124.995,-15.376],[125.019,-15.37],[125.036,-15.329],[125.023,-15.323]]],[[[124.282,-15.294],[124.276,-15.28],[124.254,-15.286],[124.23,-15.3],[124.231,-15.319],[124.257,-15.302],[124.281,-15.312],[124.282,-15.294]]],[[[124.369,-15.377],[124.353,-15.361],[124.338,-15.376],[124.372,-15.399],[124.369,-15.377]]],[[[124.305,-15.354],[124.35,-15.333],[124.344,-15.313],[124.305,-15.354]]],[[[124.952,-15.365],[124.984,-15.343],[124.954,-15.352],[124.952,-15.365]]],[[[124.854,-15.3],[124.842,-15.315],[124.862,-15.311],[124.86,-15.283],[124.854,-15.3]]],[[[124.606,-15.452],[124.62,-15.432],[124.595,-15.44],[124.606,-15.452]]],[[[124.48,-15.446],[124.505,-15.441],[124.493,-15.434],[124.48,-15.446]]],[[[124.472,-15.319],[124.489,-15.32],[124.477,-15.31],[124.472,-15.319]]],[[[125.044,-15.318],[125.049,-15.323],[125.052,-15.308],[125.044,-15.318]]],[[[124.844,-15.342],[124.849,-15.349],[124.859,-15.344],[124.844,-15.342]]],[[[124.488,-15.465],[124.501,-15.457],[124.498,-15.452],[124.488,-15.465]]],[[[124.189,-15.337],[124.207,-15.338],[124.208,-15.33],[124.189,-15.337]]],[[[124.221,-15.319],[124.214,-15.318],[124.229,-15.323],[124.221,-15.319]]],[[[124.296,-15.364],[124.308,-15.37],[124.305,-15.363],[124.296,-15.364]]],[[[125.011,-15.323],[125.016,-15.326],[125.02,-15.32],[125.011,-15.323]]],[[[125.005,-15.439],[125.014,-15.43],[125.004,-15.434],[125.005,-15.439]]],[[[124.342,-15.363],[124.352,-15.356],[124.343,-15.357],[124.342,-15.363]]],[[[124.391,-15.346],[124.401,-15.342],[124.392,-15.338],[124.391,-15.346]]],[[[124.631,-15.375],[124.636,-15.37],[124.63,-15.367],[124.631,-15.375]]],[[[124.872,-15.282],[124.864,-15.281],[124.867,-15.285],[124.872,-15.282]]],[[[124.318,-15.333],[124.325,-15.325],[124.32,-15.325],[124.318,-15.333]]],[[[124.556,-15.496],[124.559,-15.488],[124.555,-15.489],[124.556,-15.496]]],[[[124.455,-15.362],[124.457,-15.37],[124.459,-15.367],[124.455,-15.362]]],[[[124.498,-15.287],[124.499,-15.281],[124.492,-15.285],[124.498,-15.287]]],[[[124.245,-15.324],[124.249,-15.322],[124.244,-15.32],[124.245,-15.324]]],[[[124.292,-15.286],[124.291,-15.29],[124.294,-15.282],[124.292,-15.286]]],[[[124.321,-15.365],[124.322,-15.362],[124.318,-15.36],[124.321,-15.365]]],[[[124.463,-15.396],[124.466,-15.392],[124.461,-15.394],[124.463,-15.396]]],[[[124.619,-15.325],[124.623,-15.318],[124.62,-15.319],[124.619,-15.325]]],[[[124.469,-15.39],[124.469,-15.386],[124.466,-15.388],[124.469,-15.39]]],[[[124.599,-15.477],[124.603,-15.475],[124.6,-15.474],[124.599,-15.477]]],[[[124.612,-15.455],[124.611,-15.449],[124.609,-15.454],[124.612,-15.455]]],[[[124.465,-15.322],[124.464,-15.319],[124.461,-15.319],[124.465,-15.322]]],[[[124.672,-15.472],[124.676,-15.469],[124.674,-15.468],[124.672,-15.472]]],[[[124.455,-15.392],[124.456,-15.387],[124.454,-15.389],[124.455,-15.392]]],[[[124.669,-15.475],[124.67,-15.474],[124.668,-15.469],[124.669,-15.475]]],[[[124.471,-15.312],[124.476,-15.309],[124.471,-15.31],[124.471,-15.312]]],[[[124.621,-15.426],[124.623,-15.424],[124.619,-15.425],[124.621,-15.426]]],[[[124.749,-15.342],[124.75,-15.338],[124.747,-15.341],[124.749,-15.342]]],[[[124.47,-15.397],[124.471,-15.392],[124.469,-15.394],[124.47,-15.397]]],[[[124.358,-15.354],[124.363,-15.353],[124.359,-15.352],[124.358,-15.354]]],[[[124.656,-15.465],[124.654,-15.461],[124.653,-15.464],[124.656,-15.465]]],[[[124.542,-15.375],[124.539,-15.374],[124.54,-15.378],[124.542,-15.375]]],[[[124.6,-15.489],[124.602,-15.488],[124.603,-15.485],[124.6,-15.489]]],[[[125.059,-15.434],[125.059,-15.432],[125.056,-15.432],[125.059,-15.434]]],[[[124.645,-15.393],[124.643,-15.389],[124.642,-15.391],[124.645,-15.393]]],[[[124.333,-15.32],[124.335,-15.319],[124.333,-15.316],[124.333,-15.32]]],[[[124.997,-15.332],[124.997,-15.331],[124.994,-15.33],[124.997,-15.332]]],[[[124.591,-15.344],[124.593,-15.342],[124.59,-15.342],[124.591,-15.344]]],[[[124.475,-15.345],[124.478,-15.344],[124.474,-15.342],[124.475,-15.345]]],[[[124.646,-15.419],[124.648,-15.416],[124.647,-15.415],[124.646,-15.419]]],[[[125.135,-15.486],[125.135,-15.484],[125.132,-15.484],[125.135,-15.486]]],[[[124.64,-15.429],[124.642,-15.427],[124.64,-15.428],[124.64,-15.429]]],[[[124.577,-15.296],[124.578,-15.294],[124.578,-15.292],[124.577,-15.296]]],[[[124.947,-15.369],[124.948,-15.366],[124.946,-15.367],[124.947,-15.369]]],[[[124.872,-15.279],[124.872,-15.277],[124.87,-15.277],[124.872,-15.279]]],[[[125.133,-15.334],[125.137,-15.332],[125.133,-15.333],[125.133,-15.334]]],[[[124.864,-15.315],[124.865,-15.313],[124.862,-15.314],[124.864,-15.315]]],[[[124.818,-15.315],[124.816,-15.312],[124.816,-15.314],[124.818,-15.315]]],[[[124.349,-15.35],[124.351,-15.349],[124.35,-15.347],[124.349,-15.35]]],[[[124.402,-15.339],[124.402,-15.341],[124.404,-15.34],[124.402,-15.339]]],[[[124.212,-15.331],[124.214,-15.33],[124.213,-15.328],[124.212,-15.331]]],[[[124.627,-15.508],[124.628,-15.508],[124.627,-15.506],[124.627,-15.508]]],[[[125.022,-15.319],[125.024,-15.317],[125.022,-15.318],[125.022,-15.319]]],[[[125.001,-15.439],[125.002,-15.435],[125.001,-15.437],[125.001,-15.439]]],[[[124.668,-15.425],[124.67,-15.422],[124.667,-15.424],[124.668,-15.425]]],[[[124.676,-15.492],[124.678,-15.49],[124.678,-15.489],[124.676,-15.492]]],[[[124.596,-15.487],[124.597,-15.485],[124.595,-15.485],[124.596,-15.487]]],[[[124.674,-15.478],[124.675,-15.477],[124.674,-15.476],[124.674,-15.478]]],[[[124.439,-15.328],[124.439,-15.326],[124.438,-15.327],[124.439,-15.328]]],[[[124.482,-15.468],[124.485,-15.466],[124.484,-15.466],[124.482,-15.468]]],[[[124.293,-15.293],[124.293,-15.292],[124.293,-15.29],[124.293,-15.293]]],[[[124.652,-15.461],[124.654,-15.458],[124.652,-15.459],[124.652,-15.461]]],[[[124.547,-15.403],[124.548,-15.401],[124.546,-15.402],[124.547,-15.403]]],[[[124.438,-15.372],[124.44,-15.371],[124.438,-15.37],[124.438,-15.372]]],[[[124.417,-15.31],[124.419,-15.309],[124.416,-15.309],[124.417,-15.31]]],[[[124.311,-15.337],[124.312,-15.336],[124.311,-15.335],[124.311,-15.337]]],[[[124.638,-15.428],[124.639,-15.426],[124.638,-15.426],[124.638,-15.428]]],[[[124.872,-15.331],[124.872,-15.33],[124.87,-15.329],[124.872,-15.331]]],[[[124.639,-15.414],[124.641,-15.413],[124.639,-15.414],[124.639,-15.414]]],[[[124.614,-15.489],[124.616,-15.488],[124.614,-15.487],[124.614,-15.489]]],[[[124.938,-15.394],[124.94,-15.393],[124.937,-15.394],[124.938,-15.394]]],[[[124.804,-15.305],[124.802,-15.304],[124.803,-15.306],[124.804,-15.305]]],[[[124.598,-15.5],[124.599,-15.498],[124.598,-15.498],[124.598,-15.5]]],[[[124.861,-15.339],[124.86,-15.337],[124.86,-15.337],[124.861,-15.339]]],[[[124.855,-15.335],[124.856,-15.335],[124.855,-15.334],[124.855,-15.335]]],[[[124.364,-15.356],[124.366,-15.355],[124.363,-15.356],[124.364,-15.356]]],[[[124.461,-15.323],[124.46,-15.321],[124.46,-15.322],[124.461,-15.323]]],[[[124.393,-15.336],[124.394,-15.334],[124.393,-15.335],[124.393,-15.336]]],[[[124.374,-15.403],[124.374,-15.401],[124.373,-15.402],[124.374,-15.403]]],[[[124.371,-15.331],[124.372,-15.33],[124.371,-15.329],[124.371,-15.331]]],[[[124.652,-15.431],[124.652,-15.428],[124.651,-15.429],[124.652,-15.431]]],[[[124.669,-15.434],[124.668,-15.432],[124.668,-15.433],[124.669,-15.434]]],[[[124.404,-15.507],[124.405,-15.506],[124.403,-15.505],[124.404,-15.507]]],[[[124.928,-15.394],[124.928,-15.393],[124.927,-15.392],[124.928,-15.394]]],[[[124.473,-15.34],[124.474,-15.34],[124.473,-15.339],[124.473,-15.34]]],[[[124.524,-15.442],[124.523,-15.441],[124.522,-15.442],[124.524,-15.442]]],[[[124.524,-15.414],[124.524,-15.413],[124.524,-15.412],[124.524,-15.414]]],[[[124.186,-15.338],[124.186,-15.337],[124.184,-15.337],[124.186,-15.338]]],[[[124.336,-15.349],[124.336,-15.348],[124.336,-15.347],[124.336,-15.349]]],[[[124.832,-15.29],[124.834,-15.288],[124.833,-15.288],[124.832,-15.29]]],[[[124.628,-15.361],[124.629,-15.359],[124.628,-15.36],[124.628,-15.361]]],[[[125.157,-15.322],[125.158,-15.322],[125.157,-15.321],[125.157,-15.322]]],[[[124.398,-15.328],[124.398,-15.327],[124.397,-15.327],[124.398,-15.328]]],[[[124.844,-15.284],[124.843,-15.283],[124.843,-15.285],[124.844,-15.284]]],[[[125.003,-15.502],[125.002,-15.501],[125.002,-15.502],[125.003,-15.502]]],[[[124.451,-15.296],[124.452,-15.296],[124.452,-15.294],[124.451,-15.296]]],[[[125.102,-15.285],[125.103,-15.283],[125.103,-15.283],[125.102,-15.285]]],[[[125.031,-15.31],[125.031,-15.309],[125.03,-15.309],[125.031,-15.31]]],[[[124.859,-15.348],[124.859,-15.347],[124.859,-15.347],[124.859,-15.348]]],[[[124.209,-15.323],[124.211,-15.322],[124.209,-15.323],[124.209,-15.323]]],[[[124.315,-15.335],[124.315,-15.334],[124.314,-15.334],[124.315,-15.335]]],[[[124.402,-15.314],[124.403,-15.314],[124.402,-15.313],[124.402,-15.314]]],[[[124.455,-15.288],[124.455,-15.286],[124.454,-15.287],[124.455,-15.288]]],[[[124.307,-15.362],[124.306,-15.361],[124.306,-15.362],[124.307,-15.362]]],[[[124.243,-15.328],[124.243,-15.327],[124.243,-15.327],[124.243,-15.328]]],[[[124.672,-15.46],[124.673,-15.459],[124.671,-15.459],[124.672,-15.46]]],[[[124.884,-15.349],[124.885,-15.349],[124.884,-15.348],[124.884,-15.349]]],[[[124.643,-15.423],[124.644,-15.422],[124.643,-15.423],[124.643,-15.423]]],[[[124.96,-15.396],[124.961,-15.396],[124.96,-15.395],[124.96,-15.396]]],[[[124.873,-15.281],[124.872,-15.279],[124.872,-15.28],[124.873,-15.281]]],[[[124.317,-15.359],[124.318,-15.359],[124.318,-15.358],[124.317,-15.359]]],[[[125.129,-15.326],[125.13,-15.324],[125.129,-15.325],[125.129,-15.326]]],[[[124.649,-15.393],[124.65,-15.392],[124.65,-15.392],[124.649,-15.393]]],[[[124.54,-15.374],[124.541,-15.373],[124.54,-15.373],[124.54,-15.374]]],[[[124.53,-15.375],[124.531,-15.374],[124.531,-15.374],[124.53,-15.375]]],[[[124.63,-15.441],[124.63,-15.44],[124.63,-15.439],[124.63,-15.441]]],[[[124.494,-15.474],[124.494,-15.473],[124.493,-15.472],[124.494,-15.474]]],[[[124.592,-15.277],[124.592,-15.275],[124.591,-15.276],[124.592,-15.277]]],[[[124.628,-15.506],[124.629,-15.505],[124.628,-15.505],[124.628,-15.506]]],[[[124.824,-15.304],[124.825,-15.303],[124.824,-15.303],[124.824,-15.304]]],[[[124.491,-15.296],[124.492,-15.295],[124.491,-15.295],[124.491,-15.296]]],[[[125.052,-15.498],[125.052,-15.497],[125.051,-15.497],[125.052,-15.498]]],[[[124.643,-15.42],[124.644,-15.419],[124.643,-15.42],[124.643,-15.42]]],[[[124.513,-15.451],[124.514,-15.45],[124.513,-15.45],[124.513,-15.451]]],[[[124.372,-15.383],[124.372,-15.382],[124.372,-15.383],[124.372,-15.383]]],[[[124.843,-15.283],[124.844,-15.281],[124.843,-15.282],[124.843,-15.283]]],[[[124.309,-15.364],[124.309,-15.363],[124.308,-15.364],[124.309,-15.364]]],[[[124.874,-15.333],[124.874,-15.331],[124.873,-15.332],[124.874,-15.333]]],[[[124.398,-15.332],[124.398,-15.331],[124.398,-15.331],[124.398,-15.332]]],[[[124.476,-15.323],[124.476,-15.322],[124.476,-15.322],[124.476,-15.323]]],[[[124.531,-15.387],[124.531,-15.386],[124.53,-15.386],[124.531,-15.387]]],[[[124.452,-15.289],[124.452,-15.288],[124.452,-15.288],[124.452,-15.289]]],[[[124.816,-15.309],[124.816,-15.308],[124.815,-15.309],[124.816,-15.309]]],[[[124.589,-15.374],[124.589,-15.373],[124.589,-15.373],[124.589,-15.374]]],[[[124.639,-15.412],[124.639,-15.411],[124.638,-15.412],[124.639,-15.412]]],[[[125.144,-15.503],[125.145,-15.503],[125.144,-15.503],[125.144,-15.503]]],[[[124.451,-15.289],[124.451,-15.288],[124.45,-15.288],[124.451,-15.289]]],[[[124.337,-15.347],[124.337,-15.346],[124.336,-15.346],[124.337,-15.347]]],[[[124.815,-15.311],[124.814,-15.31],[124.814,-15.311],[124.815,-15.311]]],[[[124.397,-15.33],[124.397,-15.329],[124.396,-15.33],[124.397,-15.33]]],[[[124.391,-15.334],[124.392,-15.334],[124.391,-15.333],[124.391,-15.334]]],[[[124.402,-15.338],[124.402,-15.337],[124.402,-15.337],[124.402,-15.338]]],[[[124.305,-15.356],[124.305,-15.355],[124.304,-15.355],[124.305,-15.356]]],[[[124.396,-15.331],[124.396,-15.33],[124.396,-15.331],[124.396,-15.331]]],[[[124.391,-15.335],[124.391,-15.334],[124.39,-15.335],[124.391,-15.335]]],[[[124.564,-15.304],[124.564,-15.303],[124.564,-15.303],[124.564,-15.304]]],[[[125.148,-15.505],[125.148,-15.504],[125.147,-15.504],[125.148,-15.505]]],[[[124.397,-15.332],[124.397,-15.331],[124.397,-15.332],[124.397,-15.332]]],[[[125.119,-15.325],[125.119,-15.324],[125.119,-15.324],[125.119,-15.325]]],[[[125.003,-15.439],[125.003,-15.439],[125.003,-15.439],[125.003,-15.439]]],[[[124.569,-15.288],[124.57,-15.287],[124.569,-15.288],[124.569,-15.288]]],[[[125.038,-15.318],[125.039,-15.317],[125.038,-15.317],[125.038,-15.318]]],[[[125.131,-15.483],[125.13,-15.483],[125.13,-15.483],[125.131,-15.483]]],[[[125.0,-15.437],[125.0,-15.436],[124.999,-15.437],[125.0,-15.437]]],[[[124.939,-15.382],[124.94,-15.382],[124.939,-15.382],[124.939,-15.382]]],[[[125.028,-15.303],[125.028,-15.302],[125.027,-15.302],[125.028,-15.303]]],[[[125.029,-15.309],[125.029,-15.309],[125.029,-15.309],[125.029,-15.309]]],[[[125.031,-15.302],[125.03,-15.301],[125.03,-15.301],[125.031,-15.302]]],[[[124.393,-15.33],[124.393,-15.33],[124.393,-15.33],[124.393,-15.33]]],[[[124.392,-15.332],[124.392,-15.331],[124.392,-15.331],[124.392,-15.332]]],[[[124.504,-15.385],[124.511,-15.401],[124.516,-15.384],[124.534,-15.385],[124.527,-15.36],[124.537,-15.377],[124.545,-15.361],[124.554,-15.389],[124.591,-15.369],[124.539,-15.413],[124.541,-15.433],[124.529,-15.413],[124.514,-15.426],[124.525,-15.448],[124.616,-15.427],[124.655,-15.4],[124.625,-15.394],[124.605,-15.342],[124.58,-15.343],[124.59,-15.312],[124.556,-15.314],[124.569,-15.295],[124.558,-15.255],[124.571,-15.245],[124.542,-15.265],[124.542,-15.28],[124.528,-15.273],[124.495,-15.292],[124.536,-15.304],[124.498,-15.308],[124.517,-15.334],[124.491,-15.321],[124.481,-15.336],[124.492,-15.358],[124.481,-15.346],[124.461,-15.356],[124.468,-15.375],[124.483,-15.365],[124.465,-15.405],[124.486,-15.406],[124.484,-15.387],[124.51,-15.367],[124.504,-15.385]]],[[[125.134,-14.647],[125.152,-14.656],[125.148,-14.636],[125.167,-14.62],[125.181,-14.634],[125.185,-14.61],[125.214,-14.607],[125.196,-14.59],[125.209,-14.583],[125.197,-14.583],[125.2,-14.562],[125.18,-14.56],[125.201,-14.548],[125.216,-14.496],[125.205,-14.5],[125.19,-14.473],[125.18,-14.484],[125.185,-14.459],[125.165,-14.44],[125.163,-14.456],[125.151,-14.453],[125.16,-14.471],[125.136,-14.476],[125.117,-14.503],[125.133,-14.529],[125.15,-14.52],[125.134,-14.545],[125.152,-14.566],[125.134,-14.577],[125.132,-14.552],[125.096,-14.546],[125.093,-14.626],[125.108,-14.643],[125.113,-14.628],[125.136,-14.628],[125.134,-14.647]]],[[[124.378,-15.322],[124.392,-15.332],[124.413,-15.293],[124.427,-15.306],[124.418,-15.316],[124.443,-15.307],[124.433,-15.323],[124.462,-15.306],[124.442,-15.298],[124.442,-15.272],[124.457,-15.27],[124.442,-15.25],[124.4,-15.289],[124.369,-15.288],[124.367,-15.308],[124.35,-15.296],[124.353,-15.322],[124.378,-15.322]]],[[[125.178,-15.05],[125.167,-15.021],[125.157,-15.048],[125.144,-15.042],[125.164,-15.083],[125.175,-15.079],[125.168,-15.115],[125.187,-15.123],[125.229,-15.1],[125.217,-15.098],[125.231,-15.071],[125.202,-15.058],[125.181,-15.068],[125.178,-15.05]]],[[[124.911,-15.021],[124.94,-15.049],[124.959,-15.031],[124.945,-15.019],[124.959,-15.005],[124.93,-15.008],[124.946,-14.965],[124.917,-14.922],[124.93,-14.948],[124.92,-14.97],[124.898,-14.975],[124.889,-14.959],[124.877,-14.986],[124.882,-15.005],[124.921,-14.981],[124.898,-15.004],[124.921,-15.009],[124.911,-15.021]]],[[[124.809,-15.238],[124.791,-15.287],[124.812,-15.306],[124.812,-15.29],[124.842,-15.28],[124.857,-15.256],[124.809,-15.238]]],[[[125.718,-14.477],[125.755,-14.46],[125.739,-14.429],[125.749,-14.412],[125.723,-14.415],[125.718,-14.477]]],[[[125.53,-14.428],[125.511,-14.444],[125.523,-14.485],[125.559,-14.494],[125.538,-14.475],[125.53,-14.428]]],[[[125.249,-14.622],[125.204,-14.652],[125.228,-14.658],[125.236,-14.633],[125.248,-14.653],[125.267,-14.646],[125.249,-14.622]]],[[[125.95,-14.337],[125.943,-14.366],[125.924,-14.375],[125.941,-14.389],[125.97,-14.348],[125.962,-14.323],[125.95,-14.337]]],[[[124.964,-15.083],[124.952,-15.099],[124.984,-15.063],[124.977,-15.041],[124.957,-15.067],[124.964,-15.083]]],[[[125.452,-14.498],[125.473,-14.512],[125.497,-14.5],[125.445,-14.481],[125.452,-14.498]]],[[[124.992,-14.529],[124.99,-14.485],[124.976,-14.506],[124.992,-14.529]]],[[[125.229,-14.995],[125.251,-14.993],[125.249,-14.968],[125.229,-14.995]]],[[[125.995,-14.377],[125.983,-14.364],[125.971,-14.388],[125.995,-14.377]]],[[[124.942,-15.072],[124.951,-15.072],[124.959,-15.041],[124.942,-15.072]]],[[[125.276,-14.588],[125.265,-14.564],[125.254,-14.579],[125.276,-14.588]]],[[[125.248,-15.095],[125.248,-15.078],[125.228,-15.096],[125.248,-15.095]]],[[[124.978,-14.418],[124.986,-14.395],[124.973,-14.383],[124.959,-14.402],[124.973,-14.398],[124.978,-14.418]]],[[[124.978,-14.448],[124.995,-14.446],[124.985,-14.427],[124.978,-14.448]]],[[[124.613,-15.283],[124.639,-15.282],[124.621,-15.266],[124.613,-15.283]]],[[[125.195,-14.945],[125.187,-14.963],[125.197,-14.968],[125.208,-14.953],[125.195,-14.945]]],[[[125.25,-14.428],[125.272,-14.415],[125.247,-14.415],[125.25,-14.428]]],[[[125.212,-14.315],[125.228,-14.304],[125.222,-14.287],[125.212,-14.315]]],[[[125.268,-14.481],[125.266,-14.464],[125.249,-14.465],[125.268,-14.481]]],[[[124.802,-15.223],[124.8,-15.204],[124.783,-15.219],[124.802,-15.223]]],[[[124.736,-14.915],[124.739,-14.942],[124.748,-14.907],[124.736,-14.915]]],[[[125.984,-14.447],[126.005,-14.438],[125.988,-14.436],[125.984,-14.447]]],[[[124.78,-15.016],[124.775,-15.035],[124.79,-15.013],[124.78,-15.016]]],[[[125.45,-15.14],[125.481,-15.15],[125.478,-15.137],[125.45,-15.14]]],[[[125.027,-14.793],[125.026,-14.765],[125.017,-14.78],[125.027,-14.793]]],[[[124.505,-15.222],[124.516,-15.215],[124.509,-15.205],[124.505,-15.222]]],[[[124.866,-15.023],[124.86,-15.011],[124.844,-15.025],[124.866,-15.023]]],[[[124.746,-14.951],[124.763,-14.955],[124.757,-14.941],[124.746,-14.951]]],[[[125.994,-14.322],[125.976,-14.328],[125.976,-14.338],[125.994,-14.322]]],[[[124.385,-15.239],[124.396,-15.25],[124.4,-15.228],[124.385,-15.239]]],[[[125.505,-14.435],[125.522,-14.423],[125.504,-14.425],[125.505,-14.435]]],[[[125.421,-14.564],[125.434,-14.551],[125.422,-14.551],[125.421,-14.564]]],[[[125.354,-15.023],[125.361,-15.03],[125.367,-15.01],[125.354,-15.023]]],[[[125.35,-15.078],[125.358,-15.086],[125.367,-15.079],[125.35,-15.078]]],[[[125.582,-14.364],[125.577,-14.348],[125.573,-14.36],[125.582,-14.364]]],[[[125.181,-14.853],[125.176,-14.859],[125.186,-14.876],[125.181,-14.853]]],[[[125.428,-14.542],[125.442,-14.54],[125.434,-14.531],[125.428,-14.542]]],[[[125.675,-14.368],[125.673,-14.382],[125.681,-14.376],[125.675,-14.368]]],[[[124.672,-14.945],[124.659,-14.938],[124.665,-14.95],[124.672,-14.945]]],[[[124.694,-14.956],[124.684,-14.937],[124.686,-14.95],[124.694,-14.956]]],[[[125.008,-15.212],[125.016,-15.212],[125.012,-15.202],[125.008,-15.212]]],[[[125.442,-14.568],[125.435,-14.583],[125.442,-14.58],[125.442,-14.568]]],[[[125.14,-14.765],[125.145,-14.765],[125.137,-14.749],[125.14,-14.765]]],[[[124.718,-14.872],[124.732,-14.86],[124.715,-14.86],[124.718,-14.872]]],[[[124.536,-15.24],[124.546,-15.234],[124.545,-15.227],[124.536,-15.24]]],[[[125.5,-14.511],[125.504,-14.5],[125.492,-14.506],[125.5,-14.511]]],[[[125.171,-14.939],[125.176,-14.944],[125.175,-14.926],[125.171,-14.939]]],[[[125.237,-14.426],[125.244,-14.422],[125.238,-14.414],[125.237,-14.426]]],[[[125.335,-15.105],[125.337,-15.094],[125.331,-15.09],[125.335,-15.105]]],[[[125.197,-14.472],[125.206,-14.466],[125.202,-14.461],[125.197,-14.472]]],[[[124.645,-15.175],[124.651,-15.169],[124.644,-15.162],[124.645,-15.175]]],[[[125.127,-14.761],[125.134,-14.756],[125.13,-14.747],[125.127,-14.761]]],[[[124.776,-14.939],[124.771,-14.941],[124.776,-14.954],[124.776,-14.939]]],[[[124.881,-14.946],[124.889,-14.956],[124.881,-14.94],[124.881,-14.946]]],[[[124.569,-15.266],[124.577,-15.269],[124.568,-15.256],[124.569,-15.266]]],[[[125.407,-14.344],[125.409,-14.334],[125.404,-14.334],[125.407,-14.344]]],[[[125.135,-14.67],[125.148,-14.664],[125.13,-14.665],[125.135,-14.67]]],[[[124.971,-15.195],[124.972,-15.185],[124.965,-15.191],[124.971,-15.195]]],[[[124.889,-15.271],[124.9,-15.266],[124.898,-15.261],[124.889,-15.271]]],[[[125.143,-14.808],[125.146,-14.795],[125.14,-14.801],[125.143,-14.808]]],[[[124.866,-14.934],[124.87,-14.943],[124.87,-14.932],[124.866,-14.934]]],[[[124.493,-15.212],[124.492,-15.203],[124.488,-15.206],[124.493,-15.212]]],[[[125.714,-14.355],[125.721,-14.352],[125.709,-14.347],[125.714,-14.355]]],[[[124.925,-14.9],[124.923,-14.889],[124.921,-14.894],[124.925,-14.9]]],[[[125.92,-14.326],[125.934,-14.329],[125.929,-14.322],[125.92,-14.326]]],[[[125.233,-14.444],[125.239,-14.438],[125.237,-14.433],[125.233,-14.444]]],[[[124.409,-15.217],[124.421,-15.208],[124.408,-15.213],[124.409,-15.217]]],[[[125.302,-14.653],[125.306,-14.647],[125.3,-14.644],[125.302,-14.653]]],[[[124.998,-14.484],[125.007,-14.474],[125.001,-14.474],[124.998,-14.484]]],[[[124.82,-14.98],[124.829,-14.969],[124.823,-14.969],[124.82,-14.98]]],[[[125.771,-14.326],[125.767,-14.32],[125.761,-14.324],[125.771,-14.326]]],[[[125.373,-15.127],[125.384,-15.13],[125.37,-15.123],[125.373,-15.127]]],[[[125.341,-14.502],[125.345,-14.493],[125.338,-14.498],[125.341,-14.502]]],[[[124.976,-15.189],[124.981,-15.184],[124.979,-15.179],[124.976,-15.189]]],[[[125.407,-14.543],[125.414,-14.54],[125.411,-14.535],[125.407,-14.543]]],[[[125.321,-14.556],[125.33,-14.553],[125.322,-14.551],[125.321,-14.556]]],[[[125.256,-14.481],[125.252,-14.477],[125.257,-14.488],[125.256,-14.481]]],[[[125.445,-15.135],[125.455,-15.134],[125.439,-15.134],[125.445,-15.135]]],[[[124.904,-14.912],[124.907,-14.91],[124.901,-14.905],[124.904,-14.912]]],[[[125.93,-14.643],[125.932,-14.648],[125.928,-14.639],[125.93,-14.643]]],[[[125.272,-14.648],[125.277,-14.647],[125.276,-14.642],[125.272,-14.648]]],[[[124.698,-14.94],[124.697,-14.932],[124.693,-14.932],[124.698,-14.94]]],[[[125.228,-14.913],[125.226,-14.902],[125.224,-14.91],[125.228,-14.913]]],[[[125.493,-14.487],[125.498,-14.489],[125.493,-14.481],[125.493,-14.487]]],[[[125.179,-14.956],[125.175,-14.96],[125.179,-14.965],[125.179,-14.956]]],[[[124.518,-15.243],[124.521,-15.236],[124.516,-15.236],[124.518,-15.243]]],[[[124.517,-15.234],[124.521,-15.228],[124.515,-15.231],[124.517,-15.234]]],[[[124.932,-14.521],[124.931,-14.514],[124.925,-14.515],[124.932,-14.521]]],[[[125.906,-14.518],[125.901,-14.523],[125.909,-14.524],[125.906,-14.518]]],[[[124.422,-15.243],[124.429,-15.236],[124.422,-15.238],[124.422,-15.243]]],[[[125.335,-14.515],[125.341,-14.515],[125.335,-14.509],[125.335,-14.515]]],[[[125.303,-15.074],[125.306,-15.07],[125.3,-15.064],[125.303,-15.074]]],[[[124.799,-15.017],[124.802,-15.014],[124.8,-15.009],[124.799,-15.017]]],[[[124.402,-15.258],[124.411,-15.254],[124.402,-15.255],[124.402,-15.258]]],[[[125.428,-14.411],[125.432,-14.405],[125.424,-14.409],[125.428,-14.411]]],[[[124.581,-15.263],[124.587,-15.255],[124.582,-15.256],[124.581,-15.263]]],[[[124.845,-15.015],[124.848,-15.012],[124.842,-15.002],[124.845,-15.015]]],[[[125.655,-14.62],[125.655,-14.627],[125.659,-14.613],[125.655,-14.62]]],[[[124.346,-15.271],[124.351,-15.264],[124.344,-15.267],[124.346,-15.271]]],[[[124.812,-15.209],[124.816,-15.203],[124.814,-15.2],[124.812,-15.209]]],[[[124.733,-14.855],[124.738,-14.848],[124.731,-14.851],[124.733,-14.855]]],[[[126.003,-14.35],[126.005,-14.346],[125.999,-14.344],[126.003,-14.35]]],[[[125.403,-14.369],[125.407,-14.363],[125.401,-14.366],[125.403,-14.369]]],[[[125.161,-14.65],[125.167,-14.647],[125.164,-14.644],[125.161,-14.65]]],[[[125.656,-14.608],[125.658,-14.601],[125.653,-14.603],[125.656,-14.608]]],[[[125.41,-14.527],[125.406,-14.535],[125.413,-14.524],[125.41,-14.527]]],[[[125.422,-15.141],[125.431,-15.138],[125.425,-15.136],[125.422,-15.141]]],[[[125.029,-14.813],[125.034,-14.804],[125.03,-14.806],[125.029,-14.813]]],[[[124.887,-14.896],[124.889,-14.892],[124.883,-14.891],[124.887,-14.896]]],[[[124.919,-15.239],[124.924,-15.235],[124.919,-15.234],[124.919,-15.239]]],[[[125.436,-14.563],[125.44,-14.556],[125.434,-14.56],[125.436,-14.563]]],[[[125.093,-14.64],[125.096,-14.632],[125.091,-14.631],[125.093,-14.64]]],[[[125.206,-14.672],[125.209,-14.67],[125.205,-14.664],[125.206,-14.672]]],[[[125.278,-14.559],[125.283,-14.554],[125.28,-14.552],[125.278,-14.559]]],[[[124.748,-15.035],[124.752,-15.032],[124.745,-15.035],[124.748,-15.035]]],[[[124.787,-15.008],[124.792,-15.002],[124.784,-15.006],[124.787,-15.008]]],[[[125.174,-14.838],[125.177,-14.841],[125.178,-14.834],[125.174,-14.838]]],[[[125.105,-15.009],[125.11,-15.004],[125.104,-15.005],[125.105,-15.009]]],[[[125.2,-14.85],[125.203,-14.852],[125.206,-14.846],[125.2,-14.85]]],[[[124.986,-14.479],[124.987,-14.473],[124.985,-14.469],[124.986,-14.479]]],[[[125.397,-14.554],[125.392,-14.557],[125.396,-14.557],[125.397,-14.554]]],[[[125.039,-15.171],[125.045,-15.166],[125.042,-15.165],[125.039,-15.171]]],[[[125.133,-14.665],[125.134,-14.661],[125.132,-14.659],[125.133,-14.665]]],[[[125.189,-14.681],[125.193,-14.677],[125.185,-14.68],[125.189,-14.681]]],[[[125.241,-14.613],[125.245,-14.61],[125.238,-14.611],[125.241,-14.613]]],[[[125.449,-14.593],[125.446,-14.586],[125.443,-14.589],[125.449,-14.593]]],[[[125.011,-14.538],[125.016,-14.532],[125.013,-14.53],[125.011,-14.538]]],[[[124.67,-15.276],[124.673,-15.274],[124.666,-15.273],[124.67,-15.276]]],[[[125.023,-14.97],[125.021,-14.965],[125.019,-14.968],[125.023,-14.97]]],[[[125.074,-14.593],[125.074,-14.588],[125.073,-14.599],[125.074,-14.593]]],[[[125.443,-15.141],[125.447,-15.14],[125.439,-15.139],[125.443,-15.141]]],[[[124.677,-15.155],[124.673,-15.152],[124.67,-15.154],[124.677,-15.155]]],[[[124.833,-15.024],[124.837,-15.022],[124.833,-15.02],[124.833,-15.024]]],[[[124.534,-15.114],[124.538,-15.113],[124.538,-15.111],[124.534,-15.114]]],[[[124.771,-14.858],[124.771,-14.854],[124.768,-14.853],[124.771,-14.858]]],[[[125.345,-14.41],[125.342,-14.406],[125.337,-14.407],[125.345,-14.41]]],[[[124.684,-14.914],[124.685,-14.91],[124.681,-14.912],[124.684,-14.914]]],[[[124.719,-14.909],[124.723,-14.906],[124.72,-14.905],[124.719,-14.909]]],[[[124.939,-15.075],[124.94,-15.072],[124.936,-15.071],[124.939,-15.075]]],[[[125.382,-14.337],[125.381,-14.334],[125.378,-14.336],[125.382,-14.337]]],[[[125.412,-14.39],[125.416,-14.389],[125.413,-14.384],[125.412,-14.39]]],[[[124.827,-15.229],[124.829,-15.223],[124.826,-15.223],[124.827,-15.229]]],[[[125.425,-14.597],[125.427,-14.591],[125.424,-14.595],[125.425,-14.597]]],[[[124.969,-14.499],[124.971,-14.496],[124.969,-14.494],[124.969,-14.499]]],[[[125.492,-14.351],[125.496,-14.35],[125.491,-14.348],[125.492,-14.351]]],[[[125.724,-14.45],[125.721,-14.445],[125.719,-14.446],[125.724,-14.45]]],[[[124.978,-14.715],[124.98,-14.713],[124.973,-14.71],[124.978,-14.715]]],[[[125.268,-14.487],[125.265,-14.48],[125.265,-14.482],[125.268,-14.487]]],[[[124.485,-15.231],[124.488,-15.23],[124.481,-15.231],[124.485,-15.231]]],[[[125.318,-14.531],[125.317,-14.526],[125.315,-14.53],[125.318,-14.531]]],[[[125.208,-14.919],[125.215,-14.916],[125.211,-14.916],[125.208,-14.919]]],[[[124.655,-15.172],[124.653,-15.167],[124.652,-15.17],[124.655,-15.172]]],[[[124.537,-15.244],[124.54,-15.24],[124.535,-15.242],[124.537,-15.244]]],[[[125.261,-15.086],[125.264,-15.086],[125.261,-15.082],[125.261,-15.086]]],[[[125.316,-14.567],[125.315,-14.562],[125.314,-14.565],[125.316,-14.567]]],[[[124.572,-15.252],[124.576,-15.249],[124.572,-15.249],[124.572,-15.252]]],[[[125.089,-14.631],[125.094,-14.628],[125.091,-14.626],[125.089,-14.631]]],[[[125.252,-14.607],[125.252,-14.603],[125.248,-14.603],[125.252,-14.607]]],[[[125.523,-14.405],[125.527,-14.406],[125.524,-14.403],[125.523,-14.405]]],[[[125.257,-15.087],[125.259,-15.085],[125.255,-15.086],[125.257,-15.087]]],[[[124.608,-15.033],[124.608,-15.028],[124.606,-15.031],[124.608,-15.033]]],[[[124.89,-14.899],[124.888,-14.899],[124.886,-14.904],[124.89,-14.899]]],[[[125.143,-14.918],[125.143,-14.915],[125.139,-14.913],[125.143,-14.918]]],[[[125.226,-14.583],[125.228,-14.582],[125.223,-14.579],[125.226,-14.583]]],[[[125.251,-14.891],[125.253,-14.889],[125.249,-14.889],[125.251,-14.891]]],[[[125.147,-14.777],[125.148,-14.774],[125.146,-14.771],[125.147,-14.777]]],[[[125.244,-14.49],[125.245,-14.485],[125.243,-14.486],[125.244,-14.49]]],[[[124.493,-15.232],[124.496,-15.228],[124.494,-15.228],[124.493,-15.232]]],[[[124.26,-15.215],[124.262,-15.212],[124.26,-15.21],[124.26,-15.215]]],[[[124.93,-14.545],[124.93,-14.54],[124.928,-14.542],[124.93,-14.545]]],[[[125.204,-14.984],[125.208,-14.981],[125.204,-14.981],[125.204,-14.984]]],[[[124.981,-14.466],[124.983,-14.468],[124.979,-14.462],[124.981,-14.466]]],[[[124.665,-15.153],[124.667,-15.148],[124.665,-15.151],[124.665,-15.153]]],[[[125.777,-14.465],[125.776,-14.46],[125.774,-14.462],[125.777,-14.465]]],[[[125.17,-14.841],[125.171,-14.838],[125.168,-14.839],[125.17,-14.841]]],[[[125.16,-14.962],[125.163,-14.958],[125.161,-14.959],[125.16,-14.962]]],[[[124.725,-14.908],[124.726,-14.904],[124.724,-14.906],[124.725,-14.908]]],[[[125.212,-14.527],[125.21,-14.527],[125.209,-14.53],[125.212,-14.527]]],[[[124.526,-15.232],[124.525,-15.227],[124.524,-15.231],[124.526,-15.232]]],[[[125.092,-14.598],[125.095,-14.596],[125.093,-14.594],[125.092,-14.598]]],[[[125.726,-14.322],[125.729,-14.323],[125.729,-14.32],[125.726,-14.322]]],[[[125.283,-15.03],[125.287,-15.033],[125.283,-15.027],[125.283,-15.03]]],[[[125.426,-14.359],[125.427,-14.356],[125.424,-14.357],[125.426,-14.359]]],[[[125.281,-15.024],[125.284,-15.027],[125.283,-15.023],[125.281,-15.024]]],[[[124.936,-14.539],[124.936,-14.536],[124.934,-14.535],[124.936,-14.539]]],[[[125.198,-14.474],[125.203,-14.47],[125.199,-14.472],[125.198,-14.474]]],[[[125.421,-14.572],[125.421,-14.568],[125.419,-14.567],[125.421,-14.572]]],[[[125.689,-14.461],[125.692,-14.46],[125.692,-14.458],[125.689,-14.461]]],[[[124.813,-15.228],[124.817,-15.226],[124.815,-15.226],[124.813,-15.228]]],[[[124.923,-14.514],[124.924,-14.513],[124.92,-14.51],[124.923,-14.514]]],[[[125.404,-14.422],[125.406,-14.42],[125.403,-14.419],[125.404,-14.422]]],[[[125.202,-14.683],[125.203,-14.686],[125.202,-14.68],[125.202,-14.683]]],[[[125.464,-14.536],[125.466,-14.533],[125.462,-14.536],[125.464,-14.536]]],[[[125.217,-14.941],[125.221,-14.942],[125.219,-14.94],[125.217,-14.941]]],[[[124.414,-15.254],[124.419,-15.252],[124.415,-15.252],[124.414,-15.254]]],[[[125.227,-14.634],[125.226,-14.63],[125.226,-14.633],[125.227,-14.634]]],[[[124.956,-14.407],[124.958,-14.402],[124.956,-14.403],[124.956,-14.407]]],[[[125.248,-14.539],[125.25,-14.537],[125.247,-14.536],[125.248,-14.539]]],[[[125.098,-14.989],[125.097,-14.985],[125.096,-14.987],[125.098,-14.989]]],[[[125.295,-15.057],[125.295,-15.054],[125.293,-15.053],[125.295,-15.057]]],[[[124.38,-15.234],[124.382,-15.233],[124.381,-15.23],[124.38,-15.234]]],[[[125.211,-14.873],[125.211,-14.87],[125.209,-14.869],[125.211,-14.873]]],[[[125.193,-14.692],[125.194,-14.69],[125.192,-14.69],[125.193,-14.692]]],[[[124.909,-15.106],[124.91,-15.105],[124.907,-15.102],[124.909,-15.106]]],[[[125.181,-14.824],[125.183,-14.824],[125.18,-14.821],[125.181,-14.824]]],[[[125.417,-14.364],[125.418,-14.363],[125.417,-14.36],[125.417,-14.364]]],[[[125.174,-14.796],[125.175,-14.793],[125.174,-14.792],[125.174,-14.796]]],[[[125.065,-14.644],[125.067,-14.643],[125.066,-14.64],[125.065,-14.644]]],[[[124.72,-15.078],[124.721,-15.073],[124.719,-15.075],[124.72,-15.078]]],[[[125.317,-14.516],[125.318,-14.513],[125.315,-14.514],[125.317,-14.516]]],[[[125.25,-15.032],[125.255,-15.029],[125.253,-15.03],[125.25,-15.032]]],[[[125.182,-14.963],[125.185,-14.96],[125.182,-14.96],[125.182,-14.963]]],[[[125.274,-14.99],[125.278,-14.989],[125.276,-14.988],[125.274,-14.99]]],[[[125.212,-14.612],[125.211,-14.608],[125.21,-14.61],[125.212,-14.612]]],[[[124.908,-14.923],[124.908,-14.92],[124.906,-14.922],[124.908,-14.923]]],[[[125.945,-14.327],[125.943,-14.324],[125.942,-14.325],[125.945,-14.327]]],[[[125.345,-14.51],[125.347,-14.509],[125.345,-14.508],[125.345,-14.51]]],[[[125.241,-14.509],[125.243,-14.506],[125.241,-14.508],[125.241,-14.509]]],[[[125.168,-14.628],[125.17,-14.628],[125.169,-14.626],[125.168,-14.628]]],[[[125.183,-14.83],[125.183,-14.825],[125.182,-14.829],[125.183,-14.83]]],[[[125.278,-14.426],[125.279,-14.423],[125.278,-14.424],[125.278,-14.426]]],[[[125.255,-14.655],[125.257,-14.652],[125.254,-14.653],[125.255,-14.655]]],[[[124.486,-15.209],[124.487,-15.205],[124.485,-15.208],[124.486,-15.209]]],[[[125.677,-14.385],[125.68,-14.381],[125.678,-14.383],[125.677,-14.385]]],[[[124.679,-14.933],[124.681,-14.931],[124.68,-14.929],[124.679,-14.933]]],[[[125.414,-14.563],[125.415,-14.56],[125.413,-14.562],[125.414,-14.563]]],[[[125.248,-14.485],[125.247,-14.481],[125.246,-14.482],[125.248,-14.485]]],[[[124.571,-14.99],[124.571,-14.987],[124.569,-14.989],[124.571,-14.99]]],[[[125.589,-14.336],[125.588,-14.333],[125.587,-14.335],[125.589,-14.336]]],[[[125.23,-15.001],[125.233,-14.999],[125.23,-14.999],[125.23,-15.001]]],[[[124.827,-15.013],[124.828,-15.012],[124.826,-15.01],[124.827,-15.013]]],[[[125.369,-14.577],[125.371,-14.575],[125.369,-14.573],[125.369,-14.577]]],[[[125.342,-15.08],[125.342,-15.078],[125.339,-15.077],[125.342,-15.08]]],[[[124.675,-14.937],[124.677,-14.935],[124.675,-14.934],[124.675,-14.937]]],[[[124.932,-14.912],[124.93,-14.907],[124.93,-14.909],[124.932,-14.912]]],[[[125.395,-14.402],[125.395,-14.399],[125.394,-14.401],[125.395,-14.402]]],[[[125.18,-14.831],[125.181,-14.828],[125.179,-14.829],[125.18,-14.831]]],[[[125.276,-14.985],[125.274,-14.987],[125.275,-14.988],[125.276,-14.985]]],[[[126.053,-14.35],[126.056,-14.348],[126.054,-14.348],[126.053,-14.35]]],[[[125.149,-14.922],[125.15,-14.919],[125.148,-14.92],[125.149,-14.922]]],[[[124.94,-15.062],[124.943,-15.06],[124.942,-15.058],[124.94,-15.062]]],[[[124.535,-14.99],[124.536,-14.988],[124.534,-14.987],[124.535,-14.99]]],[[[124.659,-15.169],[124.66,-15.167],[124.657,-15.168],[124.659,-15.169]]],[[[124.938,-14.916],[124.934,-14.913],[124.934,-14.914],[124.938,-14.916]]],[[[125.22,-14.455],[125.22,-14.452],[125.218,-14.453],[125.22,-14.455]]],[[[124.754,-14.99],[124.754,-14.989],[124.751,-14.989],[124.754,-14.99]]],[[[125.422,-14.574],[125.424,-14.574],[125.423,-14.571],[125.422,-14.574]]],[[[125.351,-15.123],[125.351,-15.121],[125.349,-15.122],[125.351,-15.123]]],[[[125.186,-14.82],[125.185,-14.816],[125.184,-14.818],[125.186,-14.82]]],[[[125.141,-14.525],[125.144,-14.525],[125.141,-14.523],[125.141,-14.525]]],[[[124.517,-15.119],[124.519,-15.116],[124.517,-15.117],[124.517,-15.119]]],[[[125.423,-14.405],[125.423,-14.403],[125.421,-14.403],[125.423,-14.405]]],[[[125.155,-14.645],[125.154,-14.641],[125.154,-14.643],[125.155,-14.645]]],[[[124.657,-15.167],[124.655,-15.165],[124.654,-15.165],[124.657,-15.167]]],[[[125.019,-15.208],[125.018,-15.205],[125.018,-15.207],[125.019,-15.208]]],[[[124.424,-15.253],[124.426,-15.251],[124.424,-15.252],[124.424,-15.253]]],[[[125.153,-14.784],[125.153,-14.781],[125.152,-14.783],[125.153,-14.784]]],[[[125.315,-14.888],[125.316,-14.886],[125.314,-14.885],[125.315,-14.888]]],[[[124.697,-15.204],[124.698,-15.202],[124.696,-15.203],[124.697,-15.204]]],[[[125.145,-14.772],[125.145,-14.768],[125.144,-14.77],[125.145,-14.772]]],[[[125.204,-14.876],[125.206,-14.875],[125.203,-14.874],[125.204,-14.876]]],[[[124.602,-15.022],[124.602,-15.021],[124.601,-15.018],[124.602,-15.022]]],[[[125.181,-15.04],[125.183,-15.038],[125.182,-15.037],[125.181,-15.04]]],[[[125.331,-15.052],[125.332,-15.05],[125.33,-15.048],[125.331,-15.052]]],[[[125.273,-15.084],[125.273,-15.082],[125.271,-15.082],[125.273,-15.084]]],[[[125.282,-15.0],[125.283,-14.998],[125.282,-14.997],[125.282,-15.0]]],[[[125.018,-14.788],[125.019,-14.785],[125.016,-14.788],[125.018,-14.788]]],[[[125.144,-14.78],[125.146,-14.779],[125.145,-14.777],[125.144,-14.78]]],[[[124.462,-15.232],[124.463,-15.23],[124.462,-15.231],[124.462,-15.232]]],[[[125.474,-14.421],[125.476,-14.421],[125.475,-14.42],[125.474,-14.421]]],[[[125.13,-14.484],[125.131,-14.482],[125.13,-14.48],[125.13,-14.484]]],[[[125.286,-14.433],[125.287,-14.43],[125.286,-14.432],[125.286,-14.433]]],[[[125.15,-14.464],[125.151,-14.463],[125.149,-14.461],[125.15,-14.464]]],[[[125.165,-14.79],[125.165,-14.788],[125.164,-14.786],[125.165,-14.79]]],[[[124.668,-15.156],[124.669,-15.155],[124.667,-15.153],[124.668,-15.156]]],[[[125.723,-14.436],[125.724,-14.434],[125.722,-14.433],[125.723,-14.436]]],[[[125.214,-14.943],[125.213,-14.94],[125.212,-14.942],[125.214,-14.943]]],[[[125.136,-14.539],[125.138,-14.537],[125.136,-14.537],[125.136,-14.539]]],[[[125.414,-14.53],[125.415,-14.527],[125.413,-14.529],[125.414,-14.53]]],[[[124.616,-15.023],[124.616,-15.021],[124.615,-15.02],[124.616,-15.023]]],[[[125.191,-14.472],[125.192,-14.47],[125.19,-14.471],[125.191,-14.472]]],[[[125.167,-14.626],[125.168,-14.625],[125.168,-14.623],[125.167,-14.626]]],[[[125.03,-14.439],[125.033,-14.438],[125.031,-14.438],[125.03,-14.439]]],[[[125.722,-14.315],[125.724,-14.314],[125.723,-14.313],[125.722,-14.315]]],[[[125.413,-14.544],[125.415,-14.543],[125.415,-14.541],[125.413,-14.544]]],[[[125.193,-14.973],[125.194,-14.971],[125.193,-14.97],[125.193,-14.973]]],[[[125.25,-14.985],[125.251,-14.986],[125.252,-14.984],[125.25,-14.985]]],[[[125.151,-14.781],[125.152,-14.78],[125.151,-14.778],[125.151,-14.781]]],[[[125.472,-15.004],[125.472,-15.003],[125.47,-15.002],[125.472,-15.004]]],[[[125.073,-14.574],[125.074,-14.57],[125.073,-14.572],[125.073,-14.574]]],[[[125.261,-14.98],[125.262,-14.98],[125.262,-14.978],[125.261,-14.98]]],[[[124.604,-15.262],[124.605,-15.259],[124.604,-15.26],[124.604,-15.262]]],[[[125.656,-14.395],[125.657,-14.395],[125.657,-14.393],[125.656,-14.395]]],[[[125.663,-14.4],[125.664,-14.398],[125.663,-14.399],[125.663,-14.4]]],[[[124.59,-15.256],[124.59,-15.255],[124.59,-15.254],[124.59,-15.256]]],[[[125.703,-14.493],[125.704,-14.49],[125.703,-14.492],[125.703,-14.493]]],[[[125.192,-14.949],[125.193,-14.949],[125.192,-14.947],[125.192,-14.949]]],[[[124.816,-14.966],[124.816,-14.963],[124.815,-14.966],[124.816,-14.966]]],[[[125.378,-14.505],[125.377,-14.504],[125.376,-14.504],[125.378,-14.505]]],[[[125.125,-15.084],[125.126,-15.082],[125.125,-15.082],[125.125,-15.084]]],[[[124.94,-14.917],[124.94,-14.915],[124.939,-14.914],[124.94,-14.917]]],[[[124.928,-14.906],[124.929,-14.905],[124.928,-14.905],[124.928,-14.906]]],[[[125.129,-14.67],[125.129,-14.668],[125.128,-14.668],[125.129,-14.67]]],[[[125.68,-14.361],[125.681,-14.359],[125.679,-14.36],[125.68,-14.361]]],[[[125.105,-14.503],[125.105,-14.499],[125.105,-14.501],[125.105,-14.503]]],[[[124.326,-15.062],[124.327,-15.06],[124.326,-15.061],[124.326,-15.062]]],[[[124.823,-14.968],[124.825,-14.966],[124.823,-14.967],[124.823,-14.968]]],[[[125.978,-14.391],[125.98,-14.391],[125.98,-14.39],[125.978,-14.391]]],[[[125.242,-14.673],[125.243,-14.671],[125.242,-14.67],[125.242,-14.673]]],[[[125.238,-14.411],[125.24,-14.41],[125.238,-14.41],[125.238,-14.411]]],[[[125.133,-14.919],[125.133,-14.917],[125.131,-14.918],[125.133,-14.919]]],[[[125.13,-14.645],[125.132,-14.643],[125.131,-14.642],[125.13,-14.645]]],[[[124.7,-15.259],[124.699,-15.257],[124.7,-15.26],[124.7,-15.259]]],[[[125.926,-14.648],[125.928,-14.647],[125.926,-14.647],[125.926,-14.648]]],[[[125.487,-14.482],[125.489,-14.48],[125.487,-14.481],[125.487,-14.482]]],[[[125.406,-14.398],[125.404,-14.396],[125.404,-14.397],[125.406,-14.398]]],[[[125.315,-14.335],[125.316,-14.334],[125.314,-14.334],[125.315,-14.335]]],[[[124.502,-15.135],[124.504,-15.133],[124.502,-15.135],[124.502,-15.135]]],[[[124.837,-15.028],[124.838,-15.025],[124.837,-15.028],[124.837,-15.028]]],[[[125.719,-14.422],[125.719,-14.421],[125.718,-14.419],[125.719,-14.422]]],[[[125.19,-14.46],[125.19,-14.457],[125.189,-14.46],[125.19,-14.46]]],[[[125.361,-14.51],[125.361,-14.51],[125.359,-14.509],[125.361,-14.51]]],[[[124.7,-15.196],[124.702,-15.194],[124.7,-15.194],[124.7,-15.196]]],[[[125.512,-14.422],[125.512,-14.421],[125.511,-14.422],[125.512,-14.422]]],[[[126.022,-14.451],[126.023,-14.45],[126.021,-14.451],[126.022,-14.451]]],[[[125.274,-14.925],[125.274,-14.924],[125.272,-14.924],[125.274,-14.925]]],[[[125.38,-14.333],[125.381,-14.331],[125.379,-14.333],[125.38,-14.333]]],[[[125.271,-14.926],[125.272,-14.926],[125.272,-14.925],[125.271,-14.926]]],[[[124.729,-15.271],[124.73,-15.27],[124.728,-15.269],[124.729,-15.271]]],[[[125.511,-14.437],[125.512,-14.436],[125.51,-14.436],[125.511,-14.437]]],[[[125.388,-14.568],[125.388,-14.566],[125.387,-14.567],[125.388,-14.568]]],[[[125.207,-14.576],[125.206,-14.574],[125.206,-14.575],[125.207,-14.576]]],[[[124.886,-15.026],[124.887,-15.025],[124.885,-15.024],[124.886,-15.026]]],[[[124.513,-15.122],[124.512,-15.124],[124.514,-15.123],[124.513,-15.122]]],[[[125.319,-14.396],[125.319,-14.395],[125.318,-14.395],[125.319,-14.396]]],[[[125.344,-15.082],[125.344,-15.081],[125.343,-15.08],[125.344,-15.082]]],[[[125.021,-15.212],[125.021,-15.211],[125.02,-15.211],[125.021,-15.212]]],[[[125.401,-14.477],[125.402,-14.476],[125.401,-14.476],[125.401,-14.477]]],[[[125.683,-14.386],[125.685,-14.386],[125.685,-14.385],[125.683,-14.386]]],[[[124.527,-15.24],[124.528,-15.238],[124.527,-15.238],[124.527,-15.24]]],[[[125.197,-15.122],[125.198,-15.12],[125.196,-15.122],[125.197,-15.122]]],[[[124.932,-14.539],[124.932,-14.538],[124.93,-14.539],[124.932,-14.539]]],[[[125.199,-14.694],[125.199,-14.693],[125.198,-14.694],[125.199,-14.694]]],[[[124.848,-14.997],[124.849,-14.996],[124.849,-14.995],[124.848,-14.997]]],[[[125.18,-14.835],[125.179,-14.834],[125.179,-14.835],[125.18,-14.835]]],[[[124.962,-15.075],[124.961,-15.077],[124.961,-15.077],[124.962,-15.075]]],[[[125.889,-14.574],[125.889,-14.573],[125.888,-14.573],[125.889,-14.574]]],[[[125.148,-14.461],[125.148,-14.46],[125.146,-14.461],[125.148,-14.461]]],[[[125.245,-14.647],[125.243,-14.645],[125.243,-14.646],[125.245,-14.647]]],[[[124.863,-15.275],[124.863,-15.274],[124.863,-15.274],[124.863,-15.275]]],[[[125.038,-14.804],[125.038,-14.802],[125.037,-14.803],[125.038,-14.804]]],[[[125.022,-14.536],[125.023,-14.535],[125.022,-14.534],[125.022,-14.536]]],[[[125.128,-14.674],[125.128,-14.673],[125.127,-14.673],[125.128,-14.674]]],[[[125.121,-14.509],[125.121,-14.508],[125.12,-14.509],[125.121,-14.509]]],[[[125.189,-14.472],[125.189,-14.471],[125.188,-14.471],[125.189,-14.472]]],[[[125.184,-14.85],[125.185,-14.849],[125.184,-14.849],[125.184,-14.85]]],[[[124.922,-14.951],[124.923,-14.95],[124.922,-14.949],[124.922,-14.951]]],[[[124.771,-15.019],[124.771,-15.017],[124.77,-15.018],[124.771,-15.019]]],[[[124.983,-15.174],[124.984,-15.172],[124.983,-15.172],[124.983,-15.174]]],[[[125.75,-14.426],[125.75,-14.425],[125.749,-14.426],[125.75,-14.426]]],[[[124.981,-15.178],[124.983,-15.177],[124.98,-15.178],[124.981,-15.178]]],[[[125.214,-14.46],[125.216,-14.459],[125.214,-14.459],[125.214,-14.46]]],[[[125.533,-14.448],[125.535,-14.448],[125.532,-14.448],[125.533,-14.448]]],[[[125.886,-14.623],[125.885,-14.622],[125.885,-14.623],[125.886,-14.623]]],[[[124.701,-15.211],[124.702,-15.21],[124.701,-15.209],[124.701,-15.211]]],[[[125.123,-14.758],[125.123,-14.757],[125.122,-14.756],[125.123,-14.758]]],[[[125.162,-15.092],[125.161,-15.091],[125.161,-15.092],[125.162,-15.092]]],[[[125.279,-14.988],[125.28,-14.988],[125.278,-14.988],[125.279,-14.988]]],[[[125.175,-14.845],[125.174,-14.843],[125.173,-14.844],[125.175,-14.845]]],[[[125.684,-14.379],[125.684,-14.378],[125.683,-14.378],[125.684,-14.379]]],[[[124.781,-14.931],[124.781,-14.931],[124.78,-14.93],[124.781,-14.931]]],[[[125.38,-14.33],[125.381,-14.329],[125.38,-14.328],[125.38,-14.33]]],[[[125.424,-14.571],[125.424,-14.569],[125.423,-14.569],[125.424,-14.571]]],[[[124.973,-15.215],[124.974,-15.214],[124.972,-15.213],[124.973,-15.215]]],[[[125.27,-14.973],[125.269,-14.973],[125.269,-14.975],[125.27,-14.973]]],[[[125.491,-14.428],[125.492,-14.426],[125.491,-14.427],[125.491,-14.428]]],[[[125.441,-14.532],[125.441,-14.531],[125.44,-14.531],[125.441,-14.532]]],[[[124.937,-14.927],[124.937,-14.925],[124.936,-14.926],[124.937,-14.927]]],[[[125.414,-14.377],[125.415,-14.376],[125.414,-14.376],[125.414,-14.377]]],[[[125.469,-14.565],[125.468,-14.563],[125.467,-14.564],[125.469,-14.565]]],[[[125.009,-14.475],[125.009,-14.474],[125.008,-14.475],[125.009,-14.475]]],[[[125.719,-14.446],[125.719,-14.445],[125.718,-14.444],[125.719,-14.446]]],[[[125.033,-14.651],[125.034,-14.65],[125.033,-14.649],[125.033,-14.651]]],[[[125.209,-14.466],[125.21,-14.465],[125.209,-14.465],[125.209,-14.466]]],[[[124.503,-15.132],[124.504,-15.131],[124.502,-15.132],[124.503,-15.132]]],[[[125.587,-14.357],[125.587,-14.356],[125.587,-14.355],[125.587,-14.357]]],[[[125.415,-14.558],[125.415,-14.557],[125.414,-14.558],[125.415,-14.558]]],[[[125.558,-14.534],[125.558,-14.531],[125.558,-14.532],[125.558,-14.534]]],[[[124.539,-15.228],[124.54,-15.226],[124.539,-15.227],[124.539,-15.228]]],[[[124.549,-15.163],[124.549,-15.162],[124.548,-15.162],[124.549,-15.163]]],[[[125.192,-14.477],[125.193,-14.476],[125.192,-14.475],[125.192,-14.477]]],[[[125.094,-14.588],[125.094,-14.586],[125.093,-14.586],[125.094,-14.588]]],[[[125.756,-14.326],[125.756,-14.325],[125.754,-14.325],[125.756,-14.326]]],[[[124.598,-15.01],[124.597,-15.009],[124.596,-15.008],[124.598,-15.01]]],[[[125.244,-14.913],[125.244,-14.911],[125.243,-14.912],[125.244,-14.913]]],[[[125.142,-14.756],[125.143,-14.755],[125.142,-14.754],[125.142,-14.756]]],[[[125.192,-14.464],[125.193,-14.463],[125.191,-14.463],[125.192,-14.464]]],[[[125.193,-14.477],[125.194,-14.476],[125.193,-14.476],[125.193,-14.477]]],[[[125.218,-14.87],[125.219,-14.869],[125.218,-14.869],[125.218,-14.87]]],[[[125.256,-14.393],[125.257,-14.392],[125.255,-14.393],[125.256,-14.393]]],[[[125.189,-14.565],[125.19,-14.564],[125.188,-14.563],[125.189,-14.565]]],[[[125.322,-15.149],[125.321,-15.148],[125.321,-15.149],[125.322,-15.149]]],[[[125.218,-14.462],[125.219,-14.461],[125.218,-14.46],[125.218,-14.462]]],[[[125.133,-14.751],[125.133,-14.749],[125.132,-14.75],[125.133,-14.751]]],[[[125.126,-14.763],[125.126,-14.763],[125.126,-14.762],[125.126,-14.763]]],[[[125.153,-14.787],[125.153,-14.786],[125.153,-14.786],[125.153,-14.787]]],[[[125.224,-15.107],[125.224,-15.106],[125.223,-15.105],[125.224,-15.107]]],[[[126.024,-14.524],[126.024,-14.523],[126.023,-14.523],[126.024,-14.524]]],[[[125.364,-14.58],[125.365,-14.58],[125.363,-14.58],[125.364,-14.58]]],[[[125.595,-14.561],[125.595,-14.56],[125.594,-14.56],[125.595,-14.561]]],[[[125.095,-14.648],[125.095,-14.647],[125.094,-14.647],[125.095,-14.648]]],[[[125.284,-14.916],[125.286,-14.916],[125.284,-14.915],[125.284,-14.916]]],[[[125.157,-14.772],[125.157,-14.771],[125.156,-14.77],[125.157,-14.772]]],[[[125.202,-14.544],[125.202,-14.542],[125.201,-14.543],[125.202,-14.544]]],[[[125.685,-14.421],[125.686,-14.421],[125.685,-14.42],[125.685,-14.421]]],[[[126.01,-14.519],[126.01,-14.518],[126.009,-14.518],[126.01,-14.519]]],[[[125.231,-14.966],[125.23,-14.965],[125.23,-14.966],[125.231,-14.966]]],[[[125.418,-14.563],[125.419,-14.562],[125.418,-14.561],[125.418,-14.563]]],[[[125.203,-14.484],[125.204,-14.482],[125.203,-14.484],[125.203,-14.484]]],[[[125.269,-14.641],[125.268,-14.64],[125.268,-14.641],[125.269,-14.641]]],[[[125.488,-14.518],[125.489,-14.517],[125.488,-14.517],[125.488,-14.518]]],[[[125.232,-14.97],[125.231,-14.969],[125.231,-14.969],[125.232,-14.97]]],[[[125.187,-14.463],[125.186,-14.461],[125.186,-14.462],[125.187,-14.463]]],[[[124.734,-15.221],[124.735,-15.219],[124.734,-15.221],[124.734,-15.221]]],[[[125.232,-14.918],[125.231,-14.917],[125.231,-14.917],[125.232,-14.918]]],[[[125.186,-14.469],[125.186,-14.467],[125.185,-14.468],[125.186,-14.469]]],[[[125.238,-14.412],[125.237,-14.411],[125.237,-14.412],[125.238,-14.412]]],[[[124.887,-14.889],[124.888,-14.888],[124.887,-14.888],[124.887,-14.889]]],[[[125.316,-14.462],[125.316,-14.462],[125.315,-14.461],[125.316,-14.462]]],[[[125.293,-14.571],[125.293,-14.57],[125.292,-14.57],[125.293,-14.571]]],[[[125.09,-14.638],[125.09,-14.637],[125.089,-14.637],[125.09,-14.638]]],[[[125.129,-14.672],[125.13,-14.672],[125.129,-14.672],[125.129,-14.672]]],[[[125.258,-14.649],[125.259,-14.648],[125.258,-14.648],[125.258,-14.649]]],[[[125.057,-15.179],[125.057,-15.178],[125.056,-15.179],[125.057,-15.179]]],[[[125.277,-14.655],[125.278,-14.654],[125.277,-14.653],[125.277,-14.655]]],[[[125.278,-15.084],[125.278,-15.084],[125.277,-15.083],[125.278,-15.084]]],[[[124.603,-15.03],[124.604,-15.029],[124.603,-15.029],[124.603,-15.03]]],[[[124.966,-14.488],[124.966,-14.487],[124.966,-14.488],[124.966,-14.488]]],[[[125.664,-14.402],[125.664,-14.401],[125.664,-14.401],[125.664,-14.402]]],[[[125.39,-14.565],[125.39,-14.564],[125.389,-14.565],[125.39,-14.565]]],[[[125.168,-14.842],[125.169,-14.841],[125.167,-14.841],[125.168,-14.842]]],[[[125.132,-14.478],[125.132,-14.476],[125.132,-14.476],[125.132,-14.478]]],[[[125.68,-14.385],[125.679,-14.384],[125.679,-14.384],[125.68,-14.385]]],[[[125.266,-14.646],[125.266,-14.645],[125.265,-14.645],[125.266,-14.646]]],[[[125.221,-15.121],[125.222,-15.12],[125.22,-15.121],[125.221,-15.121]]],[[[125.177,-14.849],[125.177,-14.849],[125.176,-14.849],[125.177,-14.849]]],[[[124.967,-15.121],[124.968,-15.12],[124.967,-15.119],[124.967,-15.121]]],[[[125.377,-14.572],[125.378,-14.571],[125.377,-14.57],[125.377,-14.572]]],[[[125.281,-14.87],[125.281,-14.869],[125.281,-14.869],[125.281,-14.87]]],[[[125.189,-14.945],[125.19,-14.944],[125.189,-14.945],[125.189,-14.945]]],[[[125.15,-14.742],[125.15,-14.74],[125.15,-14.741],[125.15,-14.742]]],[[[125.038,-14.932],[125.038,-14.932],[125.038,-14.931],[125.038,-14.932]]],[[[125.188,-14.629],[125.188,-14.628],[125.188,-14.628],[125.188,-14.629]]],[[[125.739,-14.318],[125.739,-14.317],[125.739,-14.317],[125.739,-14.318]]],[[[125.15,-14.47],[125.149,-14.469],[125.149,-14.469],[125.15,-14.47]]],[[[125.186,-14.858],[125.187,-14.858],[125.186,-14.857],[125.186,-14.858]]],[[[126.022,-14.519],[126.022,-14.518],[126.021,-14.518],[126.022,-14.519]]],[[[125.188,-14.46],[125.188,-14.459],[125.187,-14.46],[125.188,-14.46]]],[[[125.154,-14.468],[125.155,-14.467],[125.154,-14.467],[125.154,-14.468]]],[[[125.189,-14.806],[125.189,-14.804],[125.188,-14.805],[125.189,-14.806]]],[[[125.258,-15.029],[125.258,-15.029],[125.257,-15.029],[125.258,-15.029]]],[[[124.806,-15.237],[124.806,-15.236],[124.806,-15.235],[124.806,-15.237]]],[[[125.34,-15.143],[125.341,-15.143],[125.34,-15.142],[125.34,-15.143]]],[[[124.42,-15.233],[124.42,-15.233],[124.419,-15.232],[124.42,-15.233]]],[[[124.883,-14.902],[124.882,-14.901],[124.882,-14.901],[124.883,-14.902]]],[[[125.153,-14.465],[125.153,-14.464],[125.152,-14.464],[125.153,-14.465]]],[[[124.369,-15.235],[124.37,-15.234],[124.369,-15.234],[124.369,-15.235]]],[[[125.129,-14.92],[125.13,-14.919],[125.129,-14.92],[125.129,-14.92]]],[[[125.492,-14.409],[125.492,-14.408],[125.492,-14.409],[125.492,-14.409]]],[[[125.131,-14.48],[125.131,-14.48],[125.131,-14.479],[125.131,-14.48]]],[[[125.2,-14.543],[125.2,-14.542],[125.2,-14.543],[125.2,-14.543]]],[[[125.172,-14.646],[125.171,-14.645],[125.171,-14.646],[125.172,-14.646]]],[[[124.958,-15.107],[124.959,-15.106],[124.959,-15.106],[124.958,-15.107]]],[[[125.169,-15.024],[125.17,-15.024],[125.169,-15.023],[125.169,-15.024]]],[[[125.133,-14.479],[125.133,-14.478],[125.132,-14.478],[125.133,-14.479]]],[[[125.973,-14.528],[125.974,-14.527],[125.973,-14.527],[125.973,-14.528]]],[[[124.428,-15.256],[124.428,-15.256],[124.427,-15.255],[124.428,-15.256]]],[[[125.299,-14.917],[125.299,-14.916],[125.298,-14.917],[125.299,-14.917]]],[[[125.509,-14.457],[125.509,-14.456],[125.508,-14.457],[125.509,-14.457]]],[[[125.156,-14.469],[125.156,-14.468],[125.155,-14.468],[125.156,-14.469]]],[[[125.275,-14.589],[125.275,-14.587],[125.274,-14.588],[125.275,-14.589]]],[[[124.967,-14.493],[124.967,-14.491],[124.967,-14.492],[124.967,-14.493]]],[[[125.717,-14.449],[125.718,-14.448],[125.717,-14.449],[125.717,-14.449]]],[[[125.435,-14.634],[125.435,-14.632],[125.435,-14.633],[125.435,-14.634]]],[[[125.211,-14.671],[125.211,-14.671],[125.21,-14.671],[125.211,-14.671]]],[[[126.062,-14.357],[126.063,-14.356],[126.062,-14.357],[126.062,-14.357]]],[[[125.273,-14.871],[125.273,-14.87],[125.272,-14.87],[125.273,-14.871]]],[[[124.92,-14.523],[124.921,-14.522],[124.921,-14.522],[124.92,-14.523]]],[[[125.252,-14.656],[125.253,-14.655],[125.252,-14.656],[125.252,-14.656]]],[[[124.799,-15.257],[124.799,-15.255],[124.799,-15.256],[124.799,-15.257]]],[[[125.163,-15.096],[125.164,-15.096],[125.163,-15.095],[125.163,-15.096]]],[[[125.144,-14.674],[125.144,-14.673],[125.143,-14.673],[125.144,-14.674]]],[[[124.815,-15.21],[124.816,-15.21],[124.815,-15.209],[124.815,-15.21]]],[[[124.541,-15.225],[124.541,-15.224],[124.54,-15.223],[124.541,-15.225]]],[[[125.135,-15.057],[125.135,-15.056],[125.135,-15.056],[125.135,-15.057]]],[[[124.412,-15.254],[124.412,-15.253],[124.412,-15.254],[124.412,-15.254]]],[[[124.534,-15.274],[124.534,-15.274],[124.533,-15.274],[124.534,-15.274]]],[[[124.943,-15.064],[124.943,-15.063],[124.942,-15.063],[124.943,-15.064]]],[[[125.171,-15.099],[125.171,-15.099],[125.17,-15.098],[125.171,-15.099]]],[[[126.042,-14.504],[126.042,-14.503],[126.041,-14.503],[126.042,-14.504]]],[[[125.957,-14.514],[125.958,-14.513],[125.958,-14.513],[125.957,-14.514]]],[[[124.919,-15.248],[124.919,-15.247],[124.918,-15.247],[124.919,-15.248]]],[[[124.425,-15.255],[124.425,-15.254],[124.425,-15.255],[124.425,-15.255]]],[[[124.911,-15.232],[124.911,-15.231],[124.911,-15.232],[124.911,-15.232]]],[[[125.346,-15.083],[125.346,-15.082],[125.346,-15.082],[125.346,-15.083]]],[[[125.322,-15.151],[125.323,-15.151],[125.322,-15.15],[125.322,-15.151]]],[[[124.602,-15.015],[124.603,-15.015],[124.602,-15.015],[124.602,-15.015]]],[[[124.746,-15.032],[124.747,-15.032],[124.746,-15.031],[124.746,-15.032]]],[[[125.155,-15.028],[125.155,-15.027],[125.154,-15.027],[125.155,-15.028]]],[[[124.798,-15.257],[124.798,-15.256],[124.798,-15.257],[124.798,-15.257]]],[[[125.341,-15.145],[125.341,-15.144],[125.34,-15.144],[125.341,-15.145]]],[[[124.95,-15.093],[124.95,-15.093],[124.949,-15.093],[124.95,-15.093]]],[[[125.144,-15.049],[125.145,-15.049],[125.145,-15.049],[125.144,-15.049]]],[[[125.238,-15.081],[125.239,-15.08],[125.238,-15.08],[125.238,-15.081]]],[[[124.926,-15.233],[124.926,-15.233],[124.926,-15.232],[124.926,-15.233]]],[[[124.726,-15.224],[124.726,-15.223],[124.726,-15.223],[124.726,-15.224]]],[[[124.865,-15.142],[124.865,-15.142],[124.864,-15.142],[124.865,-15.142]]],[[[124.721,-15.079],[124.721,-15.078],[124.72,-15.078],[124.721,-15.079]]],[[[125.143,-15.111],[125.143,-15.11],[125.143,-15.111],[125.143,-15.111]]],[[[124.972,-15.203],[124.973,-15.202],[124.972,-15.202],[124.972,-15.203]]],[[[125.144,-15.112],[125.144,-15.111],[125.144,-15.111],[125.144,-15.112]]],[[[124.617,-15.021],[124.618,-15.02],[124.617,-15.02],[124.617,-15.021]]],[[[124.884,-15.261],[124.884,-15.26],[124.884,-15.26],[124.884,-15.261]]],[[[125.149,-15.052],[125.148,-15.051],[125.148,-15.052],[125.149,-15.052]]],[[[126.009,-14.282],[125.987,-14.289],[125.985,-14.313],[126.022,-14.353],[126.023,-14.328],[126.047,-14.328],[126.023,-14.3],[126.004,-14.303],[126.009,-14.282]]],[[[126.009,-14.236],[125.993,-14.244],[126.043,-14.233],[126.009,-14.236]]],[[[125.289,-14.278],[125.299,-14.294],[125.311,-14.279],[125.289,-14.278]]],[[[125.316,-14.273],[125.32,-14.264],[125.314,-14.261],[125.316,-14.273]]],[[[125.316,-14.297],[125.31,-14.304],[125.321,-14.3],[125.316,-14.297]]],[[[125.826,-14.267],[125.831,-14.266],[125.828,-14.254],[125.826,-14.267]]],[[[125.311,-14.261],[125.308,-14.255],[125.308,-14.263],[125.311,-14.261]]],[[[125.839,-14.281],[125.84,-14.277],[125.838,-14.28],[125.839,-14.281]]],[[[125.311,-14.297],[125.314,-14.293],[125.312,-14.295],[125.311,-14.297]]],[[[125.307,-14.299],[125.309,-14.296],[125.307,-14.296],[125.307,-14.299]]],[[[125.724,-14.279],[125.726,-14.278],[125.724,-14.277],[125.724,-14.279]]],[[[125.313,-14.272],[125.314,-14.27],[125.313,-14.268],[125.313,-14.272]]],[[[125.322,-14.242],[125.322,-14.241],[125.32,-14.24],[125.322,-14.242]]],[[[125.679,-14.28],[125.678,-14.278],[125.677,-14.279],[125.679,-14.28]]],[[[125.669,-14.288],[125.67,-14.286],[125.668,-14.288],[125.669,-14.288]]],[[[125.636,-14.241],[125.636,-14.24],[125.635,-14.24],[125.636,-14.241]]],[[[125.306,-14.296],[125.306,-14.295],[125.305,-14.295],[125.306,-14.296]]],[[[123.59,-17.572],[123.587,-17.569],[123.588,-17.577],[123.59,-17.572]]],[[[123.504,-17.402],[123.482,-17.374],[123.489,-17.39],[123.504,-17.402]]],[[[123.585,-17.344],[123.587,-17.343],[123.585,-17.342],[123.585,-17.344]]],[[[123.523,-17.435],[123.523,-17.433],[123.523,-17.434],[123.523,-17.435]]],[[[123.45,-17.34],[123.458,-17.336],[123.444,-17.324],[123.45,-17.34]]],[[[123.52,-17.35],[123.524,-17.358],[123.516,-17.336],[123.52,-17.35]]],[[[123.418,-17.327],[123.42,-17.325],[123.41,-17.325],[123.418,-17.327]]],[[[123.409,-17.324],[123.407,-17.323],[123.407,-17.324],[123.409,-17.324]]],[[[123.542,-17.285],[123.554,-17.274],[123.544,-17.233],[123.542,-17.285]]],[[[123.676,-17.043],[123.683,-17.031],[123.67,-17.022],[123.676,-17.043]]],[[[123.423,-17.324],[123.4,-17.301],[123.402,-17.317],[123.423,-17.324]]],[[[123.531,-17.332],[123.535,-17.321],[123.528,-17.307],[123.531,-17.332]]],[[[123.546,-17.318],[123.548,-17.3],[123.542,-17.307],[123.546,-17.318]]],[[[123.427,-17.301],[123.417,-17.285],[123.418,-17.294],[123.427,-17.301]]],[[[123.541,-17.301],[123.546,-17.297],[123.539,-17.291],[123.541,-17.301]]],[[[123.681,-17.055],[123.685,-17.052],[123.687,-17.04],[123.681,-17.055]]],[[[123.314,-17.086],[123.325,-17.09],[123.312,-17.083],[123.314,-17.086]]],[[[123.424,-17.317],[123.423,-17.315],[123.417,-17.311],[123.424,-17.317]]],[[[123.667,-17.025],[123.667,-17.022],[123.665,-17.021],[123.667,-17.025]]],[[[123.54,-17.29],[123.538,-17.288],[123.538,-17.289],[123.54,-17.29]]],[[[123.681,-17.025],[123.68,-17.023],[123.679,-17.022],[123.681,-17.025]]],[[[123.398,-17.317],[123.397,-17.316],[123.397,-17.317],[123.398,-17.317]]],[[[123.683,-17.03],[123.683,-17.028],[123.683,-17.028],[123.683,-17.03]]],[[[123.671,-17.022],[123.673,-17.022],[123.671,-17.022],[123.671,-17.022]]],[[[123.682,-17.027],[123.682,-17.026],[123.681,-17.026],[123.682,-17.027]]],[[[123.907,-16.885],[123.918,-16.882],[123.92,-16.876],[123.907,-16.885]]],[[[123.705,-16.761],[123.711,-16.762],[123.708,-16.755],[123.705,-16.761]]],[[[123.893,-16.872],[123.9,-16.867],[123.895,-16.866],[123.893,-16.872]]],[[[123.541,-16.633],[123.546,-16.63],[123.535,-16.632],[123.541,-16.633]]],[[[123.837,-16.904],[123.841,-16.903],[123.848,-16.898],[123.837,-16.904]]],[[[123.947,-16.86],[123.951,-16.859],[123.953,-16.854],[123.947,-16.86]]],[[[122.821,-16.765],[122.828,-16.762],[122.82,-16.763],[122.821,-16.765]]],[[[122.814,-16.756],[122.818,-16.758],[122.821,-16.751],[122.814,-16.756]]],[[[123.617,-16.721],[123.615,-16.717],[123.614,-16.72],[123.617,-16.721]]],[[[123.483,-16.657],[123.488,-16.656],[123.482,-16.655],[123.483,-16.657]]],[[[122.822,-16.768],[122.826,-16.765],[122.823,-16.765],[122.822,-16.768]]],[[[122.559,-16.959],[122.561,-16.959],[122.561,-16.956],[122.559,-16.959]]],[[[123.568,-16.624],[123.571,-16.623],[123.565,-16.624],[123.568,-16.624]]],[[[123.538,-16.628],[123.541,-16.628],[123.539,-16.626],[123.538,-16.628]]],[[[122.786,-16.762],[122.788,-16.761],[122.787,-16.76],[122.786,-16.762]]],[[[123.143,-16.796],[123.144,-16.795],[123.142,-16.794],[123.143,-16.796]]],[[[123.113,-16.793],[123.114,-16.793],[123.112,-16.791],[123.113,-16.793]]],[[[122.563,-16.956],[122.563,-16.954],[122.561,-16.954],[122.563,-16.956]]],[[[123.555,-16.622],[123.555,-16.621],[123.554,-16.622],[123.555,-16.622]]],[[[123.544,-16.634],[123.547,-16.633],[123.545,-16.632],[123.544,-16.634]]],[[[123.633,-16.732],[123.633,-16.731],[123.631,-16.73],[123.633,-16.732]]],[[[123.836,-16.901],[123.837,-16.9],[123.834,-16.9],[123.836,-16.901]]],[[[123.112,-16.793],[123.111,-16.791],[123.111,-16.792],[123.112,-16.793]]],[[[122.561,-16.953],[122.559,-16.951],[122.56,-16.953],[122.561,-16.953]]],[[[123.896,-16.864],[123.895,-16.861],[123.895,-16.862],[123.896,-16.864]]],[[[123.561,-16.624],[123.562,-16.622],[123.561,-16.622],[123.561,-16.624]]],[[[123.043,-16.641],[123.044,-16.64],[123.043,-16.639],[123.043,-16.641]]],[[[123.53,-16.63],[123.531,-16.629],[123.53,-16.628],[123.53,-16.63]]],[[[123.533,-16.618],[123.533,-16.617],[123.532,-16.618],[123.533,-16.618]]],[[[123.363,-16.584],[123.388,-16.605],[123.39,-16.58],[123.352,-16.53],[123.363,-16.584]]],[[[123.475,-16.63],[123.514,-16.639],[123.533,-16.609],[123.513,-16.611],[123.508,-16.631],[123.489,-16.615],[123.457,-16.617],[123.475,-16.63]]],[[[123.518,-16.588],[123.525,-16.606],[123.538,-16.597],[123.527,-16.58],[123.518,-16.588]]],[[[123.387,-16.527],[123.4,-16.528],[123.398,-16.513],[123.38,-16.517],[123.387,-16.527]]],[[[123.453,-16.532],[123.441,-16.522],[123.429,-16.525],[123.453,-16.532]]],[[[123.479,-16.611],[123.493,-16.6],[123.483,-16.599],[123.479,-16.611]],[[123.406,-16.604],[123.396,-16.6],[123.413,-16.607],[123.406,-16.604]]],[[[123.554,-16.604],[123.56,-16.606],[123.553,-16.597],[123.554,-16.604]]],[[[124.4,-16.535],[124.405,-16.531],[124.395,-16.529],[124.4,-16.535]]],[[[123.576,-16.587],[123.574,-16.583],[123.564,-16.582],[123.576,-16.587]]],[[[123.383,-16.509],[123.389,-16.507],[123.38,-16.505],[123.383,-16.509]]],[[[123.443,-16.52],[123.451,-16.522],[123.441,-16.517],[123.443,-16.52]]],[[[123.393,-16.499],[123.39,-16.496],[123.376,-16.496],[123.393,-16.499]]],[[[123.442,-16.465],[123.438,-16.459],[123.432,-16.459],[123.442,-16.465]]],[[[123.477,-16.492],[123.466,-16.488],[123.468,-16.491],[123.477,-16.492]]],[[[123.54,-16.59],[123.542,-16.576],[123.539,-16.581],[123.54,-16.59]]],[[[123.383,-16.513],[123.375,-16.507],[123.375,-16.51],[123.383,-16.513]]],[[[123.366,-16.501],[123.365,-16.497],[123.361,-16.499],[123.366,-16.501]]],[[[123.438,-16.518],[123.438,-16.516],[123.433,-16.516],[123.438,-16.518]]],[[[123.441,-16.471],[123.446,-16.469],[123.44,-16.468],[123.441,-16.471]]],[[[123.558,-16.453],[123.564,-16.453],[123.552,-16.45],[123.558,-16.453]]],[[[123.317,-16.577],[123.32,-16.573],[123.315,-16.574],[123.317,-16.577]]],[[[124.433,-16.496],[124.439,-16.495],[124.435,-16.494],[124.433,-16.496]]],[[[124.43,-16.51],[124.432,-16.509],[124.429,-16.505],[124.43,-16.51]]],[[[123.356,-16.486],[123.361,-16.488],[123.354,-16.483],[123.356,-16.486]]],[[[123.484,-16.493],[123.479,-16.488],[123.477,-16.488],[123.484,-16.493]]],[[[123.4,-16.452],[123.403,-16.449],[123.399,-16.45],[123.4,-16.452]]],[[[123.428,-16.528],[123.43,-16.527],[123.425,-16.526],[123.428,-16.528]]],[[[123.498,-16.611],[123.498,-16.609],[123.496,-16.604],[123.498,-16.611]]],[[[123.409,-16.53],[123.412,-16.528],[123.41,-16.527],[123.409,-16.53]]],[[[123.366,-16.493],[123.367,-16.491],[123.364,-16.49],[123.366,-16.493]]],[[[123.527,-16.491],[123.525,-16.489],[123.522,-16.489],[123.527,-16.491]]],[[[123.58,-16.497],[123.582,-16.495],[123.58,-16.494],[123.58,-16.497]]],[[[123.414,-16.506],[123.415,-16.504],[123.412,-16.504],[123.414,-16.506]]],[[[123.607,-16.512],[123.607,-16.51],[123.603,-16.511],[123.607,-16.512]]],[[[123.564,-16.606],[123.564,-16.605],[123.561,-16.603],[123.564,-16.606]]],[[[123.426,-16.46],[123.421,-16.457],[123.423,-16.46],[123.426,-16.46]]],[[[123.532,-16.607],[123.535,-16.604],[123.533,-16.604],[123.532,-16.607]]],[[[123.642,-16.526],[123.64,-16.523],[123.64,-16.525],[123.642,-16.526]]],[[[123.517,-16.599],[123.516,-16.595],[123.516,-16.598],[123.517,-16.599]]],[[[123.003,-16.484],[122.999,-16.484],[123.002,-16.485],[123.003,-16.484]]],[[[123.567,-16.607],[123.567,-16.605],[123.565,-16.604],[123.567,-16.607]]],[[[123.536,-16.579],[123.537,-16.578],[123.535,-16.576],[123.536,-16.579]]],[[[123.349,-16.451],[123.351,-16.448],[123.349,-16.45],[123.349,-16.451]]],[[[123.37,-16.495],[123.37,-16.494],[123.368,-16.494],[123.37,-16.495]]],[[[123.576,-16.499],[123.576,-16.498],[123.574,-16.497],[123.576,-16.499]]],[[[124.411,-16.541],[124.413,-16.539],[124.411,-16.54],[124.411,-16.541]]],[[[123.418,-16.458],[123.419,-16.458],[123.417,-16.457],[123.418,-16.458]]],[[[123.419,-16.506],[123.421,-16.505],[123.419,-16.505],[123.419,-16.506]]],[[[123.41,-16.514],[123.412,-16.514],[123.41,-16.512],[123.41,-16.514]]],[[[123.444,-16.472],[123.444,-16.472],[123.443,-16.471],[123.444,-16.472]]],[[[123.483,-16.499],[123.484,-16.498],[123.482,-16.497],[123.483,-16.499]]],[[[123.597,-16.562],[123.598,-16.562],[123.597,-16.561],[123.597,-16.562]]],[[[123.374,-16.496],[123.375,-16.496],[123.373,-16.495],[123.374,-16.496]]],[[[123.352,-16.56],[123.352,-16.559],[123.352,-16.56],[123.352,-16.56]]],[[[123.131,-16.452],[123.132,-16.451],[123.13,-16.451],[123.131,-16.452]]],[[[123.591,-16.491],[123.591,-16.49],[123.59,-16.491],[123.591,-16.491]]],[[[123.478,-16.604],[123.478,-16.603],[123.477,-16.604],[123.478,-16.604]]],[[[123.34,-16.459],[123.341,-16.458],[123.34,-16.459],[123.34,-16.459]]],[[[123.583,-16.505],[123.584,-16.504],[123.582,-16.504],[123.583,-16.505]]],[[[123.448,-16.503],[123.448,-16.502],[123.447,-16.502],[123.448,-16.503]]],[[[123.363,-16.49],[123.363,-16.489],[123.362,-16.49],[123.363,-16.49]]],[[[123.582,-16.493],[123.583,-16.492],[123.582,-16.492],[123.582,-16.493]]],[[[123.579,-16.505],[123.579,-16.504],[123.578,-16.504],[123.579,-16.505]]],[[[123.202,-16.389],[123.168,-16.39],[123.174,-16.433],[123.184,-16.421],[123.192,-16.433],[123.211,-16.393],[123.202,-16.389]]],[[[124.242,-16.376],[124.222,-16.348],[124.223,-16.381],[124.248,-16.404],[124.26,-16.385],[124.245,-16.389],[124.242,-16.376]]],[[[124.568,-16.347],[124.65,-16.35],[124.608,-16.342],[124.568,-16.347]]],[[[124.711,-16.381],[124.711,-16.36],[124.679,-16.369],[124.711,-16.381]]],[[[123.349,-16.346],[123.335,-16.333],[123.336,-16.359],[123.357,-16.361],[123.349,-16.346]]],[[[123.222,-16.407],[123.213,-16.392],[123.199,-16.425],[123.222,-16.407]]],[[[123.345,-16.425],[123.346,-16.447],[123.362,-16.427],[123.345,-16.425]]],[[[124.692,-16.365],[124.703,-16.357],[124.693,-16.349],[124.673,-16.356],[124.692,-16.365]]],[[[124.444,-16.377],[124.465,-16.356],[124.433,-16.368],[124.444,-16.377]]],[[[123.101,-16.426],[123.091,-16.427],[123.13,-16.436],[123.101,-16.426]]],[[[123.634,-16.41],[123.666,-16.419],[123.622,-16.401],[123.634,-16.41]]],[[[123.12,-16.414],[123.127,-16.423],[123.136,-16.401],[123.12,-16.414]]],[[[123.152,-16.423],[123.167,-16.404],[123.159,-16.401],[123.152,-16.423]]],[[[123.61,-16.422],[123.627,-16.421],[123.613,-16.414],[123.61,-16.422]]],[[[124.351,-16.349],[124.354,-16.36],[124.359,-16.342],[124.351,-16.349]]],[[[123.175,-16.363],[123.2,-16.366],[123.201,-16.362],[123.175,-16.363]]],[[[123.607,-16.372],[123.616,-16.378],[123.593,-16.357],[123.607,-16.372]]],[[[123.482,-16.413],[123.501,-16.416],[123.471,-16.407],[123.482,-16.413]],[[123.692,-16.354],[123.679,-16.345],[123.698,-16.356],[123.692,-16.354]]],[[[123.152,-16.388],[123.146,-16.394],[123.158,-16.398],[123.152,-16.388]]],[[[123.659,-16.353],[123.673,-16.356],[123.654,-16.347],[123.659,-16.353]]],[[[124.359,-16.371],[124.364,-16.374],[124.368,-16.365],[124.359,-16.371]]],[[[123.4,-16.381],[123.403,-16.372],[123.383,-16.373],[123.4,-16.381]]],[[[124.352,-16.365],[124.342,-16.353],[124.341,-16.36],[124.352,-16.365]]],[[[123.422,-16.345],[123.419,-16.332],[123.415,-16.344],[123.422,-16.345]]],[[[123.684,-16.366],[123.685,-16.363],[123.673,-16.361],[123.684,-16.366]]],[[[123.153,-16.434],[123.165,-16.422],[123.155,-16.429],[123.153,-16.434]]],[[[123.516,-16.375],[123.503,-16.368],[123.491,-16.364],[123.516,-16.375]]],[[[123.132,-16.385],[123.123,-16.385],[123.137,-16.388],[123.132,-16.385]]],[[[124.342,-16.385],[124.34,-16.375],[124.337,-16.384],[124.342,-16.385]]],[[[123.852,-16.388],[123.857,-16.389],[123.856,-16.383],[123.852,-16.388]]],[[[123.605,-16.379],[123.61,-16.38],[123.603,-16.371],[123.605,-16.379]]],[[[123.424,-16.381],[123.428,-16.376],[123.421,-16.378],[123.424,-16.381]]],[[[123.23,-16.37],[123.231,-16.366],[123.216,-16.367],[123.23,-16.37]]],[[[123.103,-16.448],[123.108,-16.441],[123.103,-16.442],[123.103,-16.448]]],[[[123.548,-16.414],[123.552,-16.413],[123.54,-16.408],[123.548,-16.414]]],[[[124.677,-16.372],[124.672,-16.368],[124.664,-16.368],[124.677,-16.372]]],[[[123.084,-16.448],[123.09,-16.45],[123.083,-16.443],[123.084,-16.448]]],[[[124.273,-16.396],[124.286,-16.398],[124.271,-16.392],[124.273,-16.396]]],[[[123.423,-16.364],[123.434,-16.366],[123.417,-16.361],[123.423,-16.364]]],[[[123.041,-16.354],[123.046,-16.354],[123.047,-16.347],[123.041,-16.354]]],[[[123.496,-16.41],[123.494,-16.404],[123.489,-16.406],[123.496,-16.41]]],[[[123.675,-16.409],[123.679,-16.407],[123.671,-16.407],[123.675,-16.409]]],[[[124.886,-16.411],[124.879,-16.411],[124.877,-16.414],[124.886,-16.411]]],[[[123.587,-16.365],[123.583,-16.361],[123.577,-16.361],[123.587,-16.365]]],[[[124.23,-16.343],[124.225,-16.337],[124.226,-16.342],[124.23,-16.343]]],[[[123.442,-16.382],[123.446,-16.383],[123.437,-16.379],[123.442,-16.382]]],[[[123.374,-16.371],[123.378,-16.37],[123.375,-16.367],[123.374,-16.371]]],[[[123.633,-16.343],[123.634,-16.341],[123.623,-16.339],[123.633,-16.343]]],[[[123.096,-16.415],[123.097,-16.412],[123.094,-16.41],[123.096,-16.415]]],[[[123.407,-16.344],[123.401,-16.347],[123.406,-16.347],[123.407,-16.344]]],[[[123.089,-16.435],[123.092,-16.433],[123.088,-16.431],[123.089,-16.435]]],[[[123.884,-16.35],[123.886,-16.35],[123.881,-16.344],[123.884,-16.35]]],[[[123.165,-16.4],[123.162,-16.396],[123.161,-16.399],[123.165,-16.4]]],[[[123.879,-16.336],[123.875,-16.333],[123.873,-16.333],[123.879,-16.336]]],[[[123.446,-16.387],[123.448,-16.385],[123.442,-16.385],[123.446,-16.387]]],[[[123.873,-16.342],[123.875,-16.339],[123.872,-16.338],[123.873,-16.342]]],[[[123.093,-16.44],[123.094,-16.437],[123.091,-16.435],[123.093,-16.44]]],[[[124.268,-16.392],[124.266,-16.388],[124.264,-16.391],[124.268,-16.392]]],[[[123.31,-16.388],[123.312,-16.387],[123.307,-16.386],[123.31,-16.388]]],[[[123.403,-16.355],[123.408,-16.351],[123.404,-16.352],[123.403,-16.355]]],[[[123.674,-16.416],[123.678,-16.416],[123.679,-16.414],[123.674,-16.416]]],[[[124.867,-16.415],[124.865,-16.413],[124.859,-16.414],[124.867,-16.415]]],[[[123.484,-16.395],[123.482,-16.393],[123.48,-16.394],[123.484,-16.395]]],[[[124.727,-16.395],[124.73,-16.394],[124.722,-16.394],[124.727,-16.395]]],[[[123.108,-16.449],[123.11,-16.445],[123.108,-16.446],[123.108,-16.449]]],[[[123.435,-16.381],[123.435,-16.378],[123.432,-16.379],[123.435,-16.381]]],[[[123.468,-16.392],[123.469,-16.389],[123.467,-16.388],[123.468,-16.392]]],[[[123.878,-16.344],[123.878,-16.342],[123.876,-16.342],[123.878,-16.344]]],[[[122.907,-16.44],[122.908,-16.439],[122.906,-16.437],[122.907,-16.44]]],[[[123.119,-16.401],[123.122,-16.4],[123.119,-16.399],[123.119,-16.401]]],[[[123.068,-16.396],[123.07,-16.393],[123.068,-16.394],[123.068,-16.396]]],[[[123.586,-16.356],[123.586,-16.355],[123.581,-16.353],[123.586,-16.356]]],[[[124.938,-16.387],[124.94,-16.386],[124.936,-16.386],[124.938,-16.387]]],[[[123.591,-16.36],[123.589,-16.357],[123.587,-16.357],[123.591,-16.36]]],[[[122.925,-16.386],[122.927,-16.385],[122.923,-16.384],[122.925,-16.386]]],[[[123.507,-16.381],[123.508,-16.381],[123.503,-16.379],[123.507,-16.381]]],[[[123.328,-16.397],[123.328,-16.396],[123.325,-16.395],[123.328,-16.397]]],[[[122.987,-16.38],[122.99,-16.378],[122.988,-16.377],[122.987,-16.38]]],[[[123.425,-16.341],[123.427,-16.34],[123.425,-16.339],[123.425,-16.341]]],[[[123.559,-16.348],[123.557,-16.346],[123.557,-16.348],[123.559,-16.348]]],[[[123.613,-16.358],[123.614,-16.358],[123.611,-16.357],[123.613,-16.358]]],[[[123.569,-16.338],[123.57,-16.336],[123.568,-16.335],[123.569,-16.338]]],[[[123.084,-16.43],[123.083,-16.428],[123.082,-16.429],[123.084,-16.43]]],[[[123.411,-16.341],[123.412,-16.339],[123.411,-16.338],[123.411,-16.341]]],[[[123.41,-16.344],[123.41,-16.342],[123.408,-16.342],[123.41,-16.344]]],[[[123.411,-16.379],[123.412,-16.378],[123.409,-16.378],[123.411,-16.379]]],[[[123.575,-16.342],[123.576,-16.34],[123.573,-16.339],[123.575,-16.342]]],[[[122.991,-16.393],[122.993,-16.392],[122.989,-16.393],[122.991,-16.393]]],[[[123.567,-16.34],[123.567,-16.337],[123.566,-16.338],[123.567,-16.34]]],[[[123.089,-16.445],[123.09,-16.445],[123.088,-16.444],[123.089,-16.445]]],[[[124.804,-16.414],[124.803,-16.412],[124.802,-16.413],[124.804,-16.414]]],[[[123.4,-16.348],[123.399,-16.347],[123.398,-16.347],[123.4,-16.348]]],[[[123.131,-16.391],[123.131,-16.39],[123.13,-16.391],[123.131,-16.391]]],[[[123.482,-16.369],[123.482,-16.368],[123.48,-16.366],[123.482,-16.369]]],[[[124.563,-16.344],[124.566,-16.343],[124.563,-16.343],[124.563,-16.344]]],[[[123.411,-16.352],[123.412,-16.351],[123.411,-16.349],[123.411,-16.352]]],[[[123.495,-16.382],[123.498,-16.382],[123.496,-16.381],[123.495,-16.382]]],[[[123.056,-16.398],[123.057,-16.396],[123.055,-16.397],[123.056,-16.398]]],[[[123.412,-16.377],[123.412,-16.376],[123.41,-16.376],[123.412,-16.377]]],[[[124.328,-16.418],[124.329,-16.416],[124.327,-16.417],[124.328,-16.418]]],[[[123.511,-16.397],[123.512,-16.397],[123.51,-16.396],[123.511,-16.397]]],[[[123.669,-16.418],[123.669,-16.417],[123.667,-16.417],[123.669,-16.418]]],[[[123.702,-16.353],[123.702,-16.352],[123.701,-16.352],[123.702,-16.353]]],[[[123.089,-16.421],[123.09,-16.42],[123.089,-16.42],[123.089,-16.421]]],[[[123.111,-16.442],[123.111,-16.441],[123.11,-16.441],[123.111,-16.442]]],[[[123.15,-16.428],[123.151,-16.426],[123.151,-16.426],[123.15,-16.428]]],[[[123.148,-16.439],[123.149,-16.438],[123.148,-16.438],[123.148,-16.439]]],[[[123.576,-16.359],[123.575,-16.357],[123.575,-16.358],[123.576,-16.359]]],[[[123.309,-16.39],[123.308,-16.388],[123.308,-16.389],[123.309,-16.39]]],[[[123.212,-16.433],[123.212,-16.432],[123.211,-16.432],[123.212,-16.433]]],[[[123.134,-16.382],[123.135,-16.381],[123.134,-16.381],[123.134,-16.382]]],[[[123.142,-16.409],[123.142,-16.407],[123.142,-16.407],[123.142,-16.409]]],[[[123.089,-16.426],[123.09,-16.425],[123.09,-16.425],[123.089,-16.426]]],[[[124.202,-16.336],[124.201,-16.334],[124.201,-16.335],[124.202,-16.336]]],[[[123.48,-16.372],[123.481,-16.371],[123.48,-16.37],[123.48,-16.372]]],[[[124.334,-16.419],[124.335,-16.418],[124.334,-16.418],[124.334,-16.419]]],[[[124.364,-16.426],[124.364,-16.426],[124.363,-16.425],[124.364,-16.426]]],[[[123.346,-16.416],[123.347,-16.415],[123.345,-16.416],[123.346,-16.416]]],[[[124.34,-16.41],[124.34,-16.409],[124.34,-16.409],[124.34,-16.41]]],[[[123.079,-16.414],[123.08,-16.413],[123.079,-16.413],[123.079,-16.414]]],[[[123.143,-16.393],[123.144,-16.392],[123.143,-16.392],[123.143,-16.393]]],[[[123.332,-16.398],[123.332,-16.397],[123.331,-16.397],[123.332,-16.398]]],[[[123.464,-16.406],[123.465,-16.406],[123.463,-16.406],[123.464,-16.406]]],[[[123.482,-16.366],[123.482,-16.365],[123.481,-16.365],[123.482,-16.366]]],[[[123.07,-16.386],[123.07,-16.386],[123.069,-16.387],[123.07,-16.386]]],[[[123.766,-16.155],[123.777,-16.16],[123.759,-16.149],[123.778,-16.142],[123.789,-16.16],[123.783,-16.149],[123.797,-16.148],[123.789,-16.114],[123.777,-16.126],[123.683,-16.112],[123.709,-16.114],[123.766,-16.155]]],[[[123.458,-16.233],[123.48,-16.244],[123.49,-16.285],[123.507,-16.274],[123.497,-16.25],[123.532,-16.26],[123.491,-16.243],[123.467,-16.209],[123.446,-16.221],[123.458,-16.233]]],[[[123.908,-16.277],[123.94,-16.278],[123.881,-16.234],[123.885,-16.246],[123.862,-16.236],[123.908,-16.277]]],[[[124.07,-16.109],[124.065,-16.12],[124.086,-16.117],[124.089,-16.1],[124.1,-16.116],[124.101,-16.097],[124.069,-16.081],[124.076,-16.093],[124.058,-16.105],[124.07,-16.109]]],[[[123.818,-16.27],[123.835,-16.248],[123.831,-16.224],[123.828,-16.24],[123.804,-16.245],[123.818,-16.27]]],[[[124.105,-16.258],[124.145,-16.25],[124.113,-16.229],[124.105,-16.258]]],[[[124.095,-16.144],[124.07,-16.129],[124.063,-16.14],[124.095,-16.165],[124.095,-16.144]]],[[[123.598,-16.088],[123.585,-16.081],[123.615,-16.103],[123.641,-16.1],[123.598,-16.088]]],[[[123.878,-16.287],[123.883,-16.273],[123.857,-16.253],[123.878,-16.287]]],[[[123.537,-16.264],[123.503,-16.258],[123.524,-16.278],[123.547,-16.274],[123.537,-16.264]]],[[[123.4,-16.134],[123.423,-16.132],[123.396,-16.108],[123.389,-16.128],[123.4,-16.134]]],[[[123.442,-16.114],[123.435,-16.091],[123.446,-16.086],[123.433,-16.076],[123.424,-16.088],[123.442,-16.114]]],[[[123.877,-16.199],[123.875,-16.219],[123.891,-16.203],[123.871,-16.188],[123.877,-16.199]]],[[[123.332,-16.162],[123.352,-16.164],[123.323,-16.145],[123.332,-16.162]]],[[[123.78,-16.18],[123.808,-16.201],[123.772,-16.165],[123.78,-16.18]]],[[[123.622,-16.353],[123.628,-16.345],[123.6,-16.327],[123.622,-16.353]]],[[[123.508,-16.159],[123.523,-16.163],[123.519,-16.141],[123.508,-16.159]]],[[[123.434,-16.161],[123.461,-16.17],[123.455,-16.155],[123.434,-16.161]]],[[[123.573,-16.159],[123.596,-16.162],[123.587,-16.143],[123.573,-16.159]]],[[[123.659,-16.345],[123.623,-16.33],[123.65,-16.348],[123.659,-16.345]]],[[[123.438,-16.278],[123.46,-16.27],[123.439,-16.262],[123.438,-16.278]]],[[[123.562,-16.235],[123.58,-16.241],[123.547,-16.22],[123.562,-16.235]]],[[[123.841,-16.211],[123.841,-16.188],[123.831,-16.203],[123.841,-16.211]]],[[[123.747,-16.266],[123.766,-16.266],[123.746,-16.259],[123.747,-16.266]]],[[[123.875,-16.305],[123.885,-16.32],[123.865,-16.29],[123.875,-16.305]]],[[[124.066,-16.243],[124.074,-16.255],[124.082,-16.251],[124.066,-16.243]]],[[[123.952,-16.348],[123.952,-16.343],[123.921,-16.324],[123.952,-16.348]]],[[[123.555,-16.258],[123.573,-16.25],[123.547,-16.251],[123.555,-16.258]],[[123.307,-16.133],[123.29,-16.125],[123.317,-16.135],[123.307,-16.133]]],[[[124.073,-16.174],[124.08,-16.161],[124.068,-16.166],[124.073,-16.174]]],[[[124.094,-16.231],[124.074,-16.23],[124.086,-16.238],[124.094,-16.231]]],[[[123.461,-16.158],[123.459,-16.15],[123.443,-16.142],[123.461,-16.158]]],[[[123.421,-16.273],[123.415,-16.284],[123.43,-16.287],[123.421,-16.273]]],[[[123.515,-16.299],[123.522,-16.276],[123.513,-16.282],[123.515,-16.299]]],[[[123.314,-16.144],[123.329,-16.141],[123.309,-16.135],[123.314,-16.144]]],[[[123.422,-16.278],[123.436,-16.276],[123.433,-16.27],[123.422,-16.278]]],[[[123.312,-16.322],[123.319,-16.322],[123.309,-16.307],[123.312,-16.322]]],[[[123.881,-16.173],[123.877,-16.177],[123.894,-16.19],[123.881,-16.173]]],[[[123.844,-16.232],[123.837,-16.225],[123.842,-16.243],[123.844,-16.232]],[[123.961,-16.2],[123.952,-16.201],[123.974,-16.199],[123.961,-16.2]]],[[[123.818,-16.206],[123.812,-16.204],[123.819,-16.219],[123.818,-16.206]]],[[[123.774,-16.279],[123.781,-16.28],[123.769,-16.271],[123.774,-16.279]]],[[[123.847,-16.277],[123.857,-16.279],[123.849,-16.27],[123.847,-16.277]],[[123.495,-16.218],[123.492,-16.209],[123.501,-16.231],[123.495,-16.218]]],[[[123.947,-16.227],[123.966,-16.229],[123.939,-16.221],[123.947,-16.227]]],[[[123.813,-16.199],[123.808,-16.189],[123.797,-16.187],[123.813,-16.199]]],[[[123.574,-16.258],[123.567,-16.269],[123.575,-16.269],[123.574,-16.258]]],[[[123.301,-16.314],[123.306,-16.307],[123.3,-16.306],[123.301,-16.314]]],[[[124.391,-16.324],[124.393,-16.316],[124.386,-16.321],[124.391,-16.324]]],[[[123.546,-16.211],[123.545,-16.195],[123.539,-16.188],[123.546,-16.211]]],[[[124.101,-16.125],[124.103,-16.116],[124.096,-16.121],[124.101,-16.125]]],[[[123.822,-16.276],[123.829,-16.268],[123.822,-16.269],[123.822,-16.276]]],[[[124.064,-16.089],[124.067,-16.082],[124.061,-16.084],[124.064,-16.089]]],[[[123.624,-16.323],[123.638,-16.327],[123.622,-16.322],[123.624,-16.323]]],[[[123.921,-16.299],[123.915,-16.295],[123.911,-16.298],[123.921,-16.299]]],[[[124.21,-16.278],[124.215,-16.275],[124.207,-16.27],[124.21,-16.278]]],[[[123.559,-16.224],[123.564,-16.226],[123.557,-16.217],[123.559,-16.224]]],[[[124.22,-16.284],[124.225,-16.281],[124.215,-16.278],[124.22,-16.284]]],[[[123.864,-16.201],[123.874,-16.202],[123.865,-16.197],[123.864,-16.201]]],[[[123.861,-16.138],[123.86,-16.134],[123.846,-16.122],[123.861,-16.138]]],[[[123.285,-16.323],[123.281,-16.316],[123.271,-16.309],[123.285,-16.323]]],[[[123.867,-16.209],[123.86,-16.211],[123.87,-16.215],[123.867,-16.209]]],[[[123.535,-16.158],[123.535,-16.152],[123.527,-16.144],[123.535,-16.158]]],[[[123.828,-16.151],[123.833,-16.153],[123.824,-16.148],[123.828,-16.151]]],[[[123.83,-16.146],[123.827,-16.141],[123.82,-16.139],[123.83,-16.146]]],[[[124.046,-16.242],[124.047,-16.239],[124.036,-16.239],[124.046,-16.242]]],[[[123.427,-16.314],[123.433,-16.308],[123.428,-16.309],[123.427,-16.314]]],[[[123.425,-16.176],[123.432,-16.174],[123.423,-16.17],[123.425,-16.176]]],[[[123.296,-16.306],[123.297,-16.301],[123.292,-16.301],[123.296,-16.306]]],[[[123.544,-16.224],[123.556,-16.241],[123.555,-16.235],[123.544,-16.224]]],[[[123.553,-16.249],[123.556,-16.244],[123.552,-16.245],[123.553,-16.249]]],[[[124.154,-16.274],[124.159,-16.269],[124.156,-16.267],[124.154,-16.274]]],[[[124.17,-16.274],[124.174,-16.269],[124.168,-16.27],[124.17,-16.274]]],[[[123.854,-16.313],[123.854,-16.308],[123.85,-16.31],[123.854,-16.313]]],[[[124.232,-16.288],[124.235,-16.286],[124.229,-16.286],[124.232,-16.288]]],[[[123.768,-16.111],[123.773,-16.11],[123.764,-16.109],[123.768,-16.111]]],[[[123.397,-16.286],[123.4,-16.282],[123.393,-16.285],[123.397,-16.286]]],[[[123.45,-16.097],[123.451,-16.092],[123.448,-16.092],[123.45,-16.097]]],[[[123.834,-16.257],[123.83,-16.263],[123.833,-16.265],[123.834,-16.257]]],[[[123.71,-16.152],[123.706,-16.146],[123.703,-16.146],[123.71,-16.152]]],[[[123.858,-16.235],[123.861,-16.234],[123.857,-16.229],[123.858,-16.235]]],[[[124.142,-16.269],[124.147,-16.266],[124.137,-16.265],[124.142,-16.269]]],[[[123.511,-16.236],[123.504,-16.23],[123.506,-16.234],[123.511,-16.236]]],[[[123.44,-16.128],[123.443,-16.127],[123.439,-16.123],[123.44,-16.128]]],[[[123.87,-16.322],[123.869,-16.317],[123.864,-16.317],[123.87,-16.322]]],[[[123.646,-16.108],[123.645,-16.103],[123.64,-16.106],[123.646,-16.108]]],[[[123.422,-16.317],[123.426,-16.313],[123.421,-16.314],[123.422,-16.317]]],[[[123.977,-16.233],[123.967,-16.229],[123.968,-16.23],[123.977,-16.233]]],[[[124.068,-16.081],[124.067,-16.076],[124.064,-16.076],[124.068,-16.081]]],[[[123.844,-16.208],[123.844,-16.2],[123.843,-16.203],[123.844,-16.208]]],[[[123.679,-16.111],[123.682,-16.11],[123.675,-16.11],[123.679,-16.111]]],[[[123.886,-16.323],[123.884,-16.324],[123.885,-16.328],[123.886,-16.323]]],[[[124.164,-16.276],[124.166,-16.273],[124.16,-16.274],[124.164,-16.276]]],[[[123.81,-16.177],[123.806,-16.174],[123.808,-16.179],[123.81,-16.177]]],[[[123.269,-16.309],[123.269,-16.307],[123.26,-16.303],[123.269,-16.309]]],[[[124.371,-16.31],[124.371,-16.304],[124.369,-16.308],[124.371,-16.31]]],[[[124.198,-16.301],[124.202,-16.301],[124.195,-16.297],[124.198,-16.301]]],[[[124.398,-16.262],[124.4,-16.262],[124.394,-16.26],[124.398,-16.262]]],[[[124.057,-16.24],[124.053,-16.234],[124.054,-16.238],[124.057,-16.24]]],[[[123.825,-16.285],[123.826,-16.282],[123.821,-16.278],[123.825,-16.285]]],[[[123.409,-16.171],[123.413,-16.169],[123.409,-16.169],[123.409,-16.171]]],[[[123.447,-16.194],[123.448,-16.19],[123.446,-16.191],[123.447,-16.194]]],[[[124.198,-16.334],[124.201,-16.329],[124.198,-16.332],[124.198,-16.334]]],[[[123.441,-16.224],[123.444,-16.222],[123.443,-16.219],[123.441,-16.224]]],[[[123.42,-16.173],[123.422,-16.17],[123.419,-16.169],[123.42,-16.173]]],[[[123.445,-16.1],[123.445,-16.097],[123.442,-16.099],[123.445,-16.1]]],[[[123.307,-16.307],[123.309,-16.304],[123.306,-16.304],[123.307,-16.307]]],[[[123.834,-16.156],[123.835,-16.152],[123.833,-16.153],[123.834,-16.156]]],[[[123.809,-16.236],[123.808,-16.23],[123.806,-16.232],[123.809,-16.236]]],[[[123.811,-16.184],[123.812,-16.183],[123.808,-16.18],[123.811,-16.184]]],[[[123.798,-16.168],[123.8,-16.167],[123.795,-16.165],[123.798,-16.168]]],[[[123.465,-16.14],[123.464,-16.137],[123.46,-16.136],[123.465,-16.14]]],[[[123.457,-16.189],[123.457,-16.186],[123.453,-16.187],[123.457,-16.189]]],[[[123.415,-16.314],[123.418,-16.313],[123.411,-16.313],[123.415,-16.314]]],[[[124.062,-16.238],[124.064,-16.235],[124.061,-16.235],[124.062,-16.238]]],[[[123.77,-16.165],[123.767,-16.161],[123.768,-16.163],[123.77,-16.165]]],[[[123.571,-16.172],[123.572,-16.171],[123.57,-16.168],[123.571,-16.172]]],[[[123.853,-16.29],[123.853,-16.288],[123.849,-16.287],[123.853,-16.29]]],[[[124.056,-16.078],[124.054,-16.074],[124.054,-16.077],[124.056,-16.078]]],[[[123.411,-16.28],[123.41,-16.278],[123.406,-16.275],[123.411,-16.28]]],[[[123.804,-16.268],[123.803,-16.264],[123.802,-16.263],[123.804,-16.268]]],[[[123.881,-16.332],[123.882,-16.33],[123.88,-16.327],[123.881,-16.332]]],[[[123.843,-16.308],[123.842,-16.303],[123.84,-16.302],[123.843,-16.308]]],[[[123.46,-16.279],[123.464,-16.277],[123.464,-16.274],[123.46,-16.279]]],[[[123.538,-16.217],[123.539,-16.216],[123.535,-16.209],[123.538,-16.217]]],[[[123.402,-16.29],[123.402,-16.288],[123.4,-16.286],[123.402,-16.29]]],[[[124.096,-16.259],[124.097,-16.258],[124.092,-16.256],[124.096,-16.259]]],[[[123.296,-16.12],[123.295,-16.118],[123.293,-16.118],[123.296,-16.12]]],[[[123.447,-16.294],[123.449,-16.293],[123.449,-16.29],[123.447,-16.294]]],[[[123.867,-16.233],[123.866,-16.232],[123.863,-16.231],[123.867,-16.233]]],[[[124.027,-16.241],[124.029,-16.24],[124.025,-16.24],[124.027,-16.241]]],[[[123.304,-16.306],[123.304,-16.304],[123.301,-16.305],[123.304,-16.306]]],[[[123.524,-16.287],[123.527,-16.285],[123.525,-16.285],[123.524,-16.287]]],[[[123.419,-16.329],[123.42,-16.325],[123.419,-16.327],[123.419,-16.329]]],[[[123.656,-16.157],[123.655,-16.155],[123.653,-16.157],[123.656,-16.157]]],[[[123.784,-16.23],[123.785,-16.229],[123.782,-16.228],[123.784,-16.23]]],[[[123.444,-16.077],[123.446,-16.078],[123.442,-16.075],[123.444,-16.077]]],[[[123.447,-16.08],[123.451,-16.078],[123.448,-16.079],[123.447,-16.08]]],[[[123.803,-16.172],[123.804,-16.171],[123.802,-16.169],[123.803,-16.172]]],[[[123.483,-16.297],[123.483,-16.293],[123.482,-16.294],[123.483,-16.297]]],[[[123.56,-16.327],[123.563,-16.33],[123.559,-16.326],[123.56,-16.327]]],[[[123.468,-16.134],[123.468,-16.13],[123.467,-16.133],[123.468,-16.134]]],[[[123.456,-16.141],[123.458,-16.139],[123.454,-16.139],[123.456,-16.141]]],[[[123.575,-16.21],[123.573,-16.208],[123.571,-16.208],[123.575,-16.21]]],[[[124.237,-16.296],[124.238,-16.294],[124.237,-16.293],[124.237,-16.296]]],[[[123.862,-16.322],[123.861,-16.32],[123.859,-16.318],[123.862,-16.322]]],[[[123.816,-16.273],[123.815,-16.272],[123.813,-16.271],[123.816,-16.273]]],[[[123.839,-16.256],[123.841,-16.252],[123.839,-16.254],[123.839,-16.256]]],[[[123.784,-16.278],[123.786,-16.277],[123.783,-16.275],[123.784,-16.278]]],[[[123.316,-16.309],[123.318,-16.308],[123.316,-16.306],[123.316,-16.309]]],[[[123.58,-16.262],[123.58,-16.26],[123.578,-16.262],[123.58,-16.262]]],[[[123.492,-16.237],[123.493,-16.236],[123.49,-16.235],[123.492,-16.237]]],[[[123.756,-16.113],[123.757,-16.113],[123.754,-16.11],[123.756,-16.113]]],[[[123.474,-16.145],[123.472,-16.142],[123.471,-16.142],[123.474,-16.145]]],[[[123.434,-16.156],[123.436,-16.154],[123.433,-16.154],[123.434,-16.156]]],[[[123.425,-16.132],[123.425,-16.13],[123.424,-16.129],[123.425,-16.132]]],[[[123.84,-16.25],[123.84,-16.248],[123.838,-16.246],[123.84,-16.25]]],[[[123.341,-16.179],[123.341,-16.176],[123.339,-16.178],[123.341,-16.179]]],[[[123.505,-16.235],[123.502,-16.231],[123.503,-16.234],[123.505,-16.235]]],[[[123.418,-16.14],[123.419,-16.14],[123.418,-16.138],[123.418,-16.14]]],[[[124.201,-16.308],[124.201,-16.307],[124.197,-16.306],[124.201,-16.308]]],[[[124.107,-16.235],[124.109,-16.235],[124.108,-16.233],[124.107,-16.235]]],[[[123.617,-16.32],[123.619,-16.319],[123.617,-16.318],[123.617,-16.32]]],[[[124.082,-16.255],[124.085,-16.253],[124.082,-16.253],[124.082,-16.255]]],[[[123.291,-16.133],[123.29,-16.131],[123.289,-16.132],[123.291,-16.133]]],[[[123.354,-16.165],[123.357,-16.165],[123.354,-16.164],[123.354,-16.165]]],[[[124.013,-16.241],[124.015,-16.241],[124.011,-16.24],[124.013,-16.241]]],[[[123.541,-16.202],[123.541,-16.199],[123.54,-16.198],[123.541,-16.202]]],[[[123.48,-16.285],[123.481,-16.283],[123.479,-16.283],[123.48,-16.285]]],[[[123.449,-16.194],[123.451,-16.193],[123.45,-16.191],[123.449,-16.194]]],[[[123.589,-16.233],[123.589,-16.232],[123.588,-16.231],[123.589,-16.233]]],[[[124.195,-16.332],[124.196,-16.329],[124.195,-16.329],[124.195,-16.332]]],[[[123.431,-16.077],[123.431,-16.076],[123.429,-16.076],[123.431,-16.077]]],[[[123.329,-16.161],[123.327,-16.161],[123.329,-16.163],[123.329,-16.161]]],[[[123.565,-16.332],[123.566,-16.332],[123.564,-16.33],[123.565,-16.332]]],[[[123.347,-16.151],[123.35,-16.151],[123.347,-16.15],[123.347,-16.151]]],[[[123.53,-16.095],[123.529,-16.092],[123.529,-16.094],[123.53,-16.095]]],[[[123.304,-16.302],[123.304,-16.301],[123.302,-16.3],[123.304,-16.302]]],[[[123.858,-16.282],[123.86,-16.28],[123.858,-16.281],[123.858,-16.282]]],[[[123.809,-16.207],[123.809,-16.204],[123.808,-16.206],[123.809,-16.207]]],[[[123.467,-16.239],[123.466,-16.237],[123.465,-16.237],[123.467,-16.239]]],[[[123.094,-16.294],[123.092,-16.292],[123.091,-16.293],[123.094,-16.294]]],[[[123.769,-16.265],[123.769,-16.262],[123.768,-16.263],[123.769,-16.265]]],[[[123.532,-16.158],[123.532,-16.156],[123.531,-16.156],[123.532,-16.158]]],[[[123.394,-16.135],[123.395,-16.133],[123.393,-16.134],[123.394,-16.135]]],[[[123.342,-16.176],[123.343,-16.174],[123.341,-16.176],[123.342,-16.176]]],[[[123.322,-16.161],[123.322,-16.159],[123.321,-16.158],[123.322,-16.161]]],[[[123.46,-16.142],[123.459,-16.14],[123.458,-16.141],[123.46,-16.142]]],[[[123.338,-16.178],[123.339,-16.177],[123.337,-16.176],[123.338,-16.178]]],[[[123.464,-16.142],[123.463,-16.14],[123.463,-16.14],[123.464,-16.142]]],[[[123.817,-16.187],[123.818,-16.187],[123.817,-16.186],[123.817,-16.187]]],[[[123.062,-16.277],[123.06,-16.277],[123.061,-16.278],[123.062,-16.277]]],[[[123.553,-16.21],[123.554,-16.209],[123.551,-16.209],[123.553,-16.21]]],[[[123.549,-16.332],[123.55,-16.331],[123.548,-16.33],[123.549,-16.332]]],[[[123.464,-16.168],[123.463,-16.166],[123.463,-16.168],[123.464,-16.168]]],[[[123.879,-16.32],[123.88,-16.319],[123.878,-16.318],[123.879,-16.32]]],[[[123.553,-16.215],[123.555,-16.214],[123.553,-16.214],[123.553,-16.215]]],[[[123.431,-16.156],[123.432,-16.155],[123.43,-16.155],[123.431,-16.156]]],[[[124.088,-16.258],[124.09,-16.258],[124.088,-16.257],[124.088,-16.258]]],[[[124.103,-16.233],[124.104,-16.231],[124.103,-16.231],[124.103,-16.233]]],[[[123.524,-16.185],[123.525,-16.185],[123.523,-16.184],[123.524,-16.185]]],[[[123.472,-16.242],[123.471,-16.241],[123.47,-16.241],[123.472,-16.242]]],[[[123.839,-16.258],[123.841,-16.257],[123.839,-16.257],[123.839,-16.258]]],[[[123.989,-16.076],[123.988,-16.075],[123.988,-16.076],[123.989,-16.076]]],[[[123.544,-16.279],[123.545,-16.278],[123.545,-16.277],[123.544,-16.279]]],[[[124.09,-16.103],[124.09,-16.102],[124.088,-16.102],[124.09,-16.103]]],[[[123.546,-16.333],[123.546,-16.332],[123.544,-16.331],[123.546,-16.333]]],[[[124.079,-16.161],[124.079,-16.16],[124.078,-16.16],[124.079,-16.161]]],[[[124.377,-16.234],[124.377,-16.232],[124.376,-16.232],[124.377,-16.234]]],[[[123.788,-16.282],[123.788,-16.281],[123.788,-16.282],[123.788,-16.282]]],[[[123.833,-16.279],[123.834,-16.277],[123.833,-16.278],[123.833,-16.279]]],[[[123.62,-16.123],[123.62,-16.122],[123.619,-16.123],[123.62,-16.123]]],[[[123.874,-16.232],[123.873,-16.231],[123.872,-16.231],[123.874,-16.232]]],[[[123.884,-16.322],[123.884,-16.32],[123.884,-16.319],[123.884,-16.322]]],[[[123.885,-16.289],[123.885,-16.288],[123.884,-16.287],[123.885,-16.289]]],[[[124.023,-16.241],[124.022,-16.24],[124.021,-16.24],[124.023,-16.241]]],[[[123.829,-16.28],[123.828,-16.278],[123.828,-16.279],[123.829,-16.28]]],[[[123.323,-16.144],[123.324,-16.143],[123.322,-16.143],[123.323,-16.144]]],[[[123.871,-16.235],[123.872,-16.234],[123.871,-16.234],[123.871,-16.235]]],[[[123.584,-16.217],[123.586,-16.217],[123.583,-16.216],[123.584,-16.217]]],[[[123.874,-16.236],[123.874,-16.235],[123.873,-16.234],[123.874,-16.236]]],[[[123.401,-16.169],[123.401,-16.168],[123.399,-16.169],[123.401,-16.169]]],[[[124.383,-16.239],[124.383,-16.238],[124.382,-16.239],[124.383,-16.239]]],[[[124.117,-16.255],[124.117,-16.254],[124.116,-16.254],[124.117,-16.255]]],[[[123.448,-16.102],[123.448,-16.101],[123.447,-16.102],[123.448,-16.102]]],[[[123.322,-16.172],[123.322,-16.171],[123.32,-16.171],[123.322,-16.172]]],[[[123.421,-16.158],[123.421,-16.157],[123.421,-16.157],[123.421,-16.158]]],[[[123.289,-16.133],[123.288,-16.132],[123.288,-16.133],[123.289,-16.133]]],[[[123.838,-16.238],[123.839,-16.236],[123.838,-16.236],[123.838,-16.238]]],[[[123.839,-16.24],[123.84,-16.24],[123.839,-16.239],[123.839,-16.24]]],[[[123.878,-16.236],[123.879,-16.236],[123.877,-16.235],[123.878,-16.236]]],[[[124.008,-16.242],[124.009,-16.241],[124.007,-16.241],[124.008,-16.242]]],[[[124.389,-16.297],[124.389,-16.295],[124.389,-16.296],[124.389,-16.297]]],[[[123.837,-16.248],[123.838,-16.248],[123.837,-16.246],[123.837,-16.248]]],[[[124.378,-16.231],[124.378,-16.23],[124.378,-16.23],[124.378,-16.231]]],[[[123.461,-16.133],[123.462,-16.132],[123.461,-16.132],[123.461,-16.133]]],[[[123.285,-16.129],[123.286,-16.129],[123.286,-16.128],[123.285,-16.129]]],[[[124.004,-16.241],[124.005,-16.241],[124.003,-16.241],[124.004,-16.241]]],[[[123.447,-16.118],[123.447,-16.117],[123.446,-16.117],[123.447,-16.118]]],[[[124.387,-16.317],[124.388,-16.316],[124.388,-16.315],[124.387,-16.317]]],[[[124.48,-16.104],[124.48,-16.102],[124.479,-16.103],[124.48,-16.104]]],[[[123.975,-16.195],[123.976,-16.194],[123.974,-16.195],[123.975,-16.195]]],[[[123.542,-16.222],[123.543,-16.222],[123.542,-16.221],[123.542,-16.222]]],[[[123.438,-16.154],[123.438,-16.153],[123.437,-16.154],[123.438,-16.154]]],[[[123.4,-16.082],[123.401,-16.081],[123.4,-16.082],[123.4,-16.082]]],[[[123.444,-16.224],[123.445,-16.223],[123.443,-16.224],[123.444,-16.224]]],[[[123.419,-16.175],[123.419,-16.174],[123.419,-16.175],[123.419,-16.175]]],[[[123.373,-16.122],[123.372,-16.121],[123.372,-16.122],[123.373,-16.122]]],[[[123.441,-16.196],[123.442,-16.195],[123.441,-16.195],[123.441,-16.196]]],[[[123.876,-16.237],[123.877,-16.237],[123.876,-16.236],[123.876,-16.237]]],[[[123.476,-16.191],[123.476,-16.189],[123.476,-16.191],[123.476,-16.191]]],[[[123.556,-16.216],[123.557,-16.216],[123.557,-16.215],[123.556,-16.216]]],[[[124.017,-16.241],[124.017,-16.241],[124.016,-16.24],[124.017,-16.241]]],[[[124.395,-16.313],[124.396,-16.313],[124.395,-16.312],[124.395,-16.313]]],[[[124.385,-16.325],[124.385,-16.324],[124.385,-16.324],[124.385,-16.325]]],[[[123.931,-16.154],[123.931,-16.152],[123.93,-16.152],[123.931,-16.154]]],[[[123.567,-16.17],[123.568,-16.17],[123.567,-16.169],[123.567,-16.17]]],[[[124.586,-15.951],[124.594,-15.905],[124.546,-15.937],[124.532,-15.966],[124.586,-15.951]]],[[[124.194,-15.921],[124.201,-15.965],[124.234,-15.971],[124.233,-15.953],[124.211,-15.954],[124.194,-15.921]]],[[[123.548,-16.1],[123.55,-16.077],[123.564,-16.078],[123.53,-16.058],[123.526,-16.087],[123.544,-16.085],[123.548,-16.1]]],[[[124.451,-15.964],[124.449,-15.985],[124.469,-15.936],[124.463,-15.897],[124.451,-15.964]]],[[[123.517,-16.027],[123.53,-16.05],[123.552,-16.046],[123.522,-16.017],[123.517,-16.027]]],[[[124.229,-15.934],[124.212,-15.919],[124.219,-15.943],[124.229,-15.934]]],[[[123.158,-15.522],[123.159,-15.509],[123.156,-15.536],[123.167,-15.528],[123.158,-15.522]]],[[[123.697,-15.934],[123.689,-15.967],[123.702,-15.959],[123.697,-15.934]]],[[[123.295,-16.037],[123.278,-16.043],[123.314,-16.033],[123.295,-16.037]]],[[[124.629,-15.805],[124.648,-15.799],[124.656,-15.789],[124.629,-15.805]]],[[[124.456,-16.026],[124.47,-16.006],[124.464,-15.999],[124.456,-16.026]]],[[[123.408,-16.087],[123.419,-16.085],[123.389,-16.07],[123.408,-16.087]]],[[[124.447,-15.888],[124.453,-15.869],[124.442,-15.875],[124.447,-15.888]]],[[[123.384,-16.058],[123.378,-16.059],[123.424,-16.072],[123.384,-16.058]]],[[[124.452,-15.855],[124.453,-15.863],[124.452,-15.835],[124.452,-15.855]]],[[[124.21,-15.946],[124.22,-15.946],[124.212,-15.935],[124.21,-15.946]]],[[[124.186,-15.957],[124.177,-15.938],[124.175,-15.948],[124.186,-15.957]]],[[[124.477,-15.981],[124.484,-15.966],[124.474,-15.975],[124.477,-15.981]]],[[[124.007,-16.013],[124.028,-16.018],[124.02,-16.012],[124.007,-16.013]]],[[[123.364,-16.055],[123.361,-16.062],[123.376,-16.059],[123.364,-16.055]]],[[[124.471,-15.995],[124.477,-15.989],[124.471,-15.984],[124.471,-15.995]]],[[[124.072,-15.975],[124.079,-15.975],[124.065,-15.969],[124.072,-15.975]]],[[[123.551,-16.065],[123.563,-16.069],[123.555,-16.061],[123.551,-16.065]]],[[[124.412,-15.549],[124.417,-15.547],[124.411,-15.541],[124.412,-15.549]]],[[[123.377,-16.065],[123.381,-16.069],[123.386,-16.068],[123.377,-16.065]]],[[[124.401,-15.534],[124.405,-15.531],[124.4,-15.525],[124.401,-15.534]]],[[[124.466,-15.971],[124.471,-15.961],[124.465,-15.966],[124.466,-15.971]]],[[[123.52,-16.062],[123.507,-16.054],[123.514,-16.06],[123.52,-16.062]]],[[[124.594,-15.961],[124.597,-15.959],[124.594,-15.954],[124.594,-15.961]]],[[[124.47,-16.062],[124.473,-16.058],[124.469,-16.055],[124.47,-16.062]]],[[[124.038,-16.061],[124.039,-16.058],[124.035,-16.056],[124.038,-16.061]]],[[[124.502,-15.94],[124.506,-15.936],[124.498,-15.939],[124.502,-15.94]]],[[[124.343,-15.912],[124.345,-15.904],[124.341,-15.91],[124.343,-15.912]]],[[[124.401,-15.545],[124.401,-15.536],[124.399,-15.543],[124.401,-15.545]]],[[[124.491,-15.947],[124.493,-15.943],[124.488,-15.942],[124.491,-15.947]]],[[[123.541,-16.028],[123.545,-16.027],[123.54,-16.025],[123.541,-16.028]]],[[[123.934,-16.07],[123.936,-16.064],[123.933,-16.061],[123.934,-16.07]]],[[[123.541,-15.988],[123.538,-15.985],[123.536,-15.988],[123.541,-15.988]]],[[[123.352,-16.059],[123.351,-16.056],[123.345,-16.057],[123.352,-16.059]]],[[[124.586,-15.512],[124.59,-15.508],[124.586,-15.509],[124.586,-15.512]]],[[[124.455,-15.886],[124.452,-15.884],[124.456,-15.891],[124.455,-15.886]]],[[[123.273,-16.044],[123.274,-16.039],[123.271,-16.041],[123.273,-16.044]]],[[[123.555,-16.036],[123.553,-16.031],[123.551,-16.033],[123.555,-16.036]]],[[[123.366,-16.043],[123.357,-16.04],[123.359,-16.042],[123.366,-16.043]]],[[[124.46,-15.532],[124.462,-15.529],[124.459,-15.525],[124.46,-15.532]]],[[[123.367,-16.064],[123.368,-16.062],[123.364,-16.063],[123.367,-16.064]]],[[[124.181,-15.941],[124.179,-15.944],[124.181,-15.946],[124.181,-15.941]]],[[[123.354,-16.037],[123.353,-16.036],[123.348,-16.035],[123.354,-16.037]]],[[[124.459,-15.898],[124.455,-15.898],[124.457,-15.9],[124.459,-15.898]]],[[[124.662,-15.857],[124.662,-15.854],[124.659,-15.855],[124.662,-15.857]]],[[[123.635,-15.875],[123.638,-15.872],[123.638,-15.87],[123.635,-15.875]]],[[[123.349,-16.04],[123.355,-16.039],[123.349,-16.039],[123.349,-16.04]]],[[[123.36,-16.038],[123.36,-16.037],[123.356,-16.037],[123.36,-16.038]]],[[[124.382,-15.692],[124.381,-15.695],[124.384,-15.693],[124.382,-15.692]]],[[[125.168,-15.517],[125.166,-15.514],[125.166,-15.516],[125.168,-15.517]]],[[[124.441,-15.656],[124.442,-15.654],[124.439,-15.655],[124.441,-15.656]]],[[[124.421,-15.933],[124.421,-15.929],[124.42,-15.931],[124.421,-15.933]]],[[[124.195,-15.957],[124.193,-15.954],[124.192,-15.955],[124.195,-15.957]]],[[[124.458,-15.827],[124.458,-15.823],[124.457,-15.825],[124.458,-15.827]]],[[[124.064,-15.977],[124.064,-15.975],[124.061,-15.975],[124.064,-15.977]]],[[[123.692,-15.975],[123.693,-15.97],[123.69,-15.974],[123.692,-15.975]]],[[[124.569,-15.922],[124.572,-15.919],[124.57,-15.92],[124.569,-15.922]]],[[[123.288,-16.036],[123.289,-16.035],[123.286,-16.034],[123.288,-16.036]]],[[[125.155,-15.51],[125.154,-15.508],[125.152,-15.508],[125.155,-15.51]]],[[[123.711,-15.869],[123.707,-15.867],[123.708,-15.868],[123.711,-15.869]]],[[[124.597,-15.975],[124.595,-15.974],[124.595,-15.977],[124.597,-15.975]]],[[[124.681,-15.762],[124.683,-15.759],[124.68,-15.761],[124.681,-15.762]]],[[[123.367,-16.041],[123.367,-16.041],[123.363,-16.039],[123.367,-16.041]]],[[[124.67,-15.856],[124.67,-15.858],[124.67,-15.855],[124.67,-15.856]]],[[[124.039,-16.053],[124.041,-16.052],[124.04,-16.051],[124.039,-16.053]]],[[[125.03,-15.52],[125.03,-15.518],[125.029,-15.518],[125.03,-15.52]]],[[[124.304,-15.954],[124.307,-15.953],[124.306,-15.952],[124.304,-15.954]]],[[[123.674,-15.868],[123.673,-15.865],[123.673,-15.867],[123.674,-15.868]]],[[[124.439,-15.534],[124.44,-15.533],[124.438,-15.533],[124.439,-15.534]]],[[[124.452,-15.984],[124.454,-15.981],[124.452,-15.983],[124.452,-15.984]]],[[[124.63,-15.791],[124.63,-15.79],[124.628,-15.788],[124.63,-15.791]]],[[[124.209,-15.934],[124.21,-15.933],[124.209,-15.931],[124.209,-15.934]]],[[[123.683,-15.965],[123.684,-15.963],[123.683,-15.965],[123.683,-15.965]]],[[[124.612,-15.918],[124.613,-15.917],[124.612,-15.917],[124.612,-15.918]]],[[[124.402,-15.665],[124.402,-15.664],[124.401,-15.663],[124.402,-15.665]]],[[[123.561,-16.032],[123.559,-16.03],[123.56,-16.032],[123.561,-16.032]]],[[[123.688,-15.902],[123.689,-15.901],[123.688,-15.9],[123.688,-15.902]]],[[[124.341,-15.924],[124.342,-15.924],[124.341,-15.922],[124.341,-15.924]]],[[[124.448,-15.896],[124.447,-15.895],[124.447,-15.896],[124.448,-15.896]]],[[[124.303,-15.899],[124.302,-15.897],[124.302,-15.898],[124.303,-15.899]]],[[[124.41,-15.714],[124.411,-15.712],[124.41,-15.713],[124.41,-15.714]]],[[[124.415,-15.551],[124.416,-15.55],[124.416,-15.549],[124.415,-15.551]]],[[[124.453,-16.059],[124.453,-16.058],[124.452,-16.059],[124.453,-16.059]]],[[[124.284,-15.937],[124.284,-15.936],[124.282,-15.936],[124.284,-15.937]]],[[[123.402,-16.059],[123.402,-16.058],[123.401,-16.058],[123.402,-16.059]]],[[[123.341,-16.057],[123.341,-16.056],[123.339,-16.056],[123.341,-16.057]]],[[[124.326,-15.928],[124.325,-15.927],[124.325,-15.928],[124.326,-15.928]]],[[[124.495,-15.947],[124.496,-15.945],[124.494,-15.946],[124.495,-15.947]]],[[[124.633,-15.783],[124.634,-15.782],[124.633,-15.78],[124.633,-15.783]]],[[[124.706,-15.767],[124.707,-15.766],[124.705,-15.767],[124.706,-15.767]]],[[[124.343,-15.917],[124.344,-15.914],[124.343,-15.916],[124.343,-15.917]]],[[[124.457,-15.833],[124.458,-15.831],[124.457,-15.831],[124.457,-15.833]]],[[[124.675,-15.865],[124.675,-15.864],[124.674,-15.863],[124.675,-15.865]]],[[[123.513,-16.015],[123.513,-16.014],[123.512,-16.014],[123.513,-16.015]]],[[[125.166,-15.522],[125.167,-15.522],[125.166,-15.521],[125.166,-15.522]]],[[[125.013,-15.538],[125.014,-15.537],[125.012,-15.538],[125.013,-15.538]]],[[[124.459,-15.904],[124.46,-15.903],[124.459,-15.904],[124.459,-15.904]]],[[[123.674,-15.878],[123.674,-15.876],[123.674,-15.877],[123.674,-15.878]]],[[[124.491,-15.975],[124.492,-15.973],[124.491,-15.974],[124.491,-15.975]]],[[[123.692,-15.962],[123.692,-15.961],[123.691,-15.962],[123.692,-15.962]]],[[[124.472,-15.957],[124.472,-15.955],[124.472,-15.956],[124.472,-15.957]]],[[[124.592,-15.92],[124.594,-15.919],[124.593,-15.919],[124.592,-15.92]]],[[[124.289,-15.936],[124.289,-15.935],[124.288,-15.935],[124.289,-15.936]]],[[[124.62,-15.919],[124.619,-15.918],[124.619,-15.918],[124.62,-15.919]]],[[[124.627,-15.788],[124.627,-15.786],[124.627,-15.786],[124.627,-15.788]]],[[[123.557,-16.035],[123.557,-16.034],[123.557,-16.034],[123.557,-16.035]]],[[[124.418,-15.722],[124.419,-15.721],[124.418,-15.721],[124.418,-15.722]]],[[[124.711,-15.809],[124.71,-15.808],[124.71,-15.808],[124.711,-15.809]]],[[[125.224,-15.553],[125.223,-15.552],[125.223,-15.553],[125.224,-15.553]]],[[[124.484,-15.944],[124.485,-15.944],[124.484,-15.943],[124.484,-15.944]]],[[[123.697,-15.962],[123.697,-15.961],[123.697,-15.962],[123.697,-15.962]]],[[[124.599,-15.907],[124.6,-15.906],[124.599,-15.906],[124.599,-15.907]]],[[[125.225,-15.558],[125.226,-15.558],[125.225,-15.557],[125.225,-15.558]]],[[[124.435,-15.61],[124.435,-15.609],[124.434,-15.609],[124.435,-15.61]]],[[[124.395,-15.726],[124.395,-15.726],[124.394,-15.725],[124.395,-15.726]]],[[[124.451,-15.887],[124.451,-15.886],[124.451,-15.887],[124.451,-15.887]]],[[[124.433,-15.61],[124.433,-15.609],[124.432,-15.609],[124.433,-15.61]]],[[[123.939,-16.07],[123.939,-16.069],[123.938,-16.068],[123.939,-16.07]]],[[[124.386,-15.69],[124.386,-15.689],[124.386,-15.689],[124.386,-15.69]]],[[[124.669,-15.856],[124.669,-15.855],[124.669,-15.855],[124.669,-15.856]]],[[[124.48,-15.942],[124.48,-15.941],[124.479,-15.941],[124.48,-15.942]]],[[[124.466,-15.946],[124.466,-15.946],[124.466,-15.945],[124.466,-15.946]]],[[[124.463,-15.945],[124.464,-15.944],[124.463,-15.945],[124.463,-15.945]]],[[[124.455,-15.896],[124.455,-15.895],[124.454,-15.895],[124.455,-15.896]]],[[[124.457,-15.893],[124.458,-15.892],[124.457,-15.893],[124.457,-15.893]]],[[[123.56,-16.034],[123.559,-16.033],[123.559,-16.034],[123.56,-16.034]]],[[[124.341,-15.921],[124.341,-15.92],[124.34,-15.92],[124.341,-15.921]]],[[[123.16,-15.523],[123.16,-15.522],[123.16,-15.523],[123.16,-15.523]]],[[[124.615,-15.917],[124.615,-15.916],[124.615,-15.916],[124.615,-15.917]]],[[[123.561,-16.052],[123.561,-16.051],[123.561,-16.051],[123.561,-16.052]]],[[[123.541,-15.985],[123.541,-15.985],[123.541,-15.984],[123.541,-15.985]]],[[[123.158,-15.52],[123.158,-15.519],[123.158,-15.519],[123.158,-15.52]]],[[[124.38,-15.658],[124.381,-15.658],[124.381,-15.657],[124.38,-15.658]]],[[[124.456,-15.894],[124.457,-15.894],[124.456,-15.893],[124.456,-15.894]]],[[[124.444,-15.653],[124.445,-15.652],[124.444,-15.653],[124.444,-15.653]]],[[[125.259,-15.585],[125.259,-15.584],[125.258,-15.585],[125.259,-15.585]]],[[[124.64,-15.995],[124.641,-15.994],[124.64,-15.995],[124.64,-15.995]]],[[[124.605,-15.897],[124.606,-15.895],[124.605,-15.896],[124.605,-15.897]]],[[[124.61,-15.919],[124.61,-15.918],[124.61,-15.918],[124.61,-15.919]]],[[[124.471,-15.958],[124.472,-15.957],[124.471,-15.957],[124.471,-15.958]]],[[[125.225,-15.557],[125.225,-15.555],[125.224,-15.555],[125.225,-15.557]]],[[[124.627,-15.881],[124.628,-15.881],[124.627,-15.88],[124.627,-15.881]]],[[[124.455,-15.883],[124.455,-15.882],[124.455,-15.883],[124.455,-15.883]]],[[[125.013,-15.535],[125.013,-15.534],[125.013,-15.534],[125.013,-15.535]]],[[[124.454,-15.981],[124.455,-15.981],[124.455,-15.98],[124.454,-15.981]]],[[[125.262,-15.584],[125.262,-15.584],[125.261,-15.583],[125.262,-15.584]]],[[[124.617,-15.916],[124.616,-15.916],[124.616,-15.916],[124.617,-15.916]]],[[[124.609,-15.921],[124.609,-15.92],[124.608,-15.92],[124.609,-15.921]]],[[[124.675,-15.88],[124.675,-15.88],[124.674,-15.879],[124.675,-15.88]]],[[[124.588,-15.512],[124.589,-15.511],[124.588,-15.511],[124.588,-15.512]]],[[[124.59,-15.512],[124.59,-15.512],[124.59,-15.511],[124.59,-15.512]]],[[[125.008,-15.528],[125.008,-15.528],[125.007,-15.528],[125.008,-15.528]]]]},"properties":{"sa4_code_2021":"510","sa4_name_2021":"Western Australia - Outback (North)"},"id":"510"},{"type":"Feature","geometry":{"type":"MultiPolygon","coordinates":[[[[120.01,-31.867],[120.01,-32.765],[120.581,-32.765],[120.255,-32.995],[120.217,-33.075],[120.028,-33.08],[120.061,-33.119],[119.972,-33.168],[119.979,-33.238],[120.003,-33.238],[120.003,-33.254],[119.853,-33.345],[119.806,-33.351],[119.77,-33.389],[119.678,-33.329],[119.453,-33.512],[119.442,-33.525],[119.54,-33.578],[119.44,-33.711],[119.455,-33.741],[119.431,-33.763],[119.449,-33.803],[119.498,-33.803],[119.498,-33.897],[119.347,-33.897],[119.254,-33.983],[119.184,-33.982],[119.318,-34.124],[119.318,-34.37],[119.341,-34.384],[119.4,-34.394],[119.411,-34.376],[119.446,-34.367],[119.484,-34.376],[119.492,-34.393],[119.478,-34.402],[119.503,-34.411],[119.576,-34.387],[119.507,-34.359],[119.503,-34.29],[119.457,-34.289],[119.504,-34.288],[119.535,-34.221],[119.588,-34.171],[119.579,-34.16],[119.597,-34.135],[119.64,-34.113],[119.65,-34.088],[119.734,-34.061],[119.816,-33.983],[119.851,-33.97],[119.944,-33.978],[119.991,-33.936],[120.043,-33.923],[120.127,-33.954],[120.231,-33.932],[120.437,-33.972],[120.558,-33.926],[120.553,-33.903],[120.593,-33.886],[120.813,-33.893],[120.869,-33.856],[121.008,-33.873],[121.1,-33.849],[121.177,-33.878],[121.199,-33.845],[121.268,-33.851],[121.299,-33.825],[121.349,-33.83],[121.362,-33.815],[121.429,-33.83],[121.468,-33.823],[121.505,-33.84],[121.547,-33.828],[121.628,-33.869],[121.645,-33.898],[121.695,-33.861],[121.79,-33.909],[121.9,-33.879],[121.908,-33.868],[121.894,-33.864],[121.915,-33.838],[122.001,-33.829],[122.085,-33.903],[122.119,-33.98],[122.093,-34.003],[122.113,-34.0],[122.114,-34.017],[122.165,-34.002],[122.193,-34.017],[122.227,-33.988],[122.249,-34.005],[122.277,-34.001],[122.275,-33.959],[122.326,-33.929],[122.354,-33.933],[122.364,-33.914],[122.444,-33.919],[122.501,-33.937],[122.51,-33.953],[122.558,-33.937],[122.572,-33.961],[122.597,-33.937],[122.582,-33.916],[122.619,-33.893],[122.748,-33.896],[122.774,-33.878],[122.829,-33.91],[122.935,-33.886],[122.976,-33.902],[123.023,-33.857],[123.083,-33.872],[123.134,-33.904],[123.161,-33.946],[123.148,-33.976],[123.172,-33.99],[123.152,-34.011],[123.163,-34.017],[123.287,-33.98],[123.33,-33.919],[123.371,-33.896],[123.474,-33.906],[123.508,-33.922],[123.512,-33.943],[123.534,-33.94],[123.573,-33.888],[123.639,-33.877],[123.656,-33.847],[123.764,-33.795],[123.747,-33.765],[123.774,-33.698],[123.878,-33.633],[123.875,-33.599],[123.976,-33.559],[123.998,-33.426],[124.101,-33.176],[124.154,-33.096],[124.239,-33.018],[124.394,-32.949],[124.741,-32.9],[124.814,-32.873],[124.895,-32.833],[125.026,-32.729],[125.102,-32.715],[125.315,-32.608],[125.532,-32.549],[125.801,-32.367],[125.951,-32.291],[126.037,-32.269],[126.081,-32.275],[126.203,-32.232],[126.422,-32.284],[126.673,-32.308],[126.773,-32.292],[126.957,-32.298],[127.326,-32.257],[127.519,-32.214],[127.585,-32.175],[127.706,-32.137],[128.022,-32.074],[128.314,-31.979],[128.642,-31.851],[128.896,-31.717],[129.002,-31.687],[129.001,-23.44],[121.005,-23.44],[121.005,-23.728],[120.671,-23.728],[120.771,-23.589],[120.791,-23.44],[118.884,-23.44],[118.884,-23.419],[118.819,-23.419],[118.819,-23.44],[118.426,-23.44],[118.426,-23.315],[118.167,-23.315],[118.167,-23.293],[118.079,-23.293],[118.079,-23.375],[117.992,-23.375],[117.992,-23.394],[117.716,-23.378],[117.716,-23.438],[117.637,-23.438],[117.637,-23.485],[117.658,-23.485],[117.658,-23.533],[117.744,-23.533],[117.744,-23.618],[117.714,-23.679],[117.714,-23.74],[117.626,-23.74],[117.626,-23.793],[117.053,-23.788],[117.045,-23.805],[116.858,-23.805],[116.858,-23.573],[116.598,-23.574],[116.598,-23.51],[116.495,-23.51],[116.494,-23.599],[116.297,-23.6],[116.297,-23.655],[116.191,-23.655],[116.191,-23.631],[116.137,-23.631],[116.137,-23.603],[116.076,-23.603],[116.076,-23.578],[115.98,-23.578],[115.98,-23.888],[115.872,-23.888],[115.872,-23.867],[115.777,-23.867],[115.774,-23.842],[115.726,-23.843],[115.727,-23.743],[115.703,-23.743],[115.703,-23.675],[115.605,-23.675],[115.605,-23.575],[115.526,-23.575],[115.532,-23.485],[115.478,-23.485],[115.478,-23.392],[115.196,-23.392],[115.196,-23.452],[114.737,-23.452],[114.737,-23.39],[114.632,-23.39],[114.632,-23.22],[114.673,-23.22],[114.673,-23.129],[114.545,-23.13],[114.545,-23.074],[114.479,-23.074],[114.479,-23.018],[114.598,-23.018],[114.598,-22.969],[114.645,-22.969],[114.661,-22.933],[114.709,-22.933],[114.709,-22.906],[114.671,-22.906],[114.701,-22.801],[114.75,-22.716],[114.754,-22.668],[114.637,-22.668],[114.637,-22.505],[114.559,-22.505],[114.559,-22.278],[114.432,-22.278],[114.461,-22.293],[114.449,-22.3],[114.461,-22.328],[114.434,-22.295],[114.44,-22.304],[114.417,-22.31],[114.426,-22.32],[114.412,-22.319],[114.414,-22.34],[114.443,-22.343],[114.431,-22.352],[114.452,-22.363],[114.41,-22.35],[114.417,-22.364],[114.401,-22.36],[114.397,-22.385],[114.423,-22.396],[114.393,-22.392],[114.392,-22.422],[114.408,-22.429],[114.386,-22.427],[114.405,-22.439],[114.38,-22.441],[114.404,-22.469],[114.384,-22.465],[114.386,-22.485],[114.373,-22.483],[114.384,-22.491],[114.365,-22.49],[114.377,-22.498],[114.359,-22.504],[114.346,-22.49],[114.34,-22.516],[114.324,-22.48],[114.324,-22.505],[114.317,-22.441],[114.282,-22.434],[114.226,-22.457],[114.214,-22.503],[114.162,-22.534],[114.151,-22.517],[114.144,-22.538],[114.144,-22.507],[114.125,-22.512],[114.139,-22.498],[114.122,-22.473],[114.122,-22.416],[114.178,-22.353],[114.178,-22.305],[114.149,-22.301],[114.116,-22.331],[114.133,-22.262],[114.085,-22.191],[114.08,-22.154],[114.144,-21.958],[114.149,-21.867],[114.191,-21.815],[114.161,-21.786],[114.079,-21.816],[113.995,-21.875],[113.934,-21.973],[113.816,-22.316],[113.749,-22.408],[113.738,-22.471],[113.708,-22.497],[113.714,-22.518],[113.665,-22.55],[113.654,-22.579],[113.674,-22.597],[113.668,-22.629],[113.686,-22.664],[113.67,-22.717],[113.709,-22.715],[113.755,-22.756],[113.826,-22.956],[113.829,-23.031],[113.812,-23.083],[113.76,-23.121],[113.794,-23.296],[113.777,-23.379],[113.78,-23.471],[113.753,-23.528],[113.613,-23.631],[113.567,-23.752],[113.532,-23.775],[113.514,-23.847],[113.47,-23.899],[113.459,-24.014],[113.422,-24.043],[113.443,-24.182],[113.409,-24.224],[113.39,-24.224],[113.406,-24.303],[113.4,-24.411],[113.407,-24.484],[113.428,-24.516],[113.623,-24.746],[113.633,-24.797],[113.618,-24.859],[113.707,-24.851],[113.644,-24.878],[113.65,-24.907],[113.665,-24.896],[113.692,-24.929],[113.664,-24.959],[113.666,-25.023],[113.712,-25.103],[113.817,-25.174],[113.843,-25.265],[113.891,-25.337],[113.891,-25.373],[113.914,-25.401],[113.902,-25.41],[113.944,-25.459],[113.948,-25.477],[113.934,-25.475],[113.992,-25.565],[113.992,-25.575],[113.982,-25.561],[113.99,-25.59],[114.015,-25.62],[114.004,-25.619],[114.048,-25.667],[114.035,-25.663],[114.12,-25.728],[114.119,-25.755],[114.146,-25.78],[114.134,-25.778],[114.205,-25.853],[114.267,-25.888],[114.247,-25.937],[114.265,-25.982],[114.224,-25.987],[114.218,-25.969],[114.195,-25.984],[114.239,-26.073],[114.236,-26.118],[114.255,-26.145],[114.225,-26.165],[114.224,-26.119],[114.188,-26.18],[114.204,-26.245],[114.238,-26.284],[114.238,-26.313],[114.21,-26.372],[114.166,-26.39],[114.077,-26.467],[114.083,-26.455],[114.054,-26.419],[113.973,-26.343],[113.95,-26.268],[113.96,-26.244],[113.934,-26.204],[113.948,-26.143],[113.911,-26.122],[113.908,-26.054],[113.894,-26.035],[113.914,-25.982],[113.906,-25.96],[113.877,-25.945],[113.865,-25.956],[113.884,-26.06],[113.838,-26.139],[113.846,-26.114],[113.835,-26.116],[113.83,-26.154],[113.78,-26.213],[113.762,-26.212],[113.754,-26.185],[113.742,-26.207],[113.703,-26.2],[113.728,-26.187],[113.701,-26.132],[113.7,-26.045],[113.734,-26.014],[113.732,-25.95],[113.762,-25.879],[113.722,-25.868],[113.722,-25.793],[113.692,-25.789],[113.607,-25.714],[113.581,-25.621],[113.559,-25.636],[113.525,-25.608],[113.511,-25.503],[113.432,-25.626],[113.414,-25.725],[113.469,-25.785],[113.454,-25.765],[113.464,-25.751],[113.45,-25.756],[113.457,-25.713],[113.445,-25.709],[113.472,-25.709],[113.459,-25.716],[113.473,-25.731],[113.461,-25.734],[113.479,-25.783],[113.461,-25.809],[113.513,-25.852],[113.525,-25.884],[113.518,-25.92],[113.559,-25.946],[113.58,-26.097],[113.621,-26.101],[113.687,-26.186],[113.688,-26.218],[113.798,-26.252],[113.881,-26.335],[113.885,-26.371],[113.87,-26.391],[113.887,-26.45],[113.883,-26.508],[113.812,-26.576],[113.808,-26.611],[113.769,-26.587],[113.738,-26.618],[113.687,-26.602],[113.686,-26.638],[113.7,-26.639],[113.689,-26.649],[113.705,-26.662],[113.681,-26.658],[113.664,-26.674],[113.664,-26.596],[113.642,-26.619],[113.626,-26.571],[113.631,-26.463],[113.622,-26.539],[113.614,-26.489],[113.61,-26.515],[113.593,-26.512],[113.588,-26.586],[113.607,-26.606],[113.598,-26.614],[113.558,-26.574],[113.577,-26.505],[113.552,-26.469],[113.567,-26.433],[113.537,-26.28],[113.512,-26.277],[113.514,-26.302],[113.494,-26.31],[113.516,-26.322],[113.528,-26.362],[113.506,-26.409],[113.503,-26.469],[113.486,-26.485],[113.477,-26.477],[113.485,-26.431],[113.502,-26.42],[113.485,-26.384],[113.496,-26.378],[113.502,-26.4],[113.507,-26.364],[113.488,-26.357],[113.499,-26.336],[113.448,-26.213],[113.445,-26.163],[113.424,-26.161],[113.429,-26.139],[113.397,-26.114],[113.364,-26.017],[113.359,-26.065],[113.387,-26.111],[113.387,-26.213],[113.365,-26.211],[113.336,-26.3],[113.355,-26.301],[113.4,-26.418],[113.394,-26.392],[113.368,-26.399],[113.356,-26.331],[113.339,-26.347],[113.327,-26.337],[113.32,-26.126],[113.299,-26.016],[113.285,-26.04],[113.291,-26.126],[113.27,-26.242],[113.261,-26.191],[113.156,-26.152],[113.278,-26.294],[113.308,-26.387],[113.297,-26.4],[113.584,-26.671],[113.783,-26.929],[113.966,-27.232],[114.103,-27.499],[114.163,-27.707],[114.173,-27.659],[114.182,-27.68],[114.126,-27.769],[114.105,-27.849],[114.175,-28.111],[114.24,-28.187],[114.321,-28.23],[114.405,-28.335],[114.433,-28.394],[114.466,-28.407],[114.455,-28.41],[114.531,-28.496],[114.612,-28.664],[114.615,-28.763],[114.576,-28.784],[114.612,-28.795],[114.635,-28.875],[114.872,-29.117],[114.921,-29.255],[114.914,-29.277],[114.954,-29.352],[114.956,-29.397],[114.998,-29.494],[114.958,-29.684],[114.983,-29.911],[114.955,-30.049],[114.963,-30.072],[114.984,-30.08],[115.004,-30.144],[115.044,-30.145],[115.038,-30.074],[115.079,-30.074],[115.079,-30.106],[115.213,-30.106],[115.235,-30.173],[115.481,-30.173],[115.484,-30.205],[115.647,-30.191],[115.795,-30.135],[115.795,-30.205],[115.876,-30.196],[115.876,-30.176],[116.12,-30.178],[116.176,-30.202],[116.264,-30.191],[116.264,-30.163],[116.296,-30.163],[116.296,-30.186],[116.354,-30.186],[116.371,-30.175],[116.371,-30.138],[116.353,-30.127],[116.356,-29.962],[116.322,-29.962],[116.322,-29.926],[116.463,-29.927],[116.522,-29.904],[116.746,-29.907],[116.74,-29.897],[116.769,-29.871],[116.78,-29.889],[116.818,-29.89],[116.791,-29.869],[116.842,-29.84],[116.798,-29.806],[116.792,-29.743],[116.856,-29.743],[116.856,-29.773],[117.101,-29.773],[117.101,-29.801],[117.502,-29.801],[117.509,-29.777],[117.57,-29.756],[117.551,-29.748],[117.569,-29.737],[117.551,-29.704],[117.58,-29.617],[117.603,-29.644],[117.703,-29.675],[117.722,-29.655],[117.695,-29.612],[118.503,-29.612],[120.014,-30.161],[120.01,-31.867]]],[[[113.873,-28.917],[113.874,-28.916],[113.872,-28.916],[113.873,-28.917]]],[[[113.876,-28.915],[113.878,-28.913],[113.877,-28.913],[113.876,-28.915]]],[[[113.873,-28.906],[113.873,-28.906],[113.871,-28.906],[113.873,-28.906]]],[[[113.858,-28.906],[113.858,-28.906],[113.858,-28.905],[113.858,-28.906]]],[[[113.994,-28.865],[114.001,-28.864],[113.996,-28.863],[113.994,-28.865]]],[[[114.017,-28.854],[114.017,-28.854],[114.017,-28.853],[114.017,-28.854]]],[[[114.015,-28.852],[114.015,-28.852],[114.015,-28.852],[114.015,-28.852]]],[[[114.017,-28.852],[114.018,-28.851],[114.017,-28.851],[114.017,-28.852]]],[[[113.961,-28.987],[113.961,-28.986],[113.961,-28.986],[113.961,-28.987]]],[[[113.865,-28.91],[113.864,-28.911],[113.866,-28.911],[113.865,-28.91]]],[[[113.913,-28.908],[113.914,-28.905],[113.911,-28.912],[113.913,-28.908]]],[[[113.946,-28.901],[113.945,-28.901],[113.946,-28.901],[113.946,-28.901]]],[[[114.006,-28.899],[114.007,-28.898],[114.006,-28.898],[114.006,-28.899]]],[[[113.861,-28.899],[113.862,-28.898],[113.861,-28.898],[113.861,-28.899]]],[[[113.857,-28.888],[113.861,-28.89],[113.86,-28.884],[113.857,-28.888]]],[[[113.962,-28.877],[113.963,-28.874],[113.961,-28.876],[113.962,-28.877]]],[[[114.004,-28.874],[114.005,-28.873],[114.004,-28.872],[114.004,-28.874]]],[[[113.878,-28.873],[113.877,-28.872],[113.877,-28.872],[113.878,-28.873]]],[[[113.968,-28.869],[113.97,-28.867],[113.967,-28.868],[113.968,-28.869]]],[[[114.04,-28.799],[114.038,-28.8],[114.043,-28.801],[114.04,-28.799]]],[[[113.787,-28.776],[113.788,-28.775],[113.787,-28.774],[113.787,-28.776]]],[[[113.806,-28.753],[113.81,-28.749],[113.802,-28.752],[113.806,-28.753]]],[[[113.818,-28.742],[113.818,-28.741],[113.817,-28.741],[113.818,-28.742]]],[[[113.78,-28.74],[113.781,-28.738],[113.779,-28.739],[113.78,-28.74]]],[[[113.782,-28.735],[113.783,-28.735],[113.783,-28.734],[113.782,-28.735]]],[[[113.787,-28.733],[113.787,-28.732],[113.786,-28.732],[113.787,-28.733]]],[[[113.787,-28.729],[113.787,-28.725],[113.785,-28.728],[113.787,-28.729]]],[[[113.779,-28.701],[113.781,-28.701],[113.779,-28.701],[113.779,-28.701]]],[[[113.837,-28.698],[113.838,-28.695],[113.835,-28.692],[113.837,-28.698]]],[[[113.829,-28.686],[113.829,-28.687],[113.829,-28.687],[113.829,-28.686]]],[[[113.831,-28.676],[113.832,-28.674],[113.829,-28.67],[113.831,-28.676]]],[[[113.829,-28.669],[113.827,-28.667],[113.827,-28.668],[113.829,-28.669]]],[[[113.878,-28.661],[113.879,-28.658],[113.878,-28.657],[113.878,-28.661]]],[[[113.884,-28.631],[113.884,-28.63],[113.882,-28.63],[113.884,-28.631]]],[[[113.677,-28.459],[113.679,-28.458],[113.677,-28.458],[113.677,-28.459]]],[[[113.589,-28.302],[113.603,-28.297],[113.595,-28.289],[113.589,-28.302]]],[[[114.07,-25.687],[114.07,-25.686],[114.066,-25.684],[114.07,-25.687]]],[[[113.103,-25.172],[113.128,-25.06],[113.118,-24.992],[113.088,-25.07],[113.095,-25.121],[113.069,-25.231],[113.076,-25.273],[113.103,-25.172]]],[[[113.16,-24.751],[113.161,-24.749],[113.159,-24.749],[113.16,-24.751]]],[[[113.964,-28.956],[113.962,-28.985],[113.967,-28.939],[114.005,-28.9],[113.967,-28.933],[113.964,-28.956]]],[[[113.883,-28.909],[113.885,-28.909],[113.882,-28.909],[113.883,-28.909]]],[[[113.879,-28.909],[113.878,-28.909],[113.88,-28.909],[113.879,-28.909]]],[[[114.004,-28.898],[114.005,-28.898],[114.005,-28.897],[114.004,-28.898]]],[[[113.922,-28.89],[113.922,-28.888],[113.921,-28.89],[113.922,-28.89]]],[[[113.897,-28.899],[113.9,-28.896],[113.897,-28.896],[113.897,-28.899]]],[[[113.965,-28.873],[113.966,-28.871],[113.964,-28.872],[113.965,-28.873]]],[[[114.001,-28.872],[114.003,-28.871],[114.001,-28.871],[114.001,-28.872]]],[[[113.987,-28.871],[113.988,-28.871],[113.988,-28.869],[113.987,-28.871]]],[[[113.986,-28.867],[113.987,-28.866],[113.986,-28.866],[113.986,-28.867]]],[[[113.976,-28.867],[113.978,-28.866],[113.977,-28.863],[113.976,-28.867]]],[[[113.853,-28.671],[113.854,-28.67],[113.853,-28.67],[113.853,-28.671]]],[[[113.812,-28.748],[113.817,-28.743],[113.81,-28.744],[113.812,-28.748]]],[[[113.81,-28.749],[113.81,-28.748],[113.81,-28.748],[113.81,-28.749]]],[[[113.832,-28.687],[113.834,-28.679],[113.831,-28.68],[113.832,-28.687]]],[[[113.853,-28.676],[113.854,-28.673],[113.851,-28.674],[113.853,-28.676]]],[[[113.856,-28.674],[113.856,-28.675],[113.856,-28.675],[113.856,-28.674]]],[[[113.857,-28.675],[113.857,-28.675],[113.857,-28.675],[113.857,-28.675]]],[[[113.708,-28.469],[113.708,-28.468],[113.707,-28.468],[113.708,-28.469]]],[[[113.711,-28.469],[113.711,-28.467],[113.711,-28.468],[113.711,-28.469]]],[[[114.277,-28.214],[114.277,-28.214],[114.277,-28.214],[114.277,-28.214]]],[[[113.857,-25.867],[113.853,-25.861],[113.853,-25.864],[113.857,-25.867]]],[[[113.868,-25.804],[113.871,-25.803],[113.868,-25.803],[113.868,-25.804]]],[[[113.126,-24.893],[113.119,-24.987],[113.15,-24.935],[113.138,-24.871],[113.165,-24.804],[113.16,-24.755],[113.14,-24.791],[113.126,-24.893]]],[[[113.408,-24.49],[113.409,-24.488],[113.408,-24.489],[113.408,-24.49]]],[[[114.401,-22.465],[114.399,-22.464],[114.398,-22.464],[114.401,-22.465]]],[[[114.34,-22.488],[114.34,-22.486],[114.339,-22.487],[114.34,-22.488]]],[[[114.357,-22.488],[114.357,-22.488],[114.357,-22.487],[114.357,-22.488]]],[[[113.834,-28.727],[113.836,-28.724],[113.833,-28.725],[113.834,-28.727]]],[[[113.859,-28.692],[113.87,-28.686],[113.86,-28.686],[113.859,-28.692]]],[[[113.859,-28.682],[113.859,-28.681],[113.859,-28.681],[113.859,-28.682]]],[[[113.855,-28.672],[113.855,-28.672],[113.854,-28.672],[113.855,-28.672]]],[[[113.859,-28.673],[113.859,-28.672],[113.859,-28.672],[113.859,-28.673]]],[[[113.877,-28.673],[113.878,-28.672],[113.877,-28.669],[113.877,-28.673]]],[[[113.686,-28.483],[113.708,-28.465],[113.701,-28.44],[113.682,-28.454],[113.686,-28.483]]],[[[113.713,-28.475],[113.714,-28.474],[113.712,-28.474],[113.713,-28.475]]],[[[113.698,-28.474],[113.699,-28.474],[113.699,-28.473],[113.698,-28.474]]],[[[113.7,-28.474],[113.701,-28.474],[113.701,-28.474],[113.7,-28.474]]],[[[113.338,-26.316],[113.332,-26.317],[113.339,-26.324],[113.338,-26.316]]],[[[113.917,-25.859],[113.909,-25.817],[113.879,-25.801],[113.852,-25.816],[113.874,-25.871],[113.858,-25.868],[113.88,-25.887],[113.92,-25.897],[113.919,-25.846],[113.917,-25.859]]],[[[114.031,-25.651],[114.024,-25.638],[114.023,-25.644],[114.031,-25.651]]],[[[114.064,-25.686],[114.054,-25.677],[114.054,-25.68],[114.064,-25.686]]],[[[114.026,-25.662],[114.029,-25.661],[114.023,-25.656],[114.026,-25.662]]],[[[113.916,-25.846],[113.918,-25.845],[113.917,-25.842],[113.916,-25.846]]],[[[114.071,-25.69],[114.067,-25.688],[114.068,-25.69],[114.071,-25.69]]],[[[114.035,-25.652],[114.034,-25.65],[114.034,-25.651],[114.035,-25.652]]],[[[114.025,-25.637],[114.025,-25.637],[114.024,-25.636],[114.025,-25.637]]],[[[114.033,-25.655],[114.034,-25.654],[114.033,-25.653],[114.033,-25.655]]],[[[113.168,-24.799],[113.168,-24.798],[113.167,-24.798],[113.168,-24.799]]],[[[113.788,-28.714],[113.78,-28.709],[113.784,-28.723],[113.788,-28.714]],[[113.84,-28.707],[113.836,-28.723],[113.84,-28.701],[113.84,-28.707]]],[[[113.788,-28.724],[113.788,-28.723],[113.787,-28.723],[113.788,-28.724]]],[[[113.876,-28.666],[113.877,-28.666],[113.878,-28.662],[113.876,-28.666]]],[[[113.862,-28.67],[113.863,-28.668],[113.862,-28.668],[113.862,-28.67]]],[[[113.72,-28.445],[113.745,-28.426],[113.718,-28.43],[113.72,-28.445]]],[[[113.715,-28.459],[113.718,-28.453],[113.714,-28.457],[113.715,-28.459]]],[[[113.713,-28.464],[113.715,-28.461],[113.714,-28.461],[113.713,-28.464]]],[[[113.726,-28.456],[113.728,-28.453],[113.726,-28.454],[113.726,-28.456]]],[[[113.813,-28.466],[113.814,-28.463],[113.813,-28.464],[113.813,-28.466]]],[[[113.808,-28.477],[113.809,-28.475],[113.808,-28.474],[113.808,-28.477]]],[[[113.786,-28.476],[113.784,-28.474],[113.784,-28.476],[113.786,-28.476]]],[[[113.743,-28.477],[113.744,-28.476],[113.743,-28.476],[113.743,-28.477]]],[[[113.717,-28.452],[113.717,-28.451],[113.716,-28.451],[113.717,-28.452]]],[[[113.724,-28.463],[113.724,-28.461],[113.723,-28.461],[113.724,-28.463]]],[[[113.772,-28.463],[113.773,-28.462],[113.772,-28.461],[113.772,-28.463]]],[[[113.764,-28.47],[113.763,-28.471],[113.764,-28.471],[113.764,-28.47]]],[[[113.809,-28.474],[113.81,-28.473],[113.809,-28.474],[113.809,-28.474]]],[[[113.885,-25.334],[113.877,-25.324],[113.879,-25.331],[113.885,-25.334]]],[[[113.887,-25.335],[113.888,-25.335],[113.886,-25.332],[113.887,-25.335]]],[[[113.911,-25.402],[113.912,-25.401],[113.91,-25.399],[113.911,-25.402]]],[[[113.883,-25.326],[113.883,-25.324],[113.881,-25.323],[113.883,-25.326]]],[[[114.022,-25.634],[114.021,-25.633],[114.021,-25.634],[114.022,-25.634]]],[[[113.89,-25.338],[113.889,-25.337],[113.889,-25.338],[113.89,-25.338]]],[[[114.003,-25.616],[114.004,-25.616],[114.003,-25.615],[114.003,-25.616]],[[114.17,-22.455],[114.148,-22.489],[114.169,-22.445],[114.17,-22.455]]],[[[114.185,-22.425],[114.187,-22.414],[114.182,-22.411],[114.185,-22.425]]],[[[114.387,-22.402],[114.382,-22.395],[114.377,-22.399],[114.387,-22.402]]],[[[114.136,-22.449],[114.139,-22.448],[114.142,-22.437],[114.136,-22.449]]],[[[114.199,-22.354],[114.203,-22.349],[114.198,-22.353],[114.199,-22.354]]],[[[114.132,-22.46],[114.133,-22.456],[114.131,-22.459],[114.132,-22.46]]],[[[114.183,-22.401],[114.184,-22.4],[114.184,-22.399],[114.183,-22.401]]],[[[114.459,-22.325],[114.459,-22.324],[114.458,-22.322],[114.459,-22.325]]],[[[114.305,-22.43],[114.304,-22.428],[114.304,-22.429],[114.305,-22.43]]],[[[114.38,-22.439],[114.38,-22.437],[114.379,-22.438],[114.38,-22.439]]],[[[114.376,-22.438],[114.377,-22.437],[114.375,-22.436],[114.376,-22.438]]],[[[114.151,-22.444],[114.151,-22.442],[114.15,-22.443],[114.151,-22.444]]],[[[114.39,-22.402],[114.39,-22.401],[114.39,-22.401],[114.39,-22.402]]],[[[114.381,-22.394],[114.381,-22.393],[114.38,-22.393],[114.381,-22.394]]],[[[113.773,-28.479],[113.775,-28.475],[113.773,-28.464],[113.773,-28.479]]],[[[113.767,-28.498],[113.767,-28.495],[113.766,-28.497],[113.767,-28.498]]],[[[113.802,-28.484],[113.804,-28.482],[113.803,-28.482],[113.802,-28.484]]],[[[113.732,-28.478],[113.731,-28.478],[113.731,-28.479],[113.732,-28.478]]],[[[113.784,-28.484],[113.784,-28.484],[113.783,-28.484],[113.784,-28.484]]],[[[113.74,-28.495],[113.741,-28.495],[113.74,-28.494],[113.74,-28.495]]],[[[113.763,-26.544],[113.776,-26.545],[113.773,-26.532],[113.763,-26.544]]],[[[113.648,-26.556],[113.649,-26.552],[113.645,-26.554],[113.648,-26.556]]],[[[113.693,-26.534],[113.69,-26.532],[113.69,-26.534],[113.693,-26.534]]],[[[113.692,-26.546],[113.692,-26.545],[113.691,-26.544],[113.692,-26.546]]],[[[113.666,-26.614],[113.667,-26.613],[113.666,-26.613],[113.666,-26.614]]],[[[113.633,-26.575],[113.634,-26.575],[113.631,-26.575],[113.633,-26.575]]],[[[113.726,-26.585],[113.726,-26.583],[113.725,-26.583],[113.726,-26.585]]],[[[113.652,-26.593],[113.653,-26.591],[113.651,-26.592],[113.652,-26.593]]],[[[113.667,-26.662],[113.667,-26.661],[113.666,-26.66],[113.667,-26.662]]],[[[113.724,-26.582],[113.724,-26.581],[113.723,-26.582],[113.724,-26.582]]],[[[113.012,-25.517],[113.022,-25.498],[112.992,-25.499],[112.971,-25.48],[112.928,-25.529],[112.922,-25.609],[112.98,-25.749],[112.966,-25.78],[113.023,-25.86],[113.049,-25.931],[113.136,-26.022],[113.181,-26.123],[113.209,-26.135],[113.216,-26.163],[113.238,-26.106],[113.22,-26.037],[113.204,-26.03],[113.204,-26.003],[113.167,-25.98],[113.168,-25.943],[113.151,-25.941],[113.158,-25.969],[113.137,-25.977],[113.126,-25.922],[113.156,-25.888],[113.11,-25.868],[113.115,-25.839],[113.077,-25.769],[113.039,-25.618],[113.009,-25.561],[113.012,-25.517]]],[[[113.312,-26.086],[113.313,-26.085],[113.311,-26.082],[113.312,-26.086]]],[[[113.157,-25.91],[113.158,-25.909],[113.157,-25.909],[113.157,-25.91]]],[[[113.237,-26.125],[113.238,-26.124],[113.236,-26.125],[113.237,-26.125]]],[[[113.201,-26.001],[113.202,-26.0],[113.2,-26.001],[113.201,-26.001]]],[[[113.879,-26.041],[113.869,-26.017],[113.837,-26.002],[113.879,-26.041]]],[[[113.878,-26.056],[113.878,-26.048],[113.866,-26.083],[113.878,-26.056]]],[[[113.862,-26.368],[113.868,-26.384],[113.865,-26.349],[113.862,-26.368]]],[[[113.706,-26.094],[113.721,-26.063],[113.717,-26.058],[113.706,-26.094]]],[[[113.704,-26.12],[113.705,-26.124],[113.703,-26.095],[113.704,-26.12]],[[113.707,-26.14],[113.707,-26.142],[113.705,-26.125],[113.707,-26.14]]],[[[113.508,-26.4],[113.512,-26.394],[113.507,-26.395],[113.508,-26.4]],[[113.896,-25.955],[113.902,-25.957],[113.887,-25.952],[113.896,-25.955]]],[[[113.648,-26.519],[113.652,-26.518],[113.651,-26.513],[113.648,-26.519]]],[[[113.715,-26.041],[113.718,-26.039],[113.718,-26.03],[113.715,-26.041]]],[[[113.881,-26.453],[113.883,-26.452],[113.88,-26.445],[113.881,-26.453]]],[[[113.706,-26.081],[113.709,-26.077],[113.707,-26.074],[113.706,-26.081]]],[[[113.881,-26.456],[113.877,-26.448],[113.877,-26.454],[113.881,-26.456]]],[[[113.505,-26.414],[113.506,-26.413],[113.503,-26.41],[113.505,-26.414]]],[[[114.231,-26.161],[114.234,-26.158],[114.23,-26.159],[114.231,-26.161]]],[[[113.866,-26.347],[113.869,-26.34],[113.867,-26.342],[113.866,-26.347]]],[[[113.957,-26.251],[113.963,-26.246],[113.957,-26.25],[113.957,-26.251]]],[[[113.877,-26.446],[113.879,-26.442],[113.877,-26.444],[113.877,-26.446]]],[[[114.238,-26.086],[114.237,-26.075],[114.237,-26.083],[114.238,-26.086]]],[[[113.874,-26.018],[113.874,-26.012],[113.874,-26.016],[113.874,-26.018]]],[[[113.379,-26.204],[113.378,-26.201],[113.376,-26.202],[113.379,-26.204]]],[[[113.724,-26.201],[113.725,-26.197],[113.724,-26.196],[113.724,-26.201]]],[[[113.715,-26.057],[113.714,-26.054],[113.712,-26.054],[113.715,-26.057]]],[[[114.231,-26.116],[114.227,-26.113],[114.225,-26.112],[114.231,-26.116]]],[[[113.509,-26.231],[113.51,-26.23],[113.508,-26.228],[113.509,-26.231]]],[[[113.869,-25.986],[113.868,-25.987],[113.869,-25.989],[113.869,-25.986]]],[[[113.878,-26.021],[113.878,-26.02],[113.876,-26.019],[113.878,-26.021]]],[[[113.504,-26.404],[113.506,-26.402],[113.504,-26.403],[113.504,-26.404]]],[[[113.59,-26.49],[113.59,-26.488],[113.589,-26.489],[113.59,-26.49]]],[[[113.875,-26.072],[113.877,-26.071],[113.877,-26.07],[113.875,-26.072]]],[[[113.501,-26.32],[113.502,-26.319],[113.502,-26.318],[113.501,-26.32]]],[[[113.87,-26.389],[113.87,-26.386],[113.869,-26.387],[113.87,-26.389]]],[[[113.415,-26.092],[113.416,-26.091],[113.414,-26.09],[113.415,-26.092]]],[[[113.571,-26.488],[113.572,-26.487],[113.571,-26.487],[113.571,-26.488]]],[[[113.568,-26.366],[113.569,-26.365],[113.569,-26.364],[113.568,-26.366]]],[[[113.619,-26.416],[113.62,-26.415],[113.618,-26.415],[113.619,-26.416]]],[[[113.764,-26.444],[113.763,-26.443],[113.763,-26.444],[113.764,-26.444]]],[[[113.503,-26.227],[113.502,-26.228],[113.504,-26.228],[113.503,-26.227]]],[[[113.57,-26.367],[113.57,-26.365],[113.569,-26.366],[113.57,-26.367]]],[[[113.907,-25.959],[113.907,-25.958],[113.905,-25.957],[113.907,-25.959]]],[[[113.686,-26.485],[113.686,-26.485],[113.685,-26.484],[113.686,-26.485]]],[[[113.619,-26.408],[113.62,-26.407],[113.619,-26.406],[113.619,-26.408]]],[[[113.576,-26.095],[113.577,-26.094],[113.577,-26.093],[113.576,-26.095]]],[[[113.566,-26.444],[113.567,-26.444],[113.566,-26.442],[113.566,-26.444]]],[[[113.512,-26.341],[113.512,-26.34],[113.511,-26.34],[113.512,-26.341]]],[[[113.505,-26.3],[113.505,-26.299],[113.504,-26.298],[113.505,-26.3]]],[[[114.232,-26.103],[114.233,-26.102],[114.232,-26.102],[114.232,-26.103]]],[[[113.404,-26.103],[113.405,-26.102],[113.405,-26.101],[113.404,-26.103]]],[[[113.395,-26.058],[113.397,-26.057],[113.395,-26.057],[113.395,-26.058]]],[[[113.373,-26.388],[113.373,-26.387],[113.373,-26.387],[113.373,-26.388]]],[[[114.228,-26.11],[114.227,-26.109],[114.227,-26.11],[114.228,-26.11]]],[[[113.616,-26.452],[113.617,-26.451],[113.616,-26.45],[113.616,-26.452]]],[[[113.609,-26.487],[113.61,-26.487],[113.609,-26.486],[113.609,-26.487]]],[[[113.379,-26.389],[113.379,-26.388],[113.379,-26.388],[113.379,-26.389]]],[[[114.231,-26.111],[114.232,-26.11],[114.231,-26.11],[114.231,-26.111]]],[[[114.446,-22.298],[114.45,-22.295],[114.441,-22.294],[114.446,-22.298]]],[[[114.432,-22.294],[114.429,-22.287],[114.428,-22.29],[114.432,-22.294]]],[[[114.418,-22.315],[114.416,-22.312],[114.414,-22.315],[114.418,-22.315]]],[[[114.454,-22.294],[114.455,-22.293],[114.453,-22.294],[114.454,-22.294]]],[[[113.641,-24.897],[113.644,-24.871],[113.62,-24.872],[113.641,-24.897]]],[[[113.642,-24.889],[113.653,-24.886],[113.645,-24.881],[113.642,-24.889]]],[[[113.621,-24.865],[113.616,-24.868],[113.629,-24.864],[113.621,-24.865]]],[[[113.62,-24.863],[113.621,-24.862],[113.618,-24.861],[113.62,-24.863]]],[[[114.942,-30.139],[114.943,-30.137],[114.942,-30.137],[114.942,-30.139]]],[[[114.879,-29.808],[114.879,-29.807],[114.878,-29.807],[114.879,-29.808]]],[[[119.783,-34.04],[119.788,-34.034],[119.783,-34.034],[119.783,-34.04]]],[[[119.604,-34.374],[119.614,-34.376],[119.599,-34.368],[119.604,-34.374]]],[[[119.579,-34.373],[119.573,-34.376],[119.588,-34.372],[119.579,-34.373]]],[[[119.618,-34.382],[119.62,-34.38],[119.611,-34.379],[119.618,-34.382]]],[[[119.738,-34.057],[119.739,-34.056],[119.737,-34.056],[119.738,-34.057]]],[[[119.688,-34.079],[119.689,-34.078],[119.688,-34.078],[119.688,-34.079]]],[[[119.765,-34.039],[119.765,-34.039],[119.764,-34.039],[119.765,-34.039]]],[[[119.766,-34.039],[119.766,-34.038],[119.765,-34.039],[119.766,-34.039]]],[[[114.944,-30.131],[114.945,-30.129],[114.944,-30.13],[114.944,-30.131]]],[[[114.977,-29.936],[114.978,-29.935],[114.977,-29.935],[114.977,-29.936]]],[[[114.974,-29.945],[114.974,-29.945],[114.974,-29.944],[114.974,-29.945]]],[[[114.975,-29.942],[114.975,-29.941],[114.975,-29.941],[114.975,-29.942]]],[[[114.961,-30.024],[114.961,-30.024],[114.96,-30.024],[114.961,-30.024]]],[[[114.957,-30.038],[114.957,-30.037],[114.956,-30.037],[114.957,-30.038]]],[[[114.961,-29.976],[114.961,-29.976],[114.961,-29.975],[114.961,-29.976]]],[[[121.987,-34.473],[121.998,-34.471],[121.99,-34.467],[121.987,-34.473]]],[[[121.991,-34.459],[121.992,-34.457],[121.991,-34.455],[121.991,-34.459]]],[[[122.216,-34.371],[122.214,-34.373],[122.216,-34.373],[122.216,-34.371]]],[[[122.215,-34.367],[122.217,-34.366],[122.216,-34.366],[122.215,-34.367]]],[[[123.539,-34.365],[123.534,-34.378],[123.56,-34.36],[123.562,-34.337],[123.539,-34.365]]],[[[123.533,-34.36],[123.534,-34.359],[123.532,-34.358],[123.533,-34.36]]],[[[123.597,-34.24],[123.617,-34.223],[123.607,-34.227],[123.597,-34.24]]],[[[122.495,-34.194],[122.497,-34.198],[122.5,-34.194],[122.495,-34.194]]],[[[122.507,-34.195],[122.509,-34.194],[122.507,-34.194],[122.507,-34.195]]],[[[122.488,-34.195],[122.489,-34.195],[122.488,-34.193],[122.488,-34.195]]],[[[123.343,-34.166],[123.348,-34.164],[123.344,-34.162],[123.343,-34.166]]],[[[122.847,-34.131],[122.848,-34.129],[122.846,-34.129],[122.847,-34.131]]],[[[123.886,-34.108],[123.889,-34.101],[123.885,-34.102],[123.886,-34.108]]],[[[123.876,-34.099],[123.877,-34.098],[123.877,-34.097],[123.876,-34.099]]],[[[123.902,-34.093],[123.903,-34.09],[123.902,-34.091],[123.902,-34.093]]],[[[123.897,-34.09],[123.898,-34.089],[123.897,-34.089],[123.897,-34.09]]],[[[123.126,-34.077],[123.129,-34.075],[123.126,-34.075],[123.126,-34.077]]],[[[123.234,-34.072],[123.238,-34.07],[123.233,-34.062],[123.234,-34.072]]],[[[123.259,-34.052],[123.26,-34.049],[123.258,-34.051],[123.259,-34.052]]],[[[123.234,-34.04],[123.244,-34.041],[123.231,-34.037],[123.234,-34.04]]],[[[123.515,-34.015],[123.516,-34.013],[123.514,-34.014],[123.515,-34.015]]],[[[123.541,-34.003],[123.542,-34.001],[123.54,-34.0],[123.541,-34.003]]],[[[123.551,-33.996],[123.554,-33.994],[123.551,-33.994],[123.551,-33.996]]],[[[122.9,-33.98],[122.9,-33.979],[122.899,-33.979],[122.9,-33.98]]],[[[122.903,-33.979],[122.904,-33.978],[122.903,-33.978],[122.903,-33.979]]],[[[122.901,-33.978],[122.902,-33.977],[122.901,-33.978],[122.901,-33.978]]],[[[122.902,-33.97],[122.903,-33.969],[122.901,-33.97],[122.902,-33.97]]],[[[122.906,-33.966],[122.907,-33.965],[122.905,-33.966],[122.906,-33.966]]],[[[122.512,-33.965],[122.513,-33.963],[122.512,-33.963],[122.512,-33.965]]],[[[122.936,-33.962],[122.94,-33.96],[122.938,-33.96],[122.936,-33.962]]],[[[123.642,-33.889],[123.654,-33.885],[123.634,-33.887],[123.642,-33.889]]],[[[123.071,-34.073],[123.072,-34.072],[123.069,-34.072],[123.071,-34.073]]],[[[123.228,-34.062],[123.227,-34.061],[123.226,-34.061],[123.228,-34.062]]],[[[123.164,-34.055],[123.165,-34.054],[123.164,-34.054],[123.164,-34.055]]],[[[123.224,-34.051],[123.225,-34.05],[123.224,-34.049],[123.224,-34.051]]],[[[123.236,-34.032],[123.242,-34.028],[123.236,-34.029],[123.236,-34.032]]],[[[123.554,-33.993],[123.555,-33.992],[123.553,-33.992],[123.554,-33.993]]],[[[123.226,-34.054],[123.226,-34.053],[123.223,-34.053],[123.226,-34.054]]],[[[123.227,-34.058],[123.226,-34.055],[123.225,-34.057],[123.227,-34.058]]],[[[122.753,-34.046],[122.757,-34.045],[122.754,-34.045],[122.753,-34.046]]],[[[122.758,-34.045],[122.759,-34.044],[122.758,-34.044],[122.758,-34.045]]],[[[123.137,-34.166],[123.146,-34.167],[123.138,-34.162],[123.137,-34.166]]],[[[123.205,-34.117],[123.215,-34.081],[123.17,-34.09],[123.157,-34.11],[123.173,-34.124],[123.183,-34.107],[123.205,-34.117]]],[[[123.189,-34.079],[123.179,-34.08],[123.183,-34.087],[123.189,-34.079]]],[[[123.102,-34.098],[123.109,-34.097],[123.109,-34.091],[123.102,-34.098]]],[[[122.535,-34.092],[122.546,-34.088],[122.535,-34.088],[122.535,-34.092]]],[[[123.104,-34.092],[123.104,-34.091],[123.103,-34.091],[123.104,-34.092]]],[[[123.066,-34.123],[123.073,-34.121],[123.067,-34.117],[123.066,-34.123]]],[[[123.069,-34.116],[123.074,-34.113],[123.07,-34.111],[123.069,-34.116]]],[[[123.03,-34.114],[123.032,-34.112],[123.029,-34.112],[123.03,-34.114]]],[[[122.963,-34.083],[122.969,-34.081],[122.97,-34.071],[122.963,-34.083]]],[[[122.831,-34.09],[122.835,-34.09],[122.839,-34.084],[122.831,-34.09]]],[[[123.242,-34.027],[123.245,-34.031],[123.259,-34.02],[123.242,-34.027]]],[[[123.158,-34.023],[123.165,-34.023],[123.155,-34.022],[123.158,-34.023]]],[[[122.584,-34.018],[122.583,-34.019],[122.584,-34.018],[122.584,-34.018]]],[[[124.095,-33.723],[124.099,-33.725],[124.102,-33.717],[124.095,-33.723]]],[[[124.159,-33.768],[124.166,-33.761],[124.159,-33.764],[124.159,-33.768]]],[[[123.965,-33.642],[123.97,-33.639],[123.97,-33.637],[123.965,-33.642]]],[[[124.08,-33.73],[124.078,-33.73],[124.081,-33.731],[124.08,-33.73]]],[[[124.164,-33.721],[124.165,-33.719],[124.163,-33.72],[124.164,-33.721]]],[[[124.0,-33.636],[123.999,-33.635],[123.998,-33.635],[124.0,-33.636]]],[[[123.953,-33.626],[123.954,-33.625],[123.953,-33.625],[123.953,-33.626]]],[[[123.966,-33.631],[123.967,-33.63],[123.966,-33.629],[123.966,-33.631]]],[[[123.958,-33.621],[123.959,-33.62],[123.958,-33.619],[123.958,-33.621]]],[[[124.173,-33.815],[124.174,-33.814],[124.173,-33.814],[124.173,-33.815]]],[[[123.963,-33.635],[123.963,-33.634],[123.962,-33.635],[123.963,-33.635]]],[[[123.956,-33.622],[123.957,-33.621],[123.956,-33.621],[123.956,-33.622]]],[[[123.799,-33.716],[123.8,-33.716],[123.799,-33.715],[123.799,-33.716]]],[[[123.96,-33.627],[123.96,-33.627],[123.96,-33.626],[123.96,-33.627]]],[[[123.95,-33.634],[123.95,-33.633],[123.949,-33.633],[123.95,-33.634]]],[[[123.949,-33.634],[123.95,-33.634],[123.949,-33.634],[123.949,-33.634]]],[[[122.835,-33.989],[122.814,-34.004],[122.863,-33.983],[122.835,-33.989]]],[[[122.799,-34.014],[122.813,-34.011],[122.808,-34.002],[122.799,-34.014]]],[[[123.53,-34.019],[123.537,-34.009],[123.527,-34.005],[123.53,-34.019]]],[[[123.288,-34.024],[123.293,-34.024],[123.294,-34.015],[123.288,-34.024]]],[[[122.522,-33.962],[122.53,-33.961],[122.517,-33.961],[122.522,-33.962]]],[[[122.634,-33.999],[122.628,-33.998],[122.633,-34.005],[122.634,-33.999]]],[[[122.842,-33.971],[122.847,-33.968],[122.847,-33.964],[122.842,-33.971]]],[[[122.649,-34.002],[122.655,-33.997],[122.648,-33.998],[122.649,-34.002]]],[[[122.813,-33.967],[122.816,-33.961],[122.812,-33.959],[122.813,-33.967]]],[[[122.54,-34.002],[122.538,-34.008],[122.542,-33.999],[122.54,-34.002]]],[[[122.658,-33.991],[122.662,-33.988],[122.657,-33.986],[122.658,-33.991]]],[[[122.588,-34.006],[122.591,-34.003],[122.584,-34.003],[122.588,-34.006]]],[[[122.857,-33.968],[122.86,-33.962],[122.856,-33.964],[122.857,-33.968]]],[[[122.716,-33.992],[122.714,-33.988],[122.715,-33.996],[122.716,-33.992]]],[[[123.14,-33.981],[123.14,-33.976],[123.135,-33.98],[123.14,-33.981]]],[[[122.504,-33.954],[122.507,-33.952],[122.503,-33.95],[122.504,-33.954]]],[[[122.653,-33.995],[122.654,-33.996],[122.659,-33.994],[122.653,-33.995]]],[[[122.804,-33.964],[122.808,-33.963],[122.806,-33.961],[122.804,-33.964]]],[[[122.575,-34.009],[122.579,-34.007],[122.576,-34.006],[122.575,-34.009]]],[[[122.564,-33.951],[122.568,-33.949],[122.561,-33.949],[122.564,-33.951]]],[[[123.148,-33.988],[123.15,-33.986],[123.148,-33.984],[123.148,-33.988]]],[[[122.719,-33.987],[122.721,-33.985],[122.718,-33.984],[122.719,-33.987]]],[[[122.653,-34.006],[122.656,-34.004],[122.652,-34.004],[122.653,-34.006]]],[[[122.872,-33.99],[122.873,-33.993],[122.876,-33.991],[122.872,-33.99]]],[[[123.22,-34.005],[123.221,-34.004],[123.217,-34.004],[123.22,-34.005]]],[[[122.717,-33.949],[122.718,-33.947],[122.714,-33.946],[122.717,-33.949]]],[[[122.682,-34.018],[122.685,-34.016],[122.681,-34.017],[122.682,-34.018]]],[[[122.82,-33.979],[122.821,-33.978],[122.817,-33.977],[122.82,-33.979]]],[[[122.869,-34.002],[122.871,-34.0],[122.869,-34.0],[122.869,-34.002]]],[[[123.162,-34.001],[123.164,-34.0],[123.164,-33.998],[123.162,-34.001]]],[[[123.119,-33.954],[123.122,-33.953],[123.123,-33.951],[123.119,-33.954]]],[[[122.478,-33.953],[122.478,-33.952],[122.474,-33.952],[122.478,-33.953]]],[[[122.574,-34.002],[122.575,-34.0],[122.573,-34.0],[122.574,-34.002]]],[[[122.631,-33.992],[122.632,-33.991],[122.63,-33.99],[122.631,-33.992]]],[[[122.897,-33.965],[122.898,-33.963],[122.896,-33.964],[122.897,-33.965]]],[[[123.149,-33.95],[123.151,-33.949],[123.148,-33.95],[123.149,-33.95]]],[[[122.688,-34.016],[122.689,-34.014],[122.688,-34.014],[122.688,-34.016]]],[[[122.57,-34.011],[122.572,-34.011],[122.569,-34.01],[122.57,-34.011]]],[[[123.146,-34.004],[123.147,-34.003],[123.146,-34.002],[123.146,-34.004]]],[[[122.898,-33.978],[122.899,-33.977],[122.897,-33.976],[122.898,-33.978]]],[[[122.661,-33.986],[122.662,-33.985],[122.66,-33.985],[122.661,-33.986]]],[[[123.537,-34.008],[123.538,-34.006],[123.537,-34.007],[123.537,-34.008]]],[[[122.625,-33.996],[122.626,-33.994],[122.625,-33.995],[122.625,-33.996]]],[[[122.53,-33.948],[122.531,-33.947],[122.529,-33.948],[122.53,-33.948]]],[[[122.714,-33.952],[122.714,-33.95],[122.713,-33.951],[122.714,-33.952]]],[[[122.637,-33.989],[122.637,-33.988],[122.636,-33.987],[122.637,-33.989]]],[[[123.161,-34.003],[123.161,-34.001],[123.16,-34.002],[123.161,-34.003]]],[[[122.656,-33.992],[122.657,-33.991],[122.655,-33.991],[122.656,-33.992]]],[[[122.531,-33.946],[122.531,-33.945],[122.531,-33.945],[122.531,-33.946]]],[[[122.665,-33.99],[122.665,-33.989],[122.664,-33.99],[122.665,-33.99]]],[[[124.147,-33.844],[124.131,-33.843],[124.13,-33.864],[124.147,-33.844]]],[[[124.096,-33.733],[124.091,-33.739],[124.099,-33.737],[124.096,-33.733]]],[[[122.756,-33.898],[122.755,-33.894],[122.753,-33.904],[122.756,-33.898]]],[[[122.829,-33.918],[122.831,-33.915],[122.824,-33.916],[122.829,-33.918]]],[[[122.87,-33.923],[122.875,-33.919],[122.872,-33.918],[122.87,-33.923]]],[[[124.127,-33.859],[124.13,-33.856],[124.125,-33.853],[124.127,-33.859]]],[[[122.709,-33.919],[122.712,-33.915],[122.707,-33.916],[122.709,-33.919]]],[[[124.04,-33.769],[124.043,-33.765],[124.039,-33.767],[124.04,-33.769]]],[[[123.741,-33.821],[123.747,-33.814],[123.742,-33.818],[123.741,-33.821]]],[[[124.089,-33.746],[124.09,-33.743],[124.088,-33.744],[124.089,-33.746]]],[[[122.811,-33.922],[122.813,-33.923],[122.809,-33.921],[122.811,-33.922]]],[[[122.972,-33.906],[122.973,-33.904],[122.972,-33.901],[122.972,-33.906]]],[[[123.337,-33.923],[123.34,-33.921],[123.339,-33.92],[123.337,-33.923]]],[[[124.12,-33.854],[124.123,-33.852],[124.119,-33.853],[124.12,-33.854]]],[[[122.819,-33.911],[122.823,-33.908],[122.822,-33.908],[122.819,-33.911]]],[[[122.674,-33.923],[122.675,-33.921],[122.674,-33.92],[122.674,-33.923]]],[[[123.983,-33.827],[123.984,-33.825],[123.981,-33.827],[123.983,-33.827]]],[[[122.973,-33.91],[122.974,-33.909],[122.975,-33.906],[122.973,-33.91]]],[[[123.142,-33.932],[123.143,-33.929],[123.141,-33.931],[123.142,-33.932]]],[[[122.595,-33.934],[122.596,-33.932],[122.594,-33.932],[122.595,-33.934]]],[[[122.608,-33.921],[122.61,-33.92],[122.607,-33.921],[122.608,-33.921]]],[[[123.667,-33.85],[123.669,-33.848],[123.668,-33.848],[123.667,-33.85]]],[[[122.721,-33.898],[122.722,-33.897],[122.721,-33.896],[122.721,-33.898]]],[[[123.149,-33.942],[123.15,-33.94],[123.148,-33.94],[123.149,-33.942]]],[[[123.734,-33.831],[123.735,-33.829],[123.734,-33.83],[123.734,-33.831]]],[[[123.656,-33.852],[123.657,-33.851],[123.656,-33.851],[123.656,-33.852]]],[[[122.741,-33.898],[122.743,-33.897],[122.742,-33.897],[122.741,-33.898]]],[[[122.993,-33.904],[122.994,-33.903],[122.993,-33.903],[122.993,-33.904]]],[[[123.342,-33.92],[123.342,-33.919],[123.341,-33.919],[123.342,-33.92]]],[[[124.126,-33.74],[124.125,-33.74],[124.126,-33.741],[124.126,-33.74]]],[[[122.692,-33.914],[122.692,-33.913],[122.691,-33.913],[122.692,-33.914]]],[[[124.079,-33.736],[124.08,-33.735],[124.078,-33.735],[124.079,-33.736]]],[[[123.017,-33.864],[123.018,-33.863],[123.017,-33.862],[123.017,-33.864]]],[[[122.69,-33.932],[122.69,-33.931],[122.689,-33.932],[122.69,-33.932]]],[[[122.739,-33.899],[122.74,-33.898],[122.739,-33.899],[122.739,-33.899]]],[[[123.559,-33.934],[123.559,-33.934],[123.559,-33.934],[123.559,-33.934]]],[[[121.851,-34.308],[121.851,-34.307],[121.85,-34.307],[121.851,-34.308]]],[[[122.218,-34.263],[122.22,-34.261],[122.218,-34.261],[122.218,-34.263]]],[[[122.065,-34.231],[122.066,-34.229],[122.064,-34.228],[122.065,-34.231]]],[[[122.15,-34.223],[122.148,-34.224],[122.15,-34.224],[122.15,-34.223]]],[[[122.074,-34.222],[122.077,-34.221],[122.073,-34.219],[122.074,-34.222]]],[[[122.076,-34.218],[122.078,-34.216],[122.077,-34.216],[122.076,-34.218]]],[[[122.152,-34.217],[122.153,-34.215],[122.151,-34.216],[122.152,-34.217]]],[[[122.085,-34.214],[122.08,-34.211],[122.085,-34.217],[122.085,-34.214]]],[[[122.349,-34.21],[122.35,-34.208],[122.346,-34.209],[122.349,-34.21]]],[[[122.347,-34.206],[122.351,-34.203],[122.347,-34.203],[122.347,-34.206]]],[[[122.148,-34.205],[122.149,-34.203],[122.147,-34.203],[122.148,-34.205]]],[[[122.102,-34.2],[122.11,-34.198],[122.102,-34.195],[122.102,-34.2]]],[[[122.163,-34.076],[122.161,-34.082],[122.168,-34.074],[122.163,-34.076]]],[[[122.162,-34.077],[122.161,-34.075],[122.161,-34.077],[122.162,-34.077]]],[[[121.872,-34.043],[121.874,-34.042],[121.872,-34.041],[121.872,-34.043]]],[[[121.944,-34.179],[121.945,-34.179],[121.943,-34.178],[121.944,-34.179]]],[[[121.661,-34.176],[121.66,-34.177],[121.661,-34.177],[121.661,-34.176]]],[[[122.013,-34.169],[122.016,-34.169],[122.014,-34.167],[122.013,-34.169]],[[122.02,-34.164],[122.018,-34.165],[122.022,-34.162],[122.02,-34.164]]],[[[122.319,-34.147],[122.317,-34.144],[122.317,-34.147],[122.319,-34.147]]],[[[121.892,-34.143],[121.894,-34.142],[121.89,-34.142],[121.892,-34.143]]],[[[121.924,-34.14],[121.926,-34.14],[121.925,-34.139],[121.924,-34.14]]],[[[121.898,-34.135],[121.899,-34.133],[121.897,-34.134],[121.898,-34.135]]],[[[122.342,-34.117],[122.345,-34.116],[122.343,-34.115],[122.342,-34.117]]],[[[122.343,-34.107],[122.342,-34.11],[122.347,-34.101],[122.343,-34.107]]],[[[122.122,-34.105],[122.125,-34.103],[122.122,-34.103],[122.122,-34.105]]],[[[122.111,-34.099],[122.112,-34.099],[122.112,-34.097],[122.111,-34.099]]],[[[121.991,-34.061],[121.976,-34.064],[121.989,-34.069],[121.991,-34.061]]],[[[122.098,-34.064],[122.11,-34.065],[122.104,-34.059],[122.098,-34.064]]],[[[121.864,-34.058],[121.866,-34.056],[121.864,-34.056],[121.864,-34.058]]],[[[121.886,-34.048],[121.888,-34.049],[121.885,-34.047],[121.886,-34.048]]],[[[122.208,-34.045],[122.207,-34.046],[122.207,-34.047],[122.208,-34.045]]],[[[122.307,-34.021],[122.31,-34.021],[122.306,-34.019],[122.307,-34.021]]],[[[121.675,-34.178],[121.677,-34.177],[121.675,-34.177],[121.675,-34.178]]],[[[122.0,-34.067],[122.023,-34.066],[122.008,-34.062],[122.0,-34.067]]],[[[122.026,-34.066],[122.025,-34.068],[122.026,-34.068],[122.026,-34.066]]],[[[122.063,-34.059],[122.065,-34.058],[122.063,-34.057],[122.063,-34.059]]],[[[121.953,-34.049],[121.955,-34.058],[121.98,-34.049],[121.953,-34.049]]],[[[122.03,-34.152],[122.029,-34.153],[122.03,-34.153],[122.03,-34.152]]],[[[122.127,-34.143],[122.128,-34.143],[122.127,-34.141],[122.127,-34.143]]],[[[121.933,-34.136],[121.937,-34.135],[121.935,-34.134],[121.933,-34.136]]],[[[121.981,-34.125],[121.98,-34.127],[121.981,-34.127],[121.981,-34.125]]],[[[121.966,-34.121],[121.969,-34.124],[121.969,-34.122],[121.966,-34.121]]],[[[121.974,-34.118],[121.984,-34.122],[121.98,-34.114],[121.974,-34.118]]],[[[121.97,-34.121],[121.973,-34.121],[121.97,-34.119],[121.97,-34.121]]],[[[122.237,-34.135],[122.245,-34.162],[122.261,-34.124],[122.231,-34.109],[122.237,-34.135]]],[[[122.053,-34.141],[122.038,-34.143],[122.06,-34.146],[122.053,-34.141]]],[[[122.115,-34.103],[122.125,-34.094],[122.117,-34.095],[122.115,-34.103]]],[[[122.087,-34.041],[122.089,-34.047],[122.093,-34.046],[122.087,-34.041]]],[[[122.299,-34.021],[122.301,-34.024],[122.303,-34.023],[122.299,-34.021]]],[[[121.654,-34.028],[121.656,-34.026],[121.655,-34.026],[121.654,-34.028]]],[[[122.024,-34.152],[122.03,-34.149],[122.014,-34.147],[122.024,-34.152]]],[[[122.213,-34.15],[122.214,-34.148],[122.212,-34.148],[122.213,-34.15]]],[[[122.214,-34.15],[122.215,-34.152],[122.216,-34.151],[122.214,-34.15]]],[[[122.218,-34.151],[122.219,-34.149],[122.218,-34.15],[122.218,-34.151]]],[[[122.221,-34.131],[122.22,-34.133],[122.221,-34.133],[122.221,-34.131]]],[[[122.008,-34.123],[121.998,-34.114],[121.987,-34.115],[122.008,-34.123]]],[[[121.995,-34.123],[121.997,-34.123],[121.996,-34.121],[121.995,-34.123]]],[[[122.009,-34.023],[121.982,-34.037],[122.003,-34.038],[122.009,-34.023]]],[[[122.138,-34.033],[122.152,-34.033],[122.129,-34.029],[122.138,-34.033]]],[[[122.234,-34.036],[122.236,-34.033],[122.23,-34.031],[122.234,-34.036]]],[[[122.049,-34.041],[122.051,-34.04],[122.05,-34.038],[122.049,-34.041]]],[[[122.243,-34.029],[122.244,-34.027],[122.242,-34.027],[122.243,-34.029]]],[[[122.154,-34.032],[122.155,-34.031],[122.154,-34.031],[122.154,-34.032]]],[[[122.252,-34.036],[122.253,-34.035],[122.252,-34.034],[122.252,-34.036]]],[[[122.303,-34.018],[122.302,-34.018],[122.303,-34.019],[122.303,-34.018]]],[[[121.655,-34.021],[121.657,-34.02],[121.654,-34.019],[121.655,-34.021]]],[[[122.115,-34.021],[122.116,-34.019],[122.115,-34.02],[122.115,-34.021]]],[[[122.023,-33.881],[122.027,-33.879],[122.025,-33.877],[122.023,-33.881]]],[[[121.892,-33.903],[121.889,-33.902],[121.892,-33.904],[121.892,-33.903]]],[[[121.647,-33.9],[121.65,-33.899],[121.649,-33.897],[121.647,-33.9]]],[[[121.964,-33.855],[121.967,-33.854],[121.961,-33.854],[121.964,-33.855]]],[[[121.821,-33.911],[121.819,-33.909],[121.817,-33.911],[121.821,-33.911]]],[[[121.971,-33.878],[121.973,-33.877],[121.97,-33.876],[121.971,-33.878]]],[[[121.826,-33.896],[121.827,-33.895],[121.825,-33.894],[121.826,-33.896]]],[[[121.817,-33.909],[121.814,-33.909],[121.814,-33.91],[121.817,-33.909]]],[[[122.036,-33.876],[122.037,-33.875],[122.035,-33.875],[122.036,-33.876]]],[[[122.038,-33.875],[122.039,-33.874],[122.038,-33.874],[122.038,-33.875]]],[[[122.037,-33.875],[122.038,-33.874],[122.037,-33.874],[122.037,-33.875]]],[[[122.004,-33.969],[122.027,-33.963],[122.01,-33.953],[122.004,-33.969]]],[[[121.669,-34.002],[121.69,-34.006],[121.679,-33.994],[121.669,-34.002]]],[[[121.79,-33.926],[121.805,-33.926],[121.795,-33.918],[121.79,-33.926]]],[[[121.991,-33.992],[122.005,-33.987],[121.995,-33.981],[121.991,-33.992]]],[[[121.873,-33.926],[121.884,-33.921],[121.877,-33.917],[121.873,-33.926]]],[[[121.992,-33.923],[122.0,-33.917],[121.986,-33.919],[121.992,-33.923]]],[[[121.899,-33.923],[121.907,-33.924],[121.91,-33.917],[121.899,-33.923]],[[121.983,-33.975],[121.977,-33.973],[121.994,-33.974],[121.983,-33.975]]],[[[121.68,-33.991],[121.686,-33.984],[121.679,-33.985],[121.68,-33.991]]],[[[122.242,-34.007],[122.24,-34.012],[122.248,-34.007],[122.242,-34.007]]],[[[122.306,-34.016],[122.314,-34.014],[122.308,-34.01],[122.306,-34.016]]],[[[122.142,-34.017],[122.137,-34.019],[122.148,-34.018],[122.142,-34.017]]],[[[121.896,-33.913],[121.893,-33.912],[121.893,-33.917],[121.896,-33.913]]],[[[122.433,-33.984],[122.439,-33.98],[122.434,-33.98],[122.433,-33.984]]],[[[122.407,-33.954],[122.41,-33.956],[122.414,-33.953],[122.407,-33.954]]],[[[122.309,-33.952],[122.312,-33.952],[122.307,-33.948],[122.309,-33.952]]],[[[122.085,-34.019],[122.092,-34.016],[122.085,-34.016],[122.085,-34.019]]],[[[121.775,-33.918],[121.773,-33.915],[121.769,-33.919],[121.775,-33.918]]],[[[122.02,-33.994],[122.024,-33.994],[122.024,-33.99],[122.02,-33.994]]],[[[122.469,-33.95],[122.472,-33.949],[122.465,-33.949],[122.469,-33.95]]],[[[122.303,-33.963],[122.307,-33.965],[122.301,-33.958],[122.303,-33.963]]],[[[122.284,-33.995],[122.283,-33.991],[122.28,-33.992],[122.284,-33.995]]],[[[121.639,-34.014],[121.643,-34.012],[121.639,-34.012],[121.639,-34.014]]],[[[122.235,-34.013],[122.238,-34.012],[122.236,-34.011],[122.235,-34.013]]],[[[121.699,-33.996],[121.699,-33.994],[121.696,-33.995],[121.699,-33.996]]],[[[122.301,-33.989],[122.302,-33.987],[122.299,-33.987],[122.301,-33.989]]],[[[122.307,-33.994],[122.308,-33.99],[122.306,-33.992],[122.307,-33.994]]],[[[122.298,-33.983],[122.3,-33.98],[122.298,-33.982],[122.298,-33.983]]],[[[122.197,-34.017],[122.198,-34.016],[122.197,-34.015],[122.197,-34.017]]],[[[121.648,-34.017],[121.645,-34.018],[121.647,-34.018],[121.648,-34.017]]],[[[121.886,-33.929],[121.888,-33.928],[121.885,-33.929],[121.886,-33.929]]],[[[121.985,-33.993],[121.986,-33.992],[121.985,-33.992],[121.985,-33.993]]],[[[121.878,-33.915],[121.88,-33.914],[121.877,-33.915],[121.878,-33.915]]],[[[122.275,-33.977],[122.275,-33.975],[122.274,-33.976],[122.275,-33.977]]],[[[122.342,-33.985],[122.343,-33.983],[122.342,-33.984],[122.342,-33.985]]],[[[121.973,-33.928],[121.973,-33.927],[121.971,-33.927],[121.973,-33.928]]],[[[121.97,-33.929],[121.971,-33.928],[121.97,-33.927],[121.97,-33.929]]],[[[122.299,-33.986],[122.298,-33.984],[122.298,-33.985],[122.299,-33.986]]],[[[122.025,-33.979],[122.026,-33.978],[122.024,-33.978],[122.025,-33.979]]],[[[121.864,-33.916],[121.864,-33.915],[121.862,-33.915],[121.864,-33.916]]],[[[121.976,-33.976],[121.977,-33.975],[121.975,-33.975],[121.976,-33.976]]],[[[121.985,-33.93],[121.985,-33.929],[121.983,-33.93],[121.985,-33.93]]],[[[122.009,-33.985],[122.01,-33.985],[122.009,-33.984],[122.009,-33.985]]],[[[121.766,-33.924],[121.767,-33.923],[121.765,-33.924],[121.766,-33.924]]],[[[122.299,-33.98],[122.299,-33.979],[122.298,-33.979],[122.299,-33.98]]],[[[121.641,-34.016],[121.641,-34.017],[121.642,-34.017],[121.641,-34.016]]],[[[121.821,-33.922],[121.821,-33.921],[121.82,-33.921],[121.821,-33.922]]],[[[122.008,-33.986],[122.008,-33.985],[122.008,-33.985],[122.008,-33.986]]],[[[122.024,-33.979],[122.024,-33.978],[122.023,-33.979],[122.024,-33.979]]],[[[121.355,-33.866],[121.346,-33.873],[121.35,-33.873],[121.355,-33.866]]],[[[120.659,-33.89],[120.66,-33.89],[120.66,-33.889],[120.659,-33.89]],[[120.819,-33.883],[120.82,-33.884],[120.819,-33.883],[120.819,-33.883]]],[[[120.814,-33.886],[120.814,-33.886],[120.814,-33.886],[120.814,-33.886]]],[[[121.6,-34.035],[121.616,-34.013],[121.593,-34.028],[121.6,-34.035]]],[[[121.604,-34.043],[121.606,-34.041],[121.604,-34.041],[121.604,-34.043]]],[[[120.734,-33.901],[120.736,-33.899],[120.735,-33.899],[120.734,-33.901]]],[[[120.692,-33.896],[120.692,-33.898],[120.692,-33.896],[120.692,-33.896]]],[[[120.117,-33.956],[120.116,-33.957],[120.117,-33.957],[120.117,-33.956]]],[[[120.639,-33.894],[120.64,-33.894],[120.639,-33.894],[120.639,-33.894]]],[[[120.815,-33.891],[120.815,-33.891],[120.815,-33.891],[120.815,-33.891]]],[[[120.811,-33.893],[120.811,-33.893],[120.811,-33.893],[120.811,-33.893]]]]},"properties":{"sa4_code_2021":"511","sa4_name_2021":"Western Australia - Outback (South)"},"id":"511"},{"type":"Feature","geometry":null,"properties":{"sa4_code_2021":"597","sa4_name_2021":"Migratory - Offshore - Shipping (WA)","shape":null},"id":"597"},{"type":"Feature","geometry":null,"properties":{"sa4_code_2021":"599","sa4_name_2021":"No usual address (WA)","shape":null},"id":"599"},{"type":"Feature","geometry":{"type":"MultiPolygon","coordinates":[[[[147.312,-42.829],[147.256,-42.815],[147.259,-42.792],[147.283,-42.79],[147.253,-42.787],[147.253,-42.766],[147.208,-42.741],[147.112,-42.776],[147.199,-42.725],[147.257,-42.757],[147.263,-42.73],[147.265,-42.778],[147.293,-42.79],[147.282,-42.801],[147.32,-42.817],[147.334,-42.841],[147.347,-42.835],[147.338,-42.846],[147.359,-42.849],[147.352,-42.876],[147.405,-42.884],[147.417,-42.909],[147.409,-42.939],[147.421,-42.94],[147.435,-42.909],[147.484,-42.91],[147.491,-42.927],[147.465,-42.923],[147.446,-42.965],[147.445,-42.978],[147.465,-42.97],[147.478,-42.982],[147.47,-43.026],[147.43,-43.028],[147.409,-42.963],[147.392,-42.976],[147.419,-43.05],[147.521,-43.021],[147.524,-42.993],[147.554,-42.986],[147.542,-42.959],[147.528,-42.962],[147.539,-42.975],[147.529,-42.985],[147.509,-42.967],[147.516,-42.952],[147.539,-42.962],[147.531,-42.931],[147.495,-42.911],[147.504,-42.864],[147.565,-42.838],[147.613,-42.846],[147.579,-42.825],[147.522,-42.828],[147.513,-42.811],[147.481,-42.827],[147.472,-42.821],[147.485,-42.808],[147.46,-42.81],[147.437,-42.786],[147.435,-42.774],[147.459,-42.777],[147.447,-42.756],[147.469,-42.771],[147.453,-42.782],[147.487,-42.803],[147.513,-42.783],[147.535,-42.805],[147.535,-42.775],[147.555,-42.796],[147.592,-42.801],[147.594,-42.782],[147.597,-42.813],[147.621,-42.843],[147.606,-42.869],[147.653,-42.879],[147.69,-42.864],[147.7,-42.873],[147.681,-42.865],[147.641,-42.888],[147.68,-42.904],[147.722,-42.887],[147.767,-42.907],[147.832,-42.866],[147.843,-42.876],[147.835,-42.861],[147.856,-42.849],[147.865,-42.815],[147.884,-42.846],[147.87,-42.819],[147.879,-42.77],[147.9,-42.744],[147.937,-42.735],[147.914,-42.731],[147.918,-42.719],[147.775,-42.711],[147.741,-42.685],[147.697,-42.694],[147.665,-42.67],[147.657,-42.682],[147.626,-42.678],[147.634,-42.687],[147.617,-42.675],[147.636,-42.673],[147.595,-42.672],[147.565,-42.693],[147.545,-42.675],[147.523,-42.7],[147.463,-42.679],[147.339,-42.677],[147.303,-42.655],[147.273,-42.678],[147.217,-42.677],[147.077,-42.724],[147.03,-42.778],[147.057,-42.801],[147.078,-42.804],[147.092,-42.787],[147.18,-42.816],[147.136,-42.844],[147.151,-42.856],[147.158,-42.944],[147.141,-42.999],[147.119,-43.012],[147.148,-43.034],[147.205,-43.044],[147.175,-43.056],[147.174,-43.085],[147.159,-43.09],[147.182,-43.121],[147.212,-43.103],[147.286,-43.111],[147.301,-43.085],[147.256,-43.073],[147.279,-43.01],[147.314,-43.059],[147.344,-43.052],[147.324,-43.006],[147.33,-42.978],[147.315,-42.974],[147.339,-42.974],[147.361,-42.914],[147.332,-42.9],[147.341,-42.877],[147.312,-42.829]]],[[[147.196,-42.733],[147.201,-42.735],[147.199,-42.733],[147.196,-42.733]]],[[[147.19,-42.735],[147.192,-42.733],[147.186,-42.735],[147.19,-42.735]]],[[[147.193,-42.737],[147.19,-42.737],[147.191,-42.738],[147.193,-42.737]]],[[[147.195,-42.727],[147.194,-42.728],[147.196,-42.727],[147.195,-42.727]]],[[[147.184,-42.736],[147.187,-42.737],[147.185,-42.736],[147.184,-42.736]]],[[[147.186,-42.735],[147.185,-42.735],[147.186,-42.736],[147.186,-42.735]]],[[[147.186,-42.735],[147.187,-42.734],[147.186,-42.734],[147.186,-42.735]]],[[[147.195,-42.731],[147.197,-42.731],[147.197,-42.73],[147.195,-42.731]]],[[[147.19,-42.732],[147.189,-42.732],[147.19,-42.732],[147.19,-42.732]],[[147.197,-42.731],[147.197,-42.73],[147.198,-42.731],[147.197,-42.731]]],[[[147.187,-42.733],[147.187,-42.733],[147.187,-42.733],[147.187,-42.733]]],[[[147.188,-42.733],[147.188,-42.733],[147.188,-42.732],[147.188,-42.733]]],[[[147.192,-42.732],[147.192,-42.732],[147.192,-42.732],[147.192,-42.732]]],[[[147.186,-42.735],[147.186,-42.735],[147.186,-42.734],[147.186,-42.735]]],[[[147.189,-42.736],[147.188,-42.735],[147.189,-42.736],[147.189,-42.736]]],[[[147.188,-42.736],[147.188,-42.736],[147.188,-42.736],[147.188,-42.736]]],[[[147.19,-42.732],[147.191,-42.732],[147.191,-42.732],[147.19,-42.732]]],[[[147.186,-42.734],[147.186,-42.733],[147.186,-42.733],[147.186,-42.734]]],[[[147.19,-42.737],[147.189,-42.737],[147.19,-42.737],[147.19,-42.737]]],[[[147.191,-42.732],[147.192,-42.732],[147.191,-42.732],[147.191,-42.732]]],[[[147.185,-42.734],[147.185,-42.734],[147.185,-42.734],[147.185,-42.734]]],[[[147.189,-42.732],[147.189,-42.732],[147.189,-42.732],[147.189,-42.732]]],[[[147.197,-42.731],[147.198,-42.731],[147.197,-42.731],[147.197,-42.731]]],[[[147.192,-42.734],[147.193,-42.734],[147.192,-42.734],[147.192,-42.734]]],[[[147.187,-42.733],[147.187,-42.732],[147.187,-42.732],[147.187,-42.733]]],[[[147.185,-42.736],[147.185,-42.736],[147.185,-42.735],[147.185,-42.736]]],[[[147.187,-42.732],[147.187,-42.732],[147.187,-42.732],[147.187,-42.732]]],[[[147.188,-42.732],[147.188,-42.732],[147.188,-42.732],[147.188,-42.732]]],[[[147.186,-42.733],[147.186,-42.733],[147.186,-42.733],[147.186,-42.733]]],[[[147.188,-42.735],[147.189,-42.735],[147.189,-42.735],[147.188,-42.735]]],[[[147.15,-42.753],[147.148,-42.754],[147.152,-42.752],[147.15,-42.753]]],[[[147.489,-43.072],[147.49,-43.072],[147.489,-43.072],[147.489,-43.072]]],[[[147.489,-43.071],[147.49,-43.071],[147.489,-43.071],[147.489,-43.071]]],[[[147.486,-43.069],[147.486,-43.068],[147.485,-43.067],[147.486,-43.069]]],[[[147.485,-43.037],[147.485,-43.036],[147.485,-43.036],[147.485,-43.037]]],[[[147.783,-42.913],[147.786,-42.913],[147.787,-42.91],[147.783,-42.913]]],[[[147.65,-42.908],[147.649,-42.907],[147.649,-42.908],[147.65,-42.908]]],[[[147.49,-43.057],[147.472,-43.046],[147.488,-43.065],[147.49,-43.057]]],[[[147.418,-43.058],[147.416,-43.059],[147.418,-43.059],[147.418,-43.058]]],[[[147.484,-43.036],[147.484,-43.036],[147.484,-43.037],[147.484,-43.036]]],[[[147.484,-43.037],[147.484,-43.037],[147.484,-43.037],[147.484,-43.037]]],[[[147.482,-43.031],[147.482,-43.031],[147.483,-43.031],[147.482,-43.031]]],[[[147.483,-43.031],[147.483,-43.031],[147.483,-43.031],[147.483,-43.031]]],[[[147.483,-43.031],[147.483,-43.031],[147.483,-43.031],[147.483,-43.031]]],[[[147.458,-42.772],[147.465,-42.771],[147.452,-42.77],[147.458,-42.772]]],[[[147.458,-42.768],[147.458,-42.768],[147.458,-42.768],[147.458,-42.768]]],[[[147.452,-42.781],[147.453,-42.781],[147.453,-42.781],[147.452,-42.781]]],[[[147.458,-42.778],[147.457,-42.778],[147.458,-42.778],[147.458,-42.778]]],[[[147.459,-42.769],[147.459,-42.769],[147.459,-42.77],[147.459,-42.769]]],[[[147.804,-42.892],[147.809,-42.9],[147.818,-42.895],[147.804,-42.892]]],[[[147.559,-42.814],[147.561,-42.814],[147.559,-42.811],[147.559,-42.814]]],[[[147.489,-42.82],[147.489,-42.819],[147.487,-42.819],[147.489,-42.82]]],[[[147.532,-42.815],[147.531,-42.814],[147.531,-42.815],[147.532,-42.815]]],[[[147.491,-42.818],[147.491,-42.818],[147.491,-42.817],[147.491,-42.818]]],[[[147.535,-42.805],[147.536,-42.806],[147.535,-42.805],[147.535,-42.805]]],[[[147.547,-42.793],[147.548,-42.793],[147.547,-42.793],[147.547,-42.793]]],[[[147.49,-42.819],[147.49,-42.818],[147.49,-42.818],[147.49,-42.819]]],[[[147.601,-42.868],[147.602,-42.869],[147.602,-42.866],[147.601,-42.868]]],[[[147.601,-42.864],[147.602,-42.864],[147.6,-42.864],[147.601,-42.864]]],[[[147.602,-42.865],[147.601,-42.865],[147.602,-42.865],[147.602,-42.865]]],[[[147.274,-43.02],[147.275,-43.021],[147.273,-43.02],[147.274,-43.02]]],[[[147.272,-43.024],[147.271,-43.024],[147.273,-43.024],[147.272,-43.024]]],[[[147.27,-43.025],[147.27,-43.025],[147.271,-43.025],[147.27,-43.025]]],[[[147.272,-43.022],[147.272,-43.022],[147.272,-43.022],[147.272,-43.022]]],[[[147.271,-43.022],[147.271,-43.022],[147.271,-43.022],[147.271,-43.022]]],[[[147.271,-43.022],[147.271,-43.022],[147.271,-43.022],[147.271,-43.022]]],[[[147.392,-42.977],[147.392,-42.977],[147.392,-42.976],[147.392,-42.977]]],[[[147.403,-42.969],[147.403,-42.969],[147.403,-42.969],[147.403,-42.969]]]]},"properties":{"sa4_code_2021":"601","sa4_name_2021":"Hobart"},"id":"601"},{"type":"Feature","geometry":{"type":"MultiPolygon","coordinates":[[[[147.158,-41.417],[147.173,-41.436],[147.146,-41.417],[147.121,-41.444],[147.112,-41.422],[147.123,-41.41],[147.074,-41.384],[147.077,-41.341],[147.058,-41.336],[147.034,-41.356],[147.005,-41.321],[146.973,-41.313],[146.962,-41.294],[146.977,-41.288],[146.975,-41.252],[146.946,-41.26],[146.898,-41.203],[146.916,-41.198],[146.923,-41.17],[146.878,-41.15],[146.86,-41.172],[146.834,-41.163],[146.858,-41.193],[146.845,-41.186],[146.839,-41.2],[146.824,-41.149],[146.807,-41.141],[146.771,-41.165],[146.763,-41.15],[146.82,-41.138],[146.814,-41.113],[146.788,-41.112],[146.799,-41.107],[146.769,-41.079],[146.745,-41.085],[146.706,-41.064],[146.712,-41.077],[146.679,-41.101],[146.661,-41.096],[146.658,-41.11],[146.696,-41.133],[146.696,-41.17],[146.762,-41.289],[146.718,-41.306],[146.705,-41.298],[146.704,-41.333],[146.62,-41.324],[146.617,-41.338],[146.59,-41.335],[146.59,-41.362],[146.548,-41.355],[146.546,-41.367],[146.495,-41.378],[146.502,-41.39],[146.468,-41.405],[146.468,-41.455],[146.447,-41.473],[146.494,-41.489],[146.494,-41.515],[146.229,-41.488],[146.189,-41.513],[146.193,-41.572],[146.174,-41.589],[146.186,-41.618],[146.173,-41.602],[146.027,-41.577],[145.951,-41.685],[146.05,-41.975],[146.314,-41.926],[146.351,-41.907],[146.345,-41.891],[146.362,-41.885],[146.391,-41.827],[146.35,-41.776],[146.391,-41.744],[146.503,-41.731],[146.623,-41.758],[146.624,-41.741],[146.647,-41.747],[146.65,-41.73],[146.691,-41.733],[146.72,-41.714],[146.71,-41.731],[146.734,-41.739],[146.745,-41.718],[146.782,-41.727],[146.817,-41.7],[146.848,-41.722],[146.835,-41.742],[146.85,-41.754],[146.818,-41.76],[146.869,-41.791],[146.847,-41.799],[146.855,-41.813],[146.886,-41.815],[146.917,-41.843],[146.975,-41.843],[147.0,-41.898],[147.082,-41.94],[147.14,-41.939],[147.164,-41.916],[147.233,-42.076],[147.279,-42.119],[147.256,-42.122],[147.259,-42.165],[147.299,-42.156],[147.335,-42.123],[147.407,-42.141],[147.449,-42.117],[147.51,-42.154],[147.504,-42.168],[147.547,-42.181],[147.568,-42.23],[147.673,-42.24],[147.709,-42.252],[147.712,-42.273],[147.781,-42.262],[147.831,-42.279],[147.882,-42.214],[147.889,-42.143],[147.84,-42.048],[147.885,-41.876],[147.967,-41.857],[148.022,-41.874],[148.04,-41.844],[148.146,-41.825],[148.143,-41.858],[148.181,-41.882],[148.188,-41.853],[148.235,-41.843],[148.241,-41.824],[148.266,-41.817],[148.282,-41.762],[148.305,-41.748],[148.284,-41.72],[148.293,-41.659],[148.32,-41.621],[148.317,-41.575],[148.288,-41.558],[148.276,-41.503],[148.249,-41.486],[148.264,-41.482],[148.271,-41.502],[148.266,-41.462],[148.242,-41.467],[148.232,-41.443],[148.198,-41.442],[148.229,-41.444],[148.228,-41.432],[148.233,-41.46],[148.267,-41.462],[148.296,-41.372],[148.279,-41.372],[148.301,-41.366],[148.327,-41.306],[148.359,-41.281],[148.332,-41.276],[148.309,-41.317],[148.272,-41.34],[148.236,-41.323],[148.277,-41.315],[148.282,-41.277],[148.295,-41.283],[148.291,-41.304],[148.308,-41.302],[148.338,-41.26],[148.312,-41.247],[148.288,-41.257],[148.304,-41.251],[148.279,-41.23],[148.285,-41.209],[148.262,-41.203],[148.276,-41.208],[148.272,-41.181],[148.253,-41.191],[148.285,-41.169],[148.268,-41.152],[148.27,-41.126],[148.298,-41.064],[148.249,-41.051],[148.294,-41.029],[148.297,-41.062],[148.302,-41.029],[148.35,-40.993],[148.324,-40.988],[148.262,-40.892],[148.227,-40.876],[148.223,-40.846],[148.178,-40.821],[148.174,-40.839],[148.126,-40.836],[148.115,-40.814],[148.148,-40.835],[148.175,-40.83],[148.141,-40.831],[148.079,-40.769],[148.038,-40.762],[148.043,-40.774],[148.033,-40.751],[147.975,-40.738],[147.939,-40.74],[147.959,-40.765],[147.887,-40.864],[147.885,-40.878],[147.913,-40.869],[147.904,-40.878],[147.874,-40.883],[147.883,-40.868],[147.822,-40.887],[147.756,-40.865],[147.752,-40.876],[147.757,-40.858],[147.706,-40.86],[147.67,-40.821],[147.595,-40.849],[147.583,-40.893],[147.491,-40.979],[147.441,-41.003],[147.397,-41.003],[147.435,-41.012],[147.399,-41.009],[147.384,-40.98],[147.355,-40.982],[147.346,-40.939],[147.303,-40.958],[147.28,-40.942],[147.249,-40.953],[147.203,-41.009],[147.162,-41.008],[147.158,-41.031],[147.134,-41.035],[147.159,-41.014],[147.116,-40.995],[147.073,-41.0],[147.021,-40.98],[146.948,-41.026],[146.959,-41.027],[146.875,-41.019],[146.807,-41.063],[146.787,-41.054],[146.827,-41.108],[146.828,-41.136],[146.9,-41.137],[146.965,-41.19],[146.937,-41.182],[146.912,-41.212],[146.945,-41.207],[146.946,-41.229],[146.977,-41.233],[147.015,-41.276],[146.978,-41.309],[147.04,-41.319],[147.046,-41.337],[147.072,-41.331],[147.075,-41.354],[147.089,-41.354],[147.075,-41.355],[147.08,-41.367],[147.128,-41.411],[147.127,-41.432],[147.158,-41.417]]],[[[146.638,-39.476],[146.647,-39.479],[146.658,-39.463],[146.638,-39.476]]],[[[146.388,-39.225],[146.384,-39.236],[146.395,-39.231],[146.388,-39.225]]],[[[146.983,-39.215],[146.981,-39.233],[146.996,-39.221],[146.983,-39.215]]],[[[146.997,-39.212],[147.004,-39.204],[146.999,-39.207],[146.997,-39.212]]],[[[146.907,-41.207],[146.908,-41.207],[146.908,-41.206],[146.907,-41.207]]],[[[146.77,-41.153],[146.771,-41.153],[146.77,-41.153],[146.77,-41.153]]],[[[146.772,-41.153],[146.771,-41.153],[146.771,-41.153],[146.772,-41.153]]],[[[146.913,-41.208],[146.913,-41.209],[146.913,-41.208],[146.913,-41.208]]],[[[146.966,-41.242],[146.968,-41.241],[146.967,-41.241],[146.966,-41.242]]],[[[146.793,-41.109],[146.793,-41.109],[146.793,-41.109],[146.793,-41.109]]],[[[146.863,-41.144],[146.861,-41.148],[146.865,-41.147],[146.863,-41.144]]],[[[146.823,-41.14],[146.823,-41.139],[146.823,-41.139],[146.823,-41.14]]],[[[147.958,-40.736],[147.959,-40.736],[147.958,-40.734],[147.958,-40.736]]],[[[147.973,-40.73],[147.973,-40.73],[147.973,-40.73],[147.973,-40.73]]],[[[147.936,-40.761],[147.934,-40.76],[147.936,-40.762],[147.936,-40.761]]],[[[147.974,-40.729],[147.973,-40.729],[147.974,-40.729],[147.974,-40.729]]],[[[148.019,-40.485],[148.021,-40.485],[148.019,-40.483],[148.019,-40.485]]],[[[147.895,-40.379],[147.899,-40.379],[147.897,-40.377],[147.895,-40.379]]],[[[147.922,-40.336],[147.923,-40.337],[147.923,-40.335],[147.922,-40.336]]],[[[147.783,-40.295],[147.784,-40.296],[147.786,-40.296],[147.783,-40.295]]],[[[147.777,-40.026],[147.726,-40.103],[147.757,-40.095],[147.76,-40.068],[147.787,-40.042],[147.777,-40.026]]],[[[147.771,-39.952],[147.764,-39.958],[147.774,-39.951],[147.771,-39.952]]],[[[147.675,-39.689],[147.687,-39.686],[147.677,-39.686],[147.675,-39.689]]],[[[147.994,-39.672],[147.996,-39.672],[147.996,-39.672],[147.994,-39.672]]],[[[147.967,-39.659],[147.991,-39.663],[148.011,-39.649],[147.983,-39.637],[147.985,-39.652],[147.967,-39.659]]],[[[147.375,-39.444],[147.373,-39.449],[147.382,-39.447],[147.375,-39.444]]],[[[147.318,-39.496],[147.351,-39.497],[147.346,-39.472],[147.36,-39.464],[147.321,-39.452],[147.304,-39.475],[147.318,-39.496]]],[[[147.543,-40.898],[147.543,-40.898],[147.543,-40.897],[147.543,-40.898]]],[[[147.799,-40.295],[147.787,-40.3],[147.802,-40.315],[147.799,-40.295]]],[[[147.914,-40.255],[147.915,-40.254],[147.913,-40.254],[147.914,-40.255]]],[[[147.727,-40.129],[147.722,-40.131],[147.725,-40.132],[147.727,-40.129]]],[[[147.729,-40.129],[147.73,-40.129],[147.73,-40.128],[147.729,-40.129]]],[[[147.891,-40.096],[147.887,-40.095],[147.887,-40.106],[147.891,-40.096]]],[[[147.844,-40.028],[147.848,-40.029],[147.848,-40.026],[147.844,-40.028]]],[[[147.774,-39.943],[147.777,-39.943],[147.776,-39.941],[147.774,-39.943]]],[[[147.772,-39.937],[147.775,-39.939],[147.774,-39.937],[147.772,-39.937]]],[[[147.888,-39.691],[147.903,-39.705],[147.947,-39.697],[147.901,-39.681],[147.888,-39.691]]],[[[147.949,-40.753],[147.95,-40.753],[147.95,-40.753],[147.949,-40.753]]],[[[147.903,-40.179],[147.894,-40.194],[147.917,-40.186],[147.903,-40.179]]],[[[147.974,-40.194],[147.987,-40.186],[147.975,-40.175],[147.974,-40.194]]],[[[147.892,-40.138],[147.895,-40.138],[147.893,-40.136],[147.892,-40.138]]],[[[147.784,-39.923],[147.779,-39.919],[147.774,-39.924],[147.784,-39.923]]],[[[147.771,-39.926],[147.773,-39.925],[147.771,-39.925],[147.771,-39.926]]],[[[147.825,-39.822],[147.826,-39.823],[147.826,-39.821],[147.825,-39.822]]],[[[147.95,-40.742],[147.95,-40.742],[147.951,-40.743],[147.95,-40.742]]],[[[147.953,-40.743],[147.952,-40.742],[147.954,-40.744],[147.953,-40.743]]],[[[147.961,-40.745],[147.961,-40.744],[147.96,-40.744],[147.961,-40.745]]],[[[147.954,-40.742],[147.954,-40.744],[147.954,-40.743],[147.954,-40.742]]],[[[147.966,-40.743],[147.967,-40.742],[147.966,-40.742],[147.966,-40.743]]],[[[147.951,-40.743],[147.952,-40.743],[147.952,-40.743],[147.951,-40.743]]],[[[147.963,-40.744],[147.963,-40.744],[147.963,-40.743],[147.963,-40.744]]],[[[147.964,-40.744],[147.964,-40.744],[147.965,-40.744],[147.964,-40.744]]],[[[147.972,-40.723],[147.976,-40.722],[147.972,-40.721],[147.972,-40.723]]],[[[147.969,-40.724],[147.972,-40.725],[147.97,-40.723],[147.969,-40.724]]],[[[147.909,-40.269],[147.911,-40.268],[147.91,-40.267],[147.909,-40.269]]],[[[147.84,-40.298],[147.857,-40.309],[147.847,-40.324],[147.881,-40.326],[147.909,-40.302],[147.84,-40.298]]],[[[147.917,-40.301],[147.918,-40.301],[147.915,-40.3],[147.917,-40.301]]],[[[147.852,-39.766],[147.851,-39.766],[147.852,-39.767],[147.852,-39.766]]],[[[147.849,-39.764],[147.848,-39.765],[147.849,-39.765],[147.849,-39.764]]],[[[147.549,-40.892],[147.55,-40.892],[147.549,-40.891],[147.549,-40.892]]],[[[147.573,-40.895],[147.575,-40.893],[147.574,-40.894],[147.573,-40.895]]],[[[147.575,-40.893],[147.575,-40.892],[147.575,-40.892],[147.575,-40.893]]],[[[147.79,-40.879],[147.789,-40.88],[147.79,-40.88],[147.79,-40.879]]],[[[147.941,-40.77],[147.938,-40.77],[147.941,-40.771],[147.941,-40.77]]],[[[147.935,-40.77],[147.937,-40.77],[147.936,-40.769],[147.935,-40.77]]],[[[147.935,-40.763],[147.936,-40.763],[147.936,-40.763],[147.935,-40.763]]],[[[147.942,-40.131],[147.946,-40.128],[147.941,-40.128],[147.942,-40.131]]],[[[147.916,-40.123],[147.914,-40.123],[147.916,-40.125],[147.916,-40.123]]],[[[147.778,-39.908],[147.773,-39.904],[147.769,-39.909],[147.778,-39.908]]],[[[147.769,-39.838],[147.768,-39.841],[147.771,-39.838],[147.769,-39.838]],[[147.636,-40.788],[147.617,-40.813],[147.642,-40.78],[147.636,-40.788]]],[[[147.759,-40.857],[147.763,-40.856],[147.76,-40.855],[147.759,-40.857]]],[[[147.76,-40.866],[147.768,-40.87],[147.766,-40.869],[147.76,-40.866]]],[[[147.626,-40.823],[147.627,-40.824],[147.629,-40.823],[147.626,-40.823]]],[[[147.782,-40.879],[147.777,-40.878],[147.781,-40.879],[147.782,-40.879]]],[[[147.915,-40.279],[147.93,-40.28],[147.934,-40.259],[147.915,-40.279]]],[[[147.964,-40.741],[147.965,-40.742],[147.964,-40.741],[147.964,-40.741]]],[[[147.953,-40.741],[147.953,-40.742],[147.954,-40.741],[147.953,-40.741]]],[[[148.293,-41.169],[148.293,-41.17],[148.294,-41.169],[148.293,-41.169]]],[[[148.293,-41.168],[148.294,-41.167],[148.293,-41.167],[148.293,-41.168]]],[[[148.305,-40.505],[148.313,-40.522],[148.317,-40.498],[148.305,-40.505]]],[[[148.344,-40.498],[148.328,-40.502],[148.347,-40.523],[148.344,-40.498]]],[[[148.344,-41.353],[148.345,-41.345],[148.336,-41.347],[148.344,-41.353]]],[[[148.339,-41.25],[148.339,-41.25],[148.341,-41.251],[148.339,-41.25]]],[[[148.357,-41.0],[148.357,-41.0],[148.356,-41.0],[148.357,-41.0]]],[[[148.248,-40.885],[148.248,-40.885],[148.249,-40.885],[148.248,-40.885]]],[[[148.246,-40.562],[148.247,-40.562],[148.247,-40.562],[148.246,-40.562]]],[[[148.496,-40.435],[148.499,-40.436],[148.498,-40.433],[148.496,-40.435]]],[[[148.281,-40.257],[148.284,-40.256],[148.281,-40.255],[148.281,-40.257]]],[[[148.267,-40.221],[148.267,-40.221],[148.267,-40.221],[148.267,-40.221]]],[[[148.234,-40.877],[148.234,-40.877],[148.234,-40.877],[148.234,-40.877]]],[[[148.232,-40.878],[148.232,-40.878],[148.232,-40.877],[148.232,-40.878]],[[148.359,-39.95],[148.352,-39.951],[148.363,-39.947],[148.359,-39.95]]],[[[148.36,-39.96],[148.365,-39.958],[148.362,-39.955],[148.36,-39.96]]],[[[148.33,-40.924],[148.328,-40.924],[148.331,-40.926],[148.33,-40.924]]],[[[148.329,-40.922],[148.331,-40.922],[148.33,-40.921],[148.329,-40.922]]],[[[148.327,-40.934],[148.328,-40.934],[148.327,-40.934],[148.327,-40.934]]],[[[148.263,-40.892],[148.263,-40.892],[148.264,-40.893],[148.263,-40.892]]],[[[148.267,-40.223],[148.268,-40.223],[148.266,-40.222],[148.267,-40.223]]],[[[148.242,-40.23],[148.243,-40.23],[148.242,-40.229],[148.242,-40.23]]],[[[148.268,-40.226],[148.268,-40.225],[148.268,-40.225],[148.268,-40.226]]],[[[148.318,-39.953],[148.348,-39.951],[148.329,-39.932],[148.318,-39.953]]],[[[148.328,-41.249],[148.329,-41.249],[148.328,-41.248],[148.328,-41.249]]],[[[148.236,-40.875],[148.236,-40.875],[148.236,-40.875],[148.236,-40.875]]],[[[148.242,-40.561],[148.242,-40.562],[148.244,-40.562],[148.242,-40.561]]],[[[148.248,-40.254],[148.267,-40.253],[148.228,-40.241],[148.248,-40.254]]],[[[148.246,-40.228],[148.262,-40.228],[148.257,-40.222],[148.246,-40.228]]],[[[148.243,-40.23],[148.244,-40.231],[148.245,-40.231],[148.243,-40.23]]],[[[148.242,-40.232],[148.243,-40.232],[148.243,-40.231],[148.242,-40.232]]],[[[148.245,-39.952],[148.246,-39.952],[148.245,-39.951],[148.245,-39.952]]],[[[148.288,-41.21],[148.289,-41.21],[148.289,-41.209],[148.288,-41.21]]],[[[148.339,-41.26],[148.338,-41.26],[148.338,-41.261],[148.339,-41.26]]],[[[148.289,-40.273],[148.282,-40.288],[148.326,-40.288],[148.296,-40.258],[148.289,-40.273]]],[[[148.309,-40.303],[148.308,-40.307],[148.314,-40.306],[148.309,-40.303]]],[[[148.319,-40.3],[148.324,-40.298],[148.321,-40.297],[148.319,-40.3]]],[[[148.305,-41.397],[148.303,-41.397],[148.302,-41.399],[148.305,-41.397]]],[[[148.322,-40.922],[148.321,-40.922],[148.321,-40.923],[148.322,-40.922]]],[[[148.323,-40.915],[148.323,-40.915],[148.324,-40.915],[148.323,-40.915]]],[[[148.323,-40.916],[148.324,-40.915],[148.324,-40.915],[148.323,-40.916]]],[[[148.32,-40.913],[148.321,-40.913],[148.32,-40.913],[148.32,-40.913]]],[[[148.286,-40.08],[148.287,-40.08],[148.285,-40.079],[148.286,-40.08]],[[148.284,-40.076],[148.284,-40.077],[148.285,-40.075],[148.284,-40.076]]],[[[148.276,-40.087],[148.277,-40.088],[148.277,-40.087],[148.276,-40.087]]],[[[148.285,-40.074],[148.286,-40.074],[148.285,-40.074],[148.285,-40.074]]],[[[147.079,-41.375],[147.085,-41.385],[147.087,-41.377],[147.079,-41.375]]],[[[147.076,-41.385],[147.077,-41.387],[147.077,-41.385],[147.076,-41.385]]],[[[147.074,-41.382],[147.075,-41.383],[147.075,-41.38],[147.074,-41.382]]],[[[147.088,-41.383],[147.089,-41.382],[147.089,-41.38],[147.088,-41.383]]],[[[147.273,-39.471],[147.26,-39.479],[147.295,-39.473],[147.302,-39.438],[147.273,-39.445],[147.293,-39.462],[147.273,-39.471]]],[[[148.082,-40.722],[148.079,-40.725],[148.082,-40.726],[148.082,-40.722]]],[[[148.077,-40.716],[148.077,-40.715],[148.077,-40.715],[148.077,-40.716]]],[[[148.071,-40.287],[148.067,-40.289],[148.071,-40.288],[148.071,-40.287]]],[[[148.203,-40.84],[148.204,-40.84],[148.203,-40.84],[148.203,-40.84]]],[[[148.024,-40.35],[147.981,-40.369],[148.015,-40.362],[148.024,-40.35]]],[[[148.049,-40.342],[148.054,-40.34],[148.051,-40.339],[148.049,-40.342]]],[[[148.179,-40.819],[148.179,-40.82],[148.179,-40.819],[148.179,-40.819]]],[[[148.029,-40.75],[148.03,-40.75],[148.029,-40.749],[148.029,-40.75]]],[[[148.179,-40.82],[148.179,-40.82],[148.179,-40.82],[148.179,-40.82]]],[[[148.064,-40.483],[148.082,-40.489],[148.062,-40.468],[148.048,-40.474],[148.064,-40.483]]],[[[148.074,-40.491],[148.074,-40.496],[148.077,-40.495],[148.074,-40.491]]],[[[148.028,-40.433],[148.026,-40.437],[148.028,-40.437],[148.028,-40.433]]],[[[148.093,-40.743],[148.117,-40.74],[148.126,-40.727],[148.093,-40.743]]],[[[148.088,-40.74],[148.089,-40.74],[148.088,-40.74],[148.088,-40.74]]],[[[148.022,-40.417],[148.06,-40.453],[148.128,-40.44],[148.14,-40.461],[148.142,-40.448],[148.196,-40.436],[148.227,-40.466],[148.273,-40.429],[148.31,-40.427],[148.351,-40.493],[148.378,-40.477],[148.398,-40.489],[148.414,-40.462],[148.431,-40.465],[148.437,-40.44],[148.482,-40.435],[148.449,-40.406],[148.451,-40.377],[148.407,-40.378],[148.33,-40.291],[148.267,-40.341],[148.211,-40.318],[148.192,-40.356],[148.144,-40.336],[148.08,-40.34],[147.987,-40.387],[147.989,-40.421],[148.022,-40.417]]],[[[148.134,-40.299],[148.166,-40.292],[148.141,-40.291],[148.134,-40.299]]],[[[148.108,-40.297],[148.099,-40.31],[148.111,-40.311],[148.108,-40.297]]],[[[148.113,-40.291],[148.11,-40.293],[148.117,-40.29],[148.113,-40.291]]],[[[148.209,-40.318],[148.21,-40.318],[148.209,-40.317],[148.209,-40.318]]],[[[148.063,-40.291],[148.062,-40.291],[148.061,-40.292],[148.063,-40.291]]],[[[148.205,-40.311],[148.206,-40.312],[148.205,-40.311],[148.205,-40.311]]],[[[148.116,-40.513],[148.096,-40.532],[148.122,-40.537],[148.113,-40.565],[148.198,-40.59],[148.192,-40.574],[148.235,-40.533],[148.248,-40.48],[148.214,-40.503],[148.188,-40.49],[148.116,-40.513]]],[[[148.109,-40.55],[148.112,-40.549],[148.109,-40.547],[148.109,-40.55]]],[[[148.13,-40.572],[148.13,-40.571],[148.129,-40.571],[148.13,-40.572]]],[[[148.118,-40.544],[148.117,-40.543],[148.117,-40.544],[148.118,-40.544]]],[[[148.119,-40.569],[148.119,-40.568],[148.119,-40.568],[148.119,-40.569]]],[[[148.13,-40.57],[148.13,-40.571],[148.13,-40.57],[148.13,-40.57]]],[[[148.164,-39.933],[148.108,-39.895],[148.122,-39.897],[147.961,-39.73],[147.991,-39.779],[147.968,-39.759],[147.967,-39.773],[147.964,-39.728],[147.943,-39.72],[147.884,-39.761],[147.848,-39.751],[147.87,-39.787],[147.841,-39.809],[147.844,-39.837],[147.804,-39.835],[147.748,-39.874],[147.805,-39.917],[147.848,-39.898],[147.88,-39.907],[147.907,-39.976],[147.859,-40.023],[147.939,-40.038],[147.954,-40.099],[147.964,-40.075],[148.009,-40.108],[148.018,-40.171],[148.042,-40.204],[148.024,-40.212],[148.028,-40.23],[148.121,-40.274],[148.185,-40.25],[148.193,-40.219],[148.21,-40.211],[148.259,-40.21],[148.283,-40.231],[148.334,-40.209],[148.288,-40.081],[148.279,-40.116],[148.223,-40.121],[148.286,-40.068],[148.291,-39.965],[148.205,-39.945],[148.178,-39.952],[148.164,-39.933]]],[[[148.202,-40.251],[148.206,-40.258],[148.215,-40.255],[148.202,-40.251]]],[[[147.126,-39.524],[147.131,-39.523],[147.128,-39.519],[147.126,-39.524]]]]},"properties":{"sa4_code_2021":"602","sa4_name_2021":"Launceston and North East"},"id":"602"},{"type":"Feature","geometry":{"type":"MultiPolygon","coordinates":[[[[147.259,-42.165],[147.256,-42.122],[147.279,-42.119],[147.233,-42.076],[147.164,-41.916],[147.14,-41.939],[147.082,-41.94],[147.0,-41.898],[146.975,-41.843],[146.917,-41.843],[146.886,-41.815],[146.855,-41.813],[146.847,-41.799],[146.869,-41.791],[146.818,-41.76],[146.85,-41.754],[146.835,-41.742],[146.848,-41.722],[146.817,-41.7],[146.782,-41.727],[146.745,-41.718],[146.734,-41.739],[146.71,-41.731],[146.72,-41.714],[146.691,-41.733],[146.65,-41.73],[146.647,-41.747],[146.624,-41.741],[146.623,-41.758],[146.503,-41.731],[146.391,-41.744],[146.35,-41.776],[146.391,-41.827],[146.362,-41.885],[146.345,-41.891],[146.351,-41.907],[146.314,-41.926],[146.05,-41.975],[146.015,-42.005],[146.023,-42.039],[146.0,-42.067],[146.075,-42.21],[146.089,-42.288],[146.107,-42.305],[146.097,-42.359],[146.115,-42.381],[146.1,-42.403],[146.13,-42.407],[146.134,-42.425],[146.075,-42.478],[146.09,-42.49],[146.081,-42.503],[146.029,-42.538],[145.985,-42.626],[145.962,-42.639],[145.966,-42.659],[145.893,-42.698],[145.867,-42.692],[145.871,-42.717],[145.833,-42.718],[145.949,-42.906],[145.934,-42.905],[145.941,-42.931],[145.995,-42.98],[145.975,-43.036],[145.972,-43.077],[145.993,-43.101],[145.983,-43.135],[145.96,-43.128],[145.926,-43.158],[145.937,-43.191],[145.915,-43.194],[145.928,-43.205],[145.918,-43.213],[145.98,-43.235],[145.973,-43.273],[145.953,-43.281],[145.961,-43.295],[146.029,-43.342],[146.059,-43.334],[146.049,-43.321],[146.064,-43.289],[146.072,-43.327],[146.112,-43.348],[146.136,-43.346],[146.168,-43.291],[146.176,-43.326],[146.189,-43.315],[146.209,-43.331],[146.232,-43.324],[146.227,-43.361],[146.213,-43.364],[146.223,-43.389],[146.21,-43.364],[146.155,-43.363],[146.177,-43.382],[146.157,-43.392],[146.135,-43.377],[146.144,-43.408],[146.166,-43.419],[146.14,-43.407],[146.131,-43.355],[146.086,-43.342],[146.058,-43.344],[146.092,-43.364],[146.084,-43.372],[146.068,-43.353],[146.003,-43.345],[145.987,-43.329],[145.975,-43.349],[146.002,-43.365],[145.994,-43.394],[145.977,-43.356],[145.971,-43.37],[145.953,-43.359],[145.921,-43.381],[145.965,-43.383],[145.971,-43.403],[145.997,-43.407],[146.018,-43.455],[146.006,-43.464],[146.029,-43.464],[146.043,-43.509],[146.03,-43.57],[146.079,-43.541],[146.11,-43.557],[146.11,-43.524],[146.147,-43.528],[146.148,-43.501],[146.178,-43.511],[146.193,-43.54],[146.21,-43.535],[146.216,-43.486],[146.273,-43.498],[146.267,-43.529],[146.29,-43.545],[146.345,-43.513],[146.406,-43.54],[146.486,-43.544],[146.509,-43.524],[146.542,-43.523],[146.596,-43.543],[146.551,-43.51],[146.559,-43.465],[146.578,-43.485],[146.575,-43.525],[146.608,-43.55],[146.599,-43.562],[146.624,-43.562],[146.64,-43.587],[146.658,-43.579],[146.66,-43.608],[146.686,-43.597],[146.705,-43.633],[146.785,-43.6],[146.831,-43.615],[146.827,-43.643],[146.871,-43.639],[146.874,-43.623],[146.922,-43.599],[146.917,-43.569],[146.873,-43.59],[146.904,-43.562],[146.877,-43.558],[146.901,-43.516],[146.917,-43.546],[146.924,-43.53],[146.953,-43.533],[146.954,-43.512],[146.978,-43.494],[146.944,-43.512],[146.929,-43.497],[146.942,-43.478],[146.973,-43.469],[146.981,-43.487],[147.002,-43.48],[146.983,-43.455],[146.949,-43.453],[146.942,-43.44],[146.916,-43.447],[146.906,-43.421],[146.924,-43.44],[146.924,-43.416],[146.951,-43.447],[146.973,-43.432],[147.018,-43.443],[147.017,-43.403],[147.059,-43.353],[146.972,-43.327],[147.004,-43.335],[147.012,-43.316],[147.045,-43.312],[147.065,-43.333],[147.081,-43.292],[147.1,-43.29],[147.065,-43.249],[146.972,-43.204],[146.974,-43.169],[146.95,-43.164],[146.981,-43.159],[146.972,-43.139],[147.055,-43.04],[147.033,-43.011],[147.002,-43.017],[147.034,-43.011],[147.056,-43.04],[146.984,-43.189],[147.01,-43.19],[147.062,-43.225],[147.083,-43.207],[147.072,-43.202],[147.086,-43.193],[147.081,-43.163],[147.095,-43.169],[147.109,-43.185],[147.094,-43.188],[147.102,-43.207],[147.118,-43.211],[147.092,-43.219],[147.089,-43.244],[147.151,-43.241],[147.142,-43.271],[147.168,-43.283],[147.232,-43.276],[147.26,-43.229],[147.239,-43.154],[147.263,-43.131],[147.246,-43.122],[147.271,-43.115],[147.212,-43.103],[147.182,-43.121],[147.159,-43.09],[147.174,-43.085],[147.175,-43.056],[147.205,-43.044],[147.148,-43.034],[147.119,-43.012],[147.141,-42.999],[147.158,-42.944],[147.151,-42.856],[147.136,-42.844],[147.18,-42.816],[147.092,-42.787],[147.078,-42.804],[147.057,-42.801],[147.028,-42.766],[147.077,-42.724],[147.217,-42.677],[147.273,-42.678],[147.303,-42.655],[147.339,-42.677],[147.463,-42.679],[147.523,-42.7],[147.545,-42.675],[147.565,-42.693],[147.595,-42.672],[147.636,-42.673],[147.617,-42.675],[147.634,-42.687],[147.626,-42.678],[147.657,-42.682],[147.665,-42.67],[147.697,-42.694],[147.741,-42.685],[147.775,-42.711],[147.918,-42.719],[147.914,-42.731],[147.937,-42.735],[147.939,-42.701],[147.963,-42.67],[147.93,-42.645],[147.958,-42.653],[147.932,-42.632],[147.946,-42.608],[147.903,-42.566],[147.851,-42.559],[147.913,-42.549],[147.897,-42.524],[147.924,-42.497],[147.914,-42.516],[147.949,-42.553],[147.969,-42.52],[147.995,-42.527],[148.01,-42.51],[147.994,-42.49],[147.989,-42.498],[148.01,-42.441],[147.977,-42.441],[147.999,-42.433],[147.98,-42.405],[148.027,-42.35],[148.018,-42.315],[147.996,-42.312],[147.978,-42.326],[147.986,-42.337],[147.96,-42.341],[147.962,-42.357],[147.931,-42.343],[147.97,-42.333],[147.978,-42.307],[148.0,-42.31],[148.028,-42.261],[148.014,-42.239],[148.084,-42.168],[148.071,-42.154],[148.085,-42.126],[148.07,-42.112],[148.047,-42.118],[148.124,-42.092],[148.235,-42.098],[148.064,-42.068],[148.076,-42.054],[148.076,-42.072],[148.103,-42.082],[148.153,-42.062],[148.162,-42.039],[148.133,-42.044],[148.146,-42.041],[148.154,-42.005],[148.171,-41.997],[148.198,-42.021],[148.218,-42.003],[148.214,-41.986],[148.238,-41.985],[148.243,-42.003],[148.214,-42.036],[148.173,-42.043],[148.157,-42.072],[148.222,-42.069],[148.208,-42.077],[148.242,-42.091],[148.248,-42.117],[148.268,-42.11],[148.301,-42.13],[148.259,-42.165],[148.292,-42.192],[148.27,-42.227],[148.251,-42.231],[148.254,-42.248],[148.287,-42.259],[148.293,-42.282],[148.313,-42.278],[148.357,-42.18],[148.298,-42.166],[148.345,-42.118],[148.285,-42.039],[148.289,-41.983],[148.31,-41.961],[148.303,-41.937],[148.324,-41.917],[148.304,-41.891],[148.311,-41.873],[148.277,-41.856],[148.262,-41.814],[148.235,-41.843],[148.188,-41.853],[148.181,-41.882],[148.143,-41.858],[148.146,-41.825],[148.04,-41.844],[148.022,-41.874],[147.967,-41.857],[147.885,-41.876],[147.84,-42.048],[147.889,-42.143],[147.882,-42.214],[147.831,-42.279],[147.781,-42.262],[147.712,-42.273],[147.709,-42.252],[147.673,-42.24],[147.568,-42.23],[147.547,-42.181],[147.504,-42.168],[147.51,-42.154],[147.449,-42.117],[147.407,-42.141],[147.335,-42.123],[147.299,-42.156],[147.259,-42.165]]],[[[146.371,-43.74],[146.375,-43.738],[146.371,-43.736],[146.371,-43.74]]],[[[146.262,-43.663],[146.26,-43.663],[146.264,-43.663],[146.262,-43.663]]],[[[146.257,-43.63],[146.258,-43.629],[146.257,-43.63],[146.257,-43.63]]],[[[146.258,-43.629],[146.258,-43.629],[146.257,-43.629],[146.258,-43.629]]],[[[146.247,-43.662],[146.247,-43.662],[146.247,-43.661],[146.247,-43.662]]],[[[146.265,-43.662],[146.266,-43.662],[146.267,-43.661],[146.265,-43.662]]],[[[146.374,-43.643],[146.374,-43.646],[146.376,-43.644],[146.374,-43.643]]],[[[146.384,-43.639],[146.382,-43.639],[146.384,-43.64],[146.384,-43.639]]],[[[146.271,-43.632],[146.277,-43.634],[146.279,-43.632],[146.271,-43.632]]],[[[146.286,-43.62],[146.297,-43.62],[146.292,-43.613],[146.286,-43.62]]],[[[147.297,-43.528],[147.298,-43.528],[147.297,-43.528],[147.297,-43.528]]],[[[146.275,-43.637],[146.268,-43.658],[146.286,-43.651],[146.275,-43.637]]],[[[147.299,-43.528],[147.296,-43.529],[147.298,-43.529],[147.299,-43.528]]],[[[146.251,-43.661],[146.249,-43.662],[146.254,-43.661],[146.251,-43.661]]],[[[146.258,-43.662],[146.254,-43.662],[146.257,-43.663],[146.258,-43.662]]],[[[146.345,-43.588],[146.351,-43.607],[146.378,-43.596],[146.345,-43.588]]],[[[146.64,-43.588],[146.64,-43.588],[146.64,-43.588],[146.64,-43.588]]],[[[146.639,-43.585],[146.64,-43.585],[146.639,-43.585],[146.639,-43.585]]],[[[146.64,-43.589],[146.64,-43.589],[146.64,-43.589],[146.64,-43.589]]],[[[145.966,-43.329],[145.967,-43.335],[145.97,-43.326],[145.966,-43.329]]],[[[145.969,-43.325],[145.971,-43.324],[145.968,-43.321],[145.969,-43.325]]],[[[145.982,-43.356],[145.985,-43.352],[145.982,-43.354],[145.982,-43.356]]],[[[145.994,-43.329],[145.996,-43.331],[145.996,-43.328],[145.994,-43.329]]],[[[146.148,-43.368],[146.145,-43.369],[146.149,-43.37],[146.148,-43.368]]],[[[146.008,-43.338],[146.013,-43.338],[146.011,-43.337],[146.008,-43.338]]],[[[146.154,-43.372],[146.156,-43.372],[146.154,-43.371],[146.154,-43.372]]],[[[145.966,-43.335],[145.966,-43.338],[145.968,-43.335],[145.966,-43.335]]],[[[146.143,-43.368],[146.144,-43.368],[146.141,-43.366],[146.143,-43.368]]],[[[145.962,-43.346],[145.96,-43.346],[145.959,-43.347],[145.962,-43.346]]],[[[146.048,-43.339],[146.051,-43.339],[146.05,-43.339],[146.048,-43.339]]],[[[145.959,-43.349],[145.96,-43.348],[145.959,-43.348],[145.959,-43.349]]],[[[146.16,-43.319],[146.161,-43.318],[146.16,-43.318],[146.16,-43.319]]],[[[145.96,-43.345],[145.96,-43.345],[145.959,-43.345],[145.96,-43.345]]],[[[145.962,-43.346],[145.963,-43.346],[145.963,-43.346],[145.962,-43.346]]],[[[146.178,-43.359],[146.179,-43.359],[146.178,-43.358],[146.178,-43.359]]],[[[145.966,-43.327],[145.966,-43.326],[145.966,-43.327],[145.966,-43.327]]],[[[146.154,-43.374],[146.154,-43.374],[146.154,-43.374],[146.154,-43.374]]],[[[145.962,-43.346],[145.962,-43.346],[145.962,-43.345],[145.962,-43.346]]],[[[146.52,-43.575],[146.515,-43.582],[146.535,-43.564],[146.52,-43.575]]],[[[145.963,-43.423],[145.969,-43.424],[145.97,-43.412],[145.963,-43.423]]],[[[146.356,-43.533],[146.355,-43.537],[146.365,-43.535],[146.356,-43.533]]],[[[147.135,-43.494],[147.134,-43.499],[147.137,-43.495],[147.135,-43.494]]],[[[147.0,-43.525],[146.995,-43.527],[146.997,-43.535],[147.0,-43.525]]],[[[146.979,-43.479],[146.974,-43.484],[146.977,-43.483],[146.979,-43.479]]],[[[146.581,-43.572],[146.588,-43.568],[146.582,-43.569],[146.581,-43.572]]],[[[147.007,-43.476],[147.012,-43.476],[147.01,-43.475],[147.007,-43.476]]],[[[146.158,-43.376],[146.162,-43.375],[146.16,-43.374],[146.158,-43.376]]],[[[146.152,-43.381],[146.155,-43.38],[146.155,-43.378],[146.152,-43.381]]],[[[145.93,-43.412],[145.931,-43.413],[145.933,-43.411],[145.93,-43.412]]],[[[146.992,-43.552],[146.996,-43.552],[146.992,-43.551],[146.992,-43.552]]],[[[145.932,-43.421],[145.935,-43.42],[145.932,-43.419],[145.932,-43.421]]],[[[146.117,-43.528],[146.12,-43.531],[146.119,-43.528],[146.117,-43.528]]],[[[146.007,-43.458],[146.008,-43.459],[146.009,-43.458],[146.007,-43.458]]],[[[146.602,-43.573],[146.604,-43.571],[146.602,-43.571],[146.602,-43.573]]],[[[146.945,-43.493],[146.947,-43.492],[146.947,-43.491],[146.945,-43.493]]],[[[146.903,-43.517],[146.902,-43.518],[146.903,-43.519],[146.903,-43.517]],[[146.559,-43.515],[146.558,-43.515],[146.561,-43.515],[146.559,-43.515]]],[[[146.366,-43.536],[146.368,-43.536],[146.367,-43.535],[146.366,-43.536]]],[[[146.006,-43.459],[146.007,-43.459],[146.006,-43.458],[146.006,-43.459]]],[[[145.958,-43.425],[145.958,-43.426],[145.96,-43.425],[145.958,-43.425]]],[[[145.921,-43.418],[145.92,-43.418],[145.92,-43.419],[145.921,-43.418]]],[[[146.001,-43.439],[146.003,-43.438],[146.002,-43.438],[146.001,-43.439]]],[[[146.947,-43.483],[146.948,-43.483],[146.948,-43.482],[146.947,-43.483]]],[[[146.902,-43.516],[146.901,-43.517],[146.902,-43.517],[146.902,-43.516]]],[[[145.922,-43.42],[145.923,-43.419],[145.922,-43.418],[145.922,-43.42]]],[[[146.379,-43.536],[146.38,-43.536],[146.38,-43.535],[146.379,-43.536]]],[[[146.973,-43.448],[146.974,-43.447],[146.973,-43.447],[146.973,-43.448]]],[[[146.01,-43.459],[146.009,-43.459],[146.011,-43.459],[146.01,-43.459]]],[[[146.162,-43.519],[146.163,-43.517],[146.162,-43.518],[146.162,-43.519]]],[[[145.93,-43.39],[145.93,-43.389],[145.93,-43.388],[145.93,-43.39]]],[[[146.319,-43.535],[146.321,-43.536],[146.32,-43.535],[146.319,-43.535]]],[[[145.933,-43.409],[145.932,-43.41],[145.933,-43.41],[145.933,-43.409]]],[[[145.967,-43.428],[145.966,-43.427],[145.967,-43.428],[145.967,-43.428]]],[[[145.969,-43.425],[145.97,-43.426],[145.97,-43.425],[145.969,-43.425]]],[[[146.925,-43.545],[146.926,-43.545],[146.927,-43.545],[146.925,-43.545]]],[[[146.324,-43.529],[146.324,-43.529],[146.323,-43.529],[146.324,-43.529]]],[[[146.324,-43.533],[146.323,-43.533],[146.324,-43.533],[146.324,-43.533]]],[[[147.178,-43.493],[147.178,-43.493],[147.177,-43.493],[147.178,-43.493]]],[[[146.419,-43.539],[146.418,-43.539],[146.419,-43.539],[146.419,-43.539]]],[[[146.097,-43.558],[146.097,-43.556],[146.096,-43.557],[146.097,-43.558]]],[[[147.13,-43.499],[147.13,-43.499],[147.131,-43.498],[147.13,-43.499]]],[[[146.07,-43.56],[146.07,-43.559],[146.069,-43.56],[146.07,-43.56]]],[[[146.357,-43.538],[146.357,-43.538],[146.356,-43.538],[146.357,-43.538]]],[[[145.926,-43.418],[145.926,-43.418],[145.926,-43.418],[145.926,-43.418]]],[[[147.187,-43.48],[147.187,-43.48],[147.187,-43.48],[147.187,-43.48]]],[[[147.193,-43.467],[147.193,-43.468],[147.193,-43.467],[147.193,-43.467]]],[[[147.152,-43.491],[147.153,-43.491],[147.153,-43.491],[147.152,-43.491]]],[[[147.168,-43.49],[147.169,-43.49],[147.168,-43.489],[147.168,-43.49]]],[[[146.42,-43.539],[146.42,-43.539],[146.421,-43.539],[146.42,-43.539]]],[[[147.108,-43.441],[147.108,-43.441],[147.108,-43.441],[147.108,-43.441]]],[[[145.933,-43.409],[145.933,-43.41],[145.933,-43.409],[145.933,-43.409]]],[[[146.154,-43.519],[146.154,-43.519],[146.154,-43.519],[146.154,-43.519]]],[[[146.947,-43.489],[146.947,-43.489],[146.947,-43.489],[146.947,-43.489]]],[[[146.123,-43.53],[146.123,-43.529],[146.123,-43.529],[146.123,-43.53]]],[[[147.177,-43.493],[147.178,-43.492],[147.178,-43.492],[147.177,-43.493]]],[[[147.004,-43.476],[147.005,-43.476],[147.005,-43.476],[147.004,-43.476]]],[[[146.605,-43.562],[146.605,-43.561],[146.605,-43.561],[146.605,-43.562]]],[[[146.972,-43.447],[146.973,-43.447],[146.972,-43.446],[146.972,-43.447]]],[[[146.0,-43.426],[146.0,-43.425],[145.999,-43.426],[146.0,-43.426]]],[[[146.108,-43.559],[146.109,-43.558],[146.108,-43.558],[146.108,-43.559]]],[[[147.15,-43.493],[147.15,-43.493],[147.15,-43.493],[147.15,-43.493]]],[[[147.133,-43.498],[147.133,-43.498],[147.134,-43.498],[147.133,-43.498]]],[[[147.137,-43.497],[147.137,-43.497],[147.137,-43.498],[147.137,-43.497]]],[[[147.135,-43.499],[147.135,-43.498],[147.135,-43.499],[147.135,-43.499]]],[[[147.107,-43.437],[147.107,-43.436],[147.107,-43.436],[147.107,-43.437]]],[[[145.953,-43.424],[145.953,-43.424],[145.953,-43.424],[145.953,-43.424]]],[[[147.108,-43.441],[147.108,-43.44],[147.108,-43.44],[147.108,-43.441]]],[[[145.954,-43.425],[145.954,-43.425],[145.954,-43.425],[145.954,-43.425]]],[[[147.096,-43.404],[147.101,-43.409],[147.1,-43.389],[147.096,-43.404]]],[[[147.128,-43.257],[147.13,-43.265],[147.134,-43.253],[147.128,-43.257]]],[[[147.138,-43.29],[147.145,-43.294],[147.148,-43.285],[147.138,-43.29]]],[[[147.04,-43.339],[147.047,-43.335],[147.037,-43.337],[147.04,-43.339]]],[[[146.977,-43.327],[146.983,-43.328],[146.98,-43.327],[146.977,-43.327]]],[[[147.006,-43.338],[147.008,-43.339],[147.009,-43.338],[147.006,-43.338]]],[[[146.987,-43.328],[146.985,-43.328],[146.988,-43.33],[146.987,-43.328]]],[[[147.003,-43.137],[147.005,-43.131],[147.005,-43.131],[147.003,-43.137]]],[[[146.985,-43.331],[146.987,-43.331],[146.985,-43.33],[146.985,-43.331]]],[[[146.978,-43.326],[146.981,-43.326],[146.977,-43.326],[146.978,-43.326]]],[[[147.031,-43.324],[147.032,-43.324],[147.032,-43.324],[147.031,-43.324]]],[[[147.207,-43.422],[147.206,-43.423],[147.207,-43.423],[147.207,-43.422]]],[[[147.18,-43.287],[147.18,-43.288],[147.181,-43.287],[147.18,-43.287]]],[[[147.174,-43.427],[147.175,-43.426],[147.174,-43.427],[147.174,-43.427]]],[[[147.042,-43.332],[147.042,-43.331],[147.041,-43.331],[147.042,-43.332]]],[[[146.997,-43.338],[146.998,-43.338],[146.997,-43.338],[146.997,-43.338]]],[[[146.977,-43.326],[146.978,-43.326],[146.977,-43.326],[146.977,-43.326]]],[[[147.009,-43.34],[147.009,-43.34],[147.008,-43.34],[147.009,-43.34]]],[[[146.977,-43.326],[146.978,-43.326],[146.977,-43.326],[146.977,-43.326]],[[146.998,-43.337],[146.998,-43.337],[146.999,-43.336],[146.998,-43.337]]],[[[146.996,-43.338],[146.996,-43.338],[146.996,-43.338],[146.996,-43.338]]],[[[147.001,-43.117],[147.014,-43.112],[147.02,-43.091],[147.001,-43.117]]],[[[147.025,-43.077],[147.041,-43.053],[147.031,-43.059],[147.025,-43.077]]],[[[147.023,-43.079],[147.016,-43.09],[147.03,-43.077],[147.023,-43.079]]],[[[147.004,-43.123],[147.003,-43.132],[147.008,-43.113],[147.004,-43.123]]],[[[147.008,-43.11],[147.009,-43.108],[147.008,-43.109],[147.008,-43.11]]],[[[147.008,-43.098],[147.01,-43.094],[147.009,-43.095],[147.008,-43.098]]],[[[147.018,-43.113],[147.017,-43.112],[147.017,-43.113],[147.018,-43.113]]],[[[147.005,-43.105],[147.004,-43.105],[147.003,-43.106],[147.005,-43.105]]],[[[147.018,-43.08],[147.019,-43.08],[147.018,-43.079],[147.018,-43.08]]],[[[147.03,-43.077],[147.03,-43.076],[147.029,-43.076],[147.03,-43.077]]],[[[147.039,-43.06],[147.039,-43.06],[147.04,-43.059],[147.039,-43.06]]],[[[147.01,-43.107],[147.01,-43.107],[147.01,-43.107],[147.01,-43.107]]],[[[147.01,-43.107],[147.01,-43.107],[147.011,-43.107],[147.01,-43.107]]],[[[147.382,-43.372],[147.382,-43.372],[147.382,-43.373],[147.382,-43.372]]],[[[148.057,-43.123],[148.057,-43.123],[148.057,-43.123],[148.057,-43.123]]],[[[148.005,-42.959],[148.006,-42.96],[148.006,-42.959],[148.005,-42.959]]],[[[147.645,-42.959],[147.641,-42.943],[147.635,-42.949],[147.645,-42.959]]],[[[147.657,-42.942],[147.658,-42.942],[147.657,-42.942],[147.657,-42.942]]],[[[148.068,-42.563],[148.072,-42.563],[148.07,-42.561],[148.068,-42.563]]],[[[148.315,-42.363],[148.316,-42.363],[148.315,-42.363],[148.315,-42.363]]],[[[148.34,-42.347],[148.34,-42.347],[148.34,-42.346],[148.34,-42.347]]],[[[148.353,-42.203],[148.355,-42.203],[148.354,-42.202],[148.353,-42.203]]],[[[148.358,-42.117],[148.359,-42.117],[148.359,-42.116],[148.358,-42.117]]],[[[148.005,-43.245],[148.005,-43.245],[148.005,-43.245],[148.005,-43.245]]],[[[148.009,-43.135],[148.009,-43.135],[148.009,-43.135],[148.009,-43.135]]],[[[148.051,-43.121],[148.055,-43.123],[148.053,-43.121],[148.051,-43.121]]],[[[148.003,-42.96],[148.004,-42.961],[148.004,-42.96],[148.003,-42.96]]],[[[148.245,-41.994],[148.245,-41.992],[148.245,-41.996],[148.245,-41.994]]],[[[147.367,-43.392],[147.366,-43.392],[147.366,-43.392],[147.367,-43.392]]],[[[148.038,-43.12],[148.038,-43.12],[148.039,-43.12],[148.038,-43.12]]],[[[148.039,-43.121],[148.039,-43.121],[148.039,-43.12],[148.039,-43.121]]],[[[148.002,-42.96],[148.002,-42.96],[148.002,-42.96],[148.002,-42.96]]],[[[147.977,-42.643],[147.977,-42.644],[147.98,-42.643],[147.977,-42.643]]],[[[148.357,-42.117],[148.358,-42.118],[148.358,-42.117],[148.357,-42.117]]],[[[148.355,-42.119],[148.357,-42.119],[148.356,-42.118],[148.355,-42.119]]],[[[148.245,-41.992],[148.245,-41.991],[148.244,-41.99],[148.245,-41.992]]],[[[148.244,-41.991],[148.244,-41.991],[148.243,-41.99],[148.244,-41.991]]],[[[147.954,-43.001],[147.954,-43.001],[147.954,-43.001],[147.954,-43.001]]],[[[147.974,-42.883],[147.977,-42.883],[147.978,-42.881],[147.974,-42.883]]],[[[147.974,-42.857],[147.977,-42.855],[147.975,-42.854],[147.974,-42.857]]],[[[147.974,-42.882],[147.973,-42.881],[147.973,-42.883],[147.974,-42.882]]],[[[147.978,-42.883],[147.979,-42.882],[147.978,-42.882],[147.978,-42.883]]],[[[147.976,-42.856],[147.977,-42.856],[147.976,-42.856],[147.976,-42.856]]],[[[148.335,-42.23],[148.336,-42.23],[148.336,-42.229],[148.335,-42.23]]],[[[148.333,-42.23],[148.333,-42.229],[148.333,-42.229],[148.333,-42.23]]],[[[148.351,-42.208],[148.351,-42.208],[148.351,-42.208],[148.351,-42.208]]],[[[148.347,-42.116],[148.349,-42.118],[148.35,-42.118],[148.347,-42.116]]],[[[147.368,-43.35],[147.374,-43.35],[147.37,-43.349],[147.368,-43.35]]],[[[148.011,-43.22],[148.012,-43.22],[148.012,-43.22],[148.011,-43.22]]],[[[147.78,-43.225],[147.78,-43.226],[147.781,-43.225],[147.78,-43.225]]],[[[147.984,-43.225],[147.984,-43.225],[147.984,-43.225],[147.984,-43.225]]],[[[147.782,-43.225],[147.782,-43.225],[147.782,-43.225],[147.782,-43.225]]],[[[147.782,-42.948],[147.79,-42.949],[147.782,-42.94],[147.782,-42.948]]],[[[147.819,-42.95],[147.822,-42.954],[147.827,-42.952],[147.819,-42.95]]],[[[147.999,-42.96],[148.001,-42.96],[148.0,-42.96],[147.999,-42.96]]],[[[147.856,-42.94],[147.857,-42.94],[147.857,-42.939],[147.856,-42.94]]],[[[147.988,-42.973],[147.988,-42.973],[147.988,-42.972],[147.988,-42.973]]],[[[147.937,-42.647],[147.934,-42.646],[147.937,-42.648],[147.937,-42.647]]],[[[147.94,-42.649],[147.942,-42.649],[147.94,-42.649],[147.94,-42.649]]],[[[147.938,-42.649],[147.938,-42.649],[147.937,-42.648],[147.938,-42.649]]],[[[147.938,-42.649],[147.939,-42.649],[147.938,-42.649],[147.938,-42.649]]],[[[148.01,-42.457],[148.01,-42.457],[148.01,-42.457],[148.01,-42.457]]],[[[148.311,-42.36],[148.317,-42.36],[148.313,-42.358],[148.311,-42.36]]],[[[148.313,-42.364],[148.314,-42.364],[148.314,-42.364],[148.313,-42.364]]],[[[148.143,-42.069],[148.151,-42.067],[148.146,-42.067],[148.143,-42.069]]],[[[148.142,-42.073],[148.143,-42.073],[148.15,-42.071],[148.142,-42.073]]],[[[148.197,-42.076],[148.199,-42.077],[148.2,-42.074],[148.197,-42.076]]],[[[148.127,-42.071],[148.129,-42.071],[148.129,-42.07],[148.127,-42.071]]],[[[148.146,-42.066],[148.146,-42.065],[148.144,-42.066],[148.146,-42.066]]],[[[148.152,-42.071],[148.151,-42.07],[148.151,-42.071],[148.152,-42.071]]],[[[148.325,-42.082],[148.325,-42.083],[148.325,-42.083],[148.325,-42.082]]],[[[148.325,-42.085],[148.325,-42.085],[148.325,-42.084],[148.325,-42.085]]],[[[147.998,-43.238],[147.999,-43.247],[148.01,-43.236],[147.998,-43.238]]],[[[147.794,-43.239],[147.794,-43.239],[147.794,-43.239],[147.794,-43.239]]],[[[147.78,-43.237],[147.78,-43.237],[147.78,-43.236],[147.78,-43.237]]],[[[147.425,-43.254],[147.426,-43.254],[147.425,-43.254],[147.425,-43.254]]],[[[147.971,-43.1],[147.972,-43.101],[147.971,-43.1],[147.971,-43.1]]],[[[147.982,-43.107],[147.985,-43.107],[147.982,-43.107],[147.982,-43.107]]],[[[147.981,-43.112],[147.981,-43.112],[147.98,-43.112],[147.981,-43.112]]],[[[147.966,-43.085],[147.967,-43.085],[147.967,-43.085],[147.966,-43.085]]],[[[147.726,-43.111],[147.728,-43.111],[147.727,-43.111],[147.726,-43.111]]],[[[147.727,-43.112],[147.727,-43.112],[147.728,-43.112],[147.727,-43.112]]],[[[147.739,-43.105],[147.739,-43.106],[147.739,-43.105],[147.739,-43.105]]],[[[147.981,-43.112],[147.982,-43.112],[147.982,-43.112],[147.981,-43.112]]],[[[147.847,-43.027],[147.854,-43.026],[147.851,-43.025],[147.847,-43.027]]],[[[147.946,-43.032],[147.948,-43.033],[147.946,-43.031],[147.946,-43.032]]],[[[147.845,-43.006],[147.845,-43.007],[147.847,-43.006],[147.845,-43.006]]],[[[147.838,-43.004],[147.838,-43.003],[147.837,-43.003],[147.838,-43.004]]],[[[147.941,-43.01],[147.941,-43.01],[147.941,-43.01],[147.941,-43.01]]],[[[147.94,-43.009],[147.941,-43.009],[147.941,-43.009],[147.94,-43.009]]],[[[147.836,-43.005],[147.835,-43.006],[147.836,-43.005],[147.836,-43.005]]],[[[147.942,-43.009],[147.942,-43.009],[147.942,-43.009],[147.942,-43.009]]],[[[147.942,-43.009],[147.941,-43.009],[147.941,-43.009],[147.942,-43.009]]],[[[148.292,-41.857],[148.289,-41.857],[148.29,-41.86],[148.292,-41.857]]],[[[148.312,-41.874],[148.313,-41.875],[148.312,-41.872],[148.312,-41.874]]],[[[148.312,-41.872],[148.313,-41.872],[148.314,-41.87],[148.312,-41.872]]],[[[148.309,-41.889],[148.31,-41.889],[148.31,-41.888],[148.309,-41.889]]],[[[148.316,-41.877],[148.315,-41.877],[148.316,-41.877],[148.316,-41.877]]],[[[148.296,-41.868],[148.295,-41.869],[148.296,-41.868],[148.296,-41.868]]],[[[148.313,-41.875],[148.313,-41.876],[148.313,-41.875],[148.313,-41.875]]],[[[148.283,-41.858],[148.283,-41.858],[148.282,-41.858],[148.283,-41.858]]],[[[148.28,-41.857],[148.281,-41.857],[148.28,-41.857],[148.28,-41.857]]],[[[147.67,-43.138],[147.675,-43.137],[147.673,-43.129],[147.67,-43.138]]],[[[148.01,-43.138],[148.009,-43.135],[148.007,-43.137],[148.01,-43.138]]],[[[148.008,-43.138],[148.005,-43.138],[148.007,-43.139],[148.008,-43.138]]],[[[147.867,-43.15],[147.868,-43.149],[147.867,-43.149],[147.867,-43.15]]],[[[147.946,-43.214],[147.947,-43.214],[147.947,-43.214],[147.946,-43.214]]],[[[147.995,-43.216],[147.996,-43.216],[147.995,-43.215],[147.995,-43.216]]],[[[147.966,-43.218],[147.966,-43.217],[147.965,-43.217],[147.966,-43.218]]],[[[147.711,-43.192],[147.71,-43.191],[147.71,-43.191],[147.711,-43.192]]],[[[147.413,-43.195],[147.413,-43.195],[147.413,-43.195],[147.413,-43.195]]],[[[147.948,-43.216],[147.949,-43.216],[147.948,-43.215],[147.948,-43.216]]],[[[148.006,-43.139],[148.006,-43.14],[148.006,-43.139],[148.006,-43.139]]],[[[148.004,-43.145],[148.004,-43.145],[148.004,-43.145],[148.004,-43.145]]],[[[147.86,-43.213],[147.86,-43.213],[147.86,-43.212],[147.86,-43.213]]],[[[147.705,-43.179],[147.705,-43.18],[147.705,-43.179],[147.705,-43.179]]],[[[147.695,-43.155],[147.696,-43.155],[147.696,-43.155],[147.695,-43.155]]],[[[147.871,-43.162],[147.871,-43.162],[147.871,-43.162],[147.871,-43.162]]],[[[148.006,-43.14],[148.007,-43.14],[148.006,-43.14],[148.006,-43.14]]],[[[147.696,-43.155],[147.697,-43.155],[147.696,-43.155],[147.696,-43.155]]],[[[147.871,-43.159],[147.871,-43.16],[147.871,-43.159],[147.871,-43.159]]],[[[147.894,-43.19],[147.895,-43.19],[147.895,-43.19],[147.894,-43.19]]],[[[147.823,-42.977],[147.823,-42.978],[147.823,-42.978],[147.823,-42.977]]],[[[147.959,-42.991],[147.959,-42.991],[147.959,-42.991],[147.959,-42.991]]],[[[147.719,-42.988],[147.72,-42.988],[147.719,-42.988],[147.719,-42.988]]],[[[147.96,-42.987],[147.96,-42.987],[147.96,-42.987],[147.96,-42.987]]],[[[148.264,-42.177],[148.261,-42.177],[148.261,-42.179],[148.264,-42.177]]],[[[148.269,-42.125],[148.27,-42.125],[148.27,-42.124],[148.269,-42.125]]],[[[148.339,-42.133],[148.338,-42.133],[148.339,-42.134],[148.339,-42.133]]],[[[148.34,-42.134],[148.34,-42.134],[148.34,-42.134],[148.34,-42.134]]],[[[148.267,-42.177],[148.268,-42.177],[148.267,-42.177],[148.267,-42.177]]],[[[148.318,-42.17],[148.319,-42.17],[148.319,-42.17],[148.318,-42.17]]],[[[148.32,-42.135],[148.32,-42.135],[148.32,-42.134],[148.32,-42.135]]],[[[147.842,-43.059],[147.812,-43.06],[147.807,-43.046],[147.774,-43.055],[147.767,-43.033],[147.748,-43.042],[147.74,-43.014],[147.718,-43.028],[147.727,-43.019],[147.708,-43.004],[147.731,-42.957],[147.679,-42.935],[147.664,-42.944],[147.685,-42.975],[147.679,-42.992],[147.618,-43.008],[147.627,-43.074],[147.684,-43.102],[147.741,-43.096],[147.748,-43.112],[147.716,-43.105],[147.734,-43.111],[147.731,-43.125],[147.703,-43.122],[147.685,-43.139],[147.701,-43.177],[147.716,-43.178],[147.712,-43.194],[147.776,-43.213],[147.786,-43.238],[147.8,-43.242],[147.797,-43.217],[147.844,-43.188],[147.875,-43.206],[147.876,-43.192],[147.853,-43.18],[147.87,-43.152],[147.861,-43.165],[147.846,-43.154],[147.866,-43.137],[147.85,-43.124],[147.863,-43.108],[147.867,-43.129],[147.886,-43.123],[147.895,-43.138],[147.897,-43.191],[147.945,-43.195],[147.95,-43.216],[148.011,-43.222],[147.964,-43.192],[148.006,-43.139],[147.954,-43.137],[147.981,-43.123],[147.981,-43.107],[147.945,-43.059],[147.95,-43.035],[147.926,-43.021],[148.0,-42.964],[147.983,-42.941],[147.999,-42.915],[147.958,-42.882],[147.971,-42.864],[147.94,-42.877],[147.92,-42.843],[147.892,-42.843],[147.861,-42.875],[147.904,-42.882],[147.908,-42.909],[147.876,-42.889],[147.818,-42.895],[147.813,-42.937],[147.866,-42.947],[147.811,-42.962],[147.857,-42.983],[147.838,-42.992],[147.847,-43.013],[147.925,-43.016],[147.872,-43.023],[147.86,-43.057],[147.842,-43.031],[147.842,-43.059]]],[[[147.96,-43.076],[147.961,-43.076],[147.96,-43.075],[147.96,-43.076]]],[[[147.626,-43.076],[147.626,-43.076],[147.626,-43.076],[147.626,-43.076]]],[[[147.96,-43.076],[147.961,-43.076],[147.96,-43.075],[147.96,-43.076]]],[[[148.295,-42.333],[148.346,-42.341],[148.298,-42.292],[148.236,-42.306],[148.248,-42.327],[148.295,-42.333]]],[[[147.977,-42.323],[147.982,-42.316],[147.977,-42.318],[147.977,-42.323]]],[[[147.944,-42.343],[147.951,-42.343],[147.948,-42.342],[147.944,-42.343]]],[[[147.951,-42.338],[147.95,-42.341],[147.955,-42.34],[147.951,-42.338]]],[[[148.026,-42.254],[148.026,-42.252],[148.025,-42.253],[148.026,-42.254]]],[[[147.957,-42.34],[147.953,-42.342],[147.956,-42.343],[147.957,-42.34]]],[[[148.312,-42.355],[148.312,-42.356],[148.313,-42.356],[148.312,-42.355]]],[[[148.312,-42.355],[148.314,-42.355],[148.313,-42.355],[148.312,-42.355]]],[[[147.984,-42.323],[147.983,-42.322],[147.983,-42.323],[147.984,-42.323]]],[[[147.951,-42.341],[147.952,-42.341],[147.953,-42.341],[147.951,-42.341]]],[[[148.308,-42.271],[148.309,-42.271],[148.309,-42.271],[148.308,-42.271]]],[[[148.286,-42.336],[148.287,-42.336],[148.286,-42.336],[148.286,-42.336]]],[[[148.329,-42.232],[148.329,-42.232],[148.329,-42.232],[148.329,-42.232]]],[[[147.946,-42.346],[147.946,-42.346],[147.946,-42.346],[147.946,-42.346]]],[[[148.026,-42.255],[148.027,-42.255],[148.026,-42.255],[148.026,-42.255]]],[[[147.988,-42.322],[147.988,-42.322],[147.988,-42.322],[147.988,-42.322]]],[[[148.336,-42.232],[148.336,-42.232],[148.336,-42.232],[148.336,-42.232]]],[[[148.026,-42.254],[148.027,-42.254],[148.026,-42.254],[148.026,-42.254]]],[[[147.986,-42.324],[147.986,-42.324],[147.986,-42.324],[147.986,-42.324]]],[[[148.067,-42.674],[148.039,-42.684],[148.014,-42.742],[148.065,-42.717],[148.093,-42.721],[148.087,-42.689],[148.068,-42.681],[148.081,-42.662],[148.145,-42.667],[148.169,-42.648],[148.141,-42.631],[148.12,-42.585],[148.069,-42.57],[148.025,-42.63],[148.038,-42.649],[148.009,-42.661],[148.05,-42.656],[148.067,-42.674]]],[[[147.912,-42.512],[147.911,-42.511],[147.912,-42.512],[147.912,-42.512]]],[[[147.911,-42.512],[147.912,-42.512],[147.911,-42.512],[147.911,-42.512]]],[[[147.909,-42.511],[147.909,-42.511],[147.909,-42.51],[147.909,-42.511]]],[[[147.91,-42.51],[147.909,-42.51],[147.909,-42.51],[147.91,-42.51]]],[[[147.91,-42.515],[147.91,-42.515],[147.91,-42.515],[147.91,-42.515]]],[[[147.91,-42.51],[147.91,-42.51],[147.91,-42.51],[147.91,-42.51]]],[[[148.151,-42.063],[148.153,-42.064],[148.154,-42.063],[148.151,-42.063]]],[[[148.218,-42.026],[148.22,-42.025],[148.218,-42.026],[148.218,-42.026]]],[[[148.187,-42.036],[148.186,-42.037],[148.186,-42.038],[148.187,-42.036]]],[[[148.188,-42.036],[148.187,-42.036],[148.186,-42.036],[148.188,-42.036]]],[[[148.215,-42.005],[148.215,-42.004],[148.214,-42.005],[148.215,-42.005]]],[[[148.177,-42.014],[148.178,-42.014],[148.178,-42.013],[148.177,-42.014]]],[[[148.189,-42.036],[148.189,-42.037],[148.19,-42.036],[148.189,-42.036]]],[[[148.187,-42.035],[148.187,-42.035],[148.187,-42.035],[148.187,-42.035]]],[[[148.22,-42.025],[148.221,-42.024],[148.221,-42.024],[148.22,-42.025]]],[[[148.211,-42.011],[148.212,-42.011],[148.212,-42.011],[148.211,-42.011]]],[[[148.21,-42.013],[148.21,-42.013],[148.21,-42.013],[148.21,-42.013]]],[[[147.29,-43.199],[147.292,-43.197],[147.291,-43.196],[147.29,-43.199]]],[[[147.292,-43.174],[147.293,-43.175],[147.294,-43.173],[147.292,-43.174]]],[[[147.262,-43.224],[147.262,-43.224],[147.261,-43.224],[147.262,-43.224]]],[[[147.255,-43.46],[147.24,-43.466],[147.247,-43.493],[147.263,-43.488],[147.295,-43.516],[147.324,-43.503],[147.338,-43.423],[147.382,-43.372],[147.367,-43.35],[147.334,-43.368],[147.322,-43.304],[147.38,-43.251],[147.416,-43.241],[147.431,-43.251],[147.428,-43.209],[147.392,-43.162],[147.401,-43.127],[147.357,-43.064],[147.307,-43.113],[147.33,-43.115],[147.328,-43.131],[147.361,-43.114],[147.356,-43.141],[147.337,-43.137],[147.329,-43.152],[147.31,-43.134],[147.282,-43.144],[147.296,-43.157],[147.276,-43.166],[147.301,-43.168],[147.299,-43.181],[147.342,-43.17],[147.332,-43.185],[147.379,-43.176],[147.382,-43.209],[147.341,-43.219],[147.356,-43.23],[147.355,-43.261],[147.306,-43.297],[147.292,-43.241],[147.271,-43.296],[147.222,-43.34],[147.234,-43.365],[147.218,-43.362],[147.205,-43.383],[147.179,-43.353],[147.186,-43.388],[147.168,-43.409],[147.192,-43.429],[147.174,-43.438],[147.18,-43.458],[147.159,-43.464],[147.116,-43.411],[147.092,-43.419],[147.136,-43.458],[147.146,-43.497],[147.155,-43.484],[147.183,-43.489],[147.205,-43.417],[147.242,-43.414],[147.24,-43.427],[147.201,-43.437],[147.246,-43.44],[147.255,-43.46]]],[[[147.227,-43.321],[147.222,-43.316],[147.216,-43.318],[147.227,-43.321]]],[[[147.292,-43.527],[147.295,-43.527],[147.294,-43.524],[147.292,-43.527]]],[[[147.208,-43.418],[147.209,-43.418],[147.207,-43.417],[147.208,-43.418]]],[[[147.339,-43.439],[147.342,-43.442],[147.341,-43.44],[147.339,-43.439]]],[[[147.296,-43.528],[147.297,-43.526],[147.296,-43.527],[147.296,-43.528]]],[[[147.299,-43.525],[147.298,-43.525],[147.297,-43.527],[147.299,-43.525]]],[[[147.359,-43.404],[147.358,-43.404],[147.36,-43.405],[147.359,-43.404]]],[[[147.364,-43.4],[147.364,-43.4],[147.364,-43.399],[147.364,-43.4]]],[[[147.301,-43.517],[147.302,-43.517],[147.302,-43.517],[147.301,-43.517]]],[[[147.248,-43.494],[147.248,-43.494],[147.248,-43.495],[147.248,-43.494]]],[[[147.306,-43.296],[147.307,-43.297],[147.307,-43.295],[147.306,-43.296]]],[[[147.208,-43.42],[147.209,-43.42],[147.209,-43.419],[147.208,-43.42]]],[[[147.244,-43.478],[147.244,-43.477],[147.243,-43.478],[147.244,-43.478]]],[[[147.298,-43.528],[147.299,-43.527],[147.298,-43.527],[147.298,-43.528]]],[[[147.249,-43.495],[147.249,-43.494],[147.249,-43.494],[147.249,-43.495]]],[[[147.292,-43.512],[147.292,-43.512],[147.292,-43.511],[147.292,-43.512]]],[[[147.307,-43.297],[147.307,-43.296],[147.307,-43.295],[147.307,-43.297]]],[[[147.34,-43.367],[147.34,-43.367],[147.341,-43.367],[147.34,-43.367]]],[[[147.247,-43.494],[147.247,-43.494],[147.247,-43.494],[147.247,-43.494]]]]},"properties":{"sa4_code_2021":"603","sa4_name_2021":"South East"},"id":"603"},{"type":"Feature","geometry":{"type":"MultiPolygon","coordinates":[[[[146.411,-41.169],[146.366,-41.175],[146.362,-41.201],[146.402,-41.23],[146.389,-41.238],[146.36,-41.222],[146.364,-41.208],[146.348,-41.217],[146.367,-41.193],[146.356,-41.158],[146.316,-41.183],[146.333,-41.157],[146.255,-41.152],[146.252,-41.194],[146.248,-41.157],[146.169,-41.145],[146.144,-41.164],[146.152,-41.177],[146.121,-41.156],[146.152,-41.162],[146.167,-41.147],[146.12,-41.119],[146.077,-41.116],[145.986,-41.074],[145.974,-41.088],[145.985,-41.075],[145.958,-41.063],[145.925,-41.066],[145.923,-41.078],[145.909,-41.054],[145.921,-41.051],[145.877,-41.037],[145.841,-41.039],[145.836,-41.057],[145.839,-41.039],[145.769,-40.997],[145.696,-40.975],[145.741,-40.985],[145.725,-40.969],[145.729,-40.945],[145.56,-40.917],[145.522,-40.888],[145.512,-40.854],[145.447,-40.874],[145.435,-40.894],[145.446,-40.871],[145.395,-40.863],[145.392,-40.85],[145.316,-40.838],[145.321,-40.85],[145.288,-40.851],[145.313,-40.835],[145.28,-40.794],[145.294,-40.827],[145.281,-40.83],[145.266,-40.798],[145.289,-40.766],[145.309,-40.764],[145.26,-40.712],[145.259,-40.806],[145.216,-40.811],[145.257,-40.79],[145.188,-40.804],[145.11,-40.794],[145.167,-40.819],[145.132,-40.819],[145.12,-40.841],[145.091,-40.848],[145.122,-40.839],[145.109,-40.814],[145.1,-40.827],[145.077,-40.808],[145.065,-40.819],[145.053,-40.787],[145.019,-40.789],[145.024,-40.771],[145.001,-40.775],[144.979,-40.743],[144.928,-40.759],[144.929,-40.775],[144.908,-40.751],[144.849,-40.739],[144.842,-40.753],[144.837,-40.719],[144.811,-40.727],[144.786,-40.708],[144.766,-40.744],[144.772,-40.706],[144.736,-40.69],[144.749,-40.69],[144.726,-40.641],[144.686,-40.672],[144.698,-40.69],[144.678,-40.717],[144.691,-40.755],[144.71,-40.761],[144.697,-40.809],[144.712,-40.858],[144.684,-40.907],[144.649,-40.9],[144.656,-40.914],[144.612,-40.936],[144.631,-40.952],[144.633,-40.994],[144.607,-41.009],[144.639,-41.045],[144.661,-41.053],[144.684,-41.038],[144.772,-41.075],[144.799,-41.058],[144.799,-41.09],[144.795,-41.054],[144.775,-41.084],[144.746,-41.056],[144.684,-41.038],[144.659,-41.057],[144.678,-41.08],[144.677,-41.117],[144.665,-41.121],[144.671,-41.139],[144.683,-41.132],[144.673,-41.159],[144.695,-41.2],[144.684,-41.235],[144.723,-41.285],[144.72,-41.301],[144.783,-41.367],[144.79,-41.395],[144.746,-41.421],[144.84,-41.506],[144.888,-41.583],[144.908,-41.656],[144.921,-41.668],[144.975,-41.629],[145.051,-41.601],[145.035,-41.617],[145.068,-41.636],[145.081,-41.626],[145.066,-41.649],[145.104,-41.644],[145.09,-41.651],[145.104,-41.656],[145.081,-41.657],[145.059,-41.627],[145.005,-41.618],[144.925,-41.666],[144.942,-41.678],[144.928,-41.671],[144.911,-41.691],[144.927,-41.721],[144.955,-41.717],[144.985,-41.736],[145.028,-41.813],[145.057,-41.824],[145.124,-41.9],[145.195,-41.948],[145.204,-41.937],[145.203,-41.959],[145.191,-41.946],[145.252,-42.06],[145.246,-42.028],[145.268,-42.023],[145.246,-42.031],[145.264,-42.108],[145.259,-42.175],[145.223,-42.219],[145.29,-42.227],[145.29,-42.197],[145.285,-42.21],[145.268,-42.202],[145.318,-42.176],[145.308,-42.149],[145.334,-42.152],[145.329,-42.173],[145.347,-42.169],[145.356,-42.191],[145.378,-42.197],[145.47,-42.197],[145.5,-42.176],[145.47,-42.197],[145.356,-42.194],[145.346,-42.207],[145.372,-42.202],[145.365,-42.252],[145.423,-42.29],[145.432,-42.314],[145.463,-42.323],[145.481,-42.364],[145.494,-42.322],[145.527,-42.361],[145.503,-42.364],[145.512,-42.374],[145.558,-42.357],[145.513,-42.435],[145.525,-42.444],[145.673,-42.443],[145.672,-42.561],[145.741,-42.591],[145.671,-42.562],[145.672,-42.445],[145.648,-42.436],[145.626,-42.446],[145.611,-42.436],[145.608,-42.453],[145.555,-42.44],[145.531,-42.45],[145.492,-42.422],[145.458,-42.435],[145.474,-42.441],[145.464,-42.443],[145.48,-42.475],[145.474,-42.526],[145.447,-42.437],[145.453,-42.404],[145.31,-42.32],[145.318,-42.285],[145.3,-42.297],[145.29,-42.283],[145.253,-42.288],[145.256,-42.267],[145.221,-42.242],[145.207,-42.2],[145.165,-42.197],[145.19,-42.208],[145.189,-42.243],[145.214,-42.278],[145.196,-42.328],[145.245,-42.406],[145.235,-42.417],[145.254,-42.448],[145.236,-42.471],[145.261,-42.504],[145.253,-42.522],[145.278,-42.563],[145.304,-42.571],[145.302,-42.599],[145.263,-42.622],[145.285,-42.632],[145.312,-42.621],[145.336,-42.633],[145.334,-42.658],[145.366,-42.657],[145.366,-42.689],[145.397,-42.736],[145.381,-42.748],[145.383,-42.769],[145.415,-42.781],[145.421,-42.837],[145.452,-42.898],[145.488,-42.913],[145.482,-42.931],[145.504,-42.949],[145.492,-42.956],[145.495,-42.992],[145.591,-42.973],[145.61,-43.009],[145.644,-43.025],[145.648,-43.049],[145.682,-43.05],[145.691,-43.068],[145.675,-43.07],[145.665,-43.096],[145.694,-43.118],[145.716,-43.106],[145.736,-43.117],[145.722,-43.136],[145.758,-43.165],[145.762,-43.193],[145.788,-43.188],[145.808,-43.209],[145.797,-43.219],[145.806,-43.249],[145.821,-43.25],[145.816,-43.279],[145.853,-43.3],[145.841,-43.315],[145.851,-43.307],[145.871,-43.323],[145.899,-43.3],[145.927,-43.3],[145.924,-43.267],[145.901,-43.265],[145.881,-43.29],[145.862,-43.273],[145.927,-43.248],[145.909,-43.187],[145.927,-43.189],[145.921,-43.161],[145.96,-43.128],[145.983,-43.135],[145.993,-43.101],[145.972,-43.077],[145.975,-43.036],[145.995,-42.98],[145.941,-42.931],[145.934,-42.905],[145.949,-42.906],[145.833,-42.718],[145.871,-42.717],[145.867,-42.692],[145.893,-42.698],[145.966,-42.659],[145.962,-42.639],[145.985,-42.626],[146.029,-42.538],[146.081,-42.503],[146.09,-42.49],[146.075,-42.478],[146.134,-42.425],[146.13,-42.407],[146.1,-42.403],[146.115,-42.381],[146.097,-42.359],[146.107,-42.305],[146.089,-42.288],[146.075,-42.21],[146.0,-42.067],[146.023,-42.039],[146.015,-42.005],[146.05,-41.975],[145.951,-41.685],[146.027,-41.577],[146.173,-41.602],[146.186,-41.618],[146.174,-41.589],[146.193,-41.572],[146.189,-41.513],[146.229,-41.488],[146.494,-41.515],[146.494,-41.489],[146.447,-41.473],[146.468,-41.455],[146.468,-41.405],[146.502,-41.39],[146.495,-41.378],[146.546,-41.367],[146.548,-41.355],[146.59,-41.362],[146.59,-41.335],[146.617,-41.338],[146.62,-41.324],[146.704,-41.333],[146.705,-41.298],[146.718,-41.306],[146.762,-41.289],[146.696,-41.17],[146.696,-41.133],[146.658,-41.11],[146.656,-41.093],[146.633,-41.126],[146.562,-41.155],[146.61,-41.158],[146.578,-41.185],[146.588,-41.214],[146.609,-41.212],[146.595,-41.251],[146.607,-41.259],[146.585,-41.205],[146.565,-41.251],[146.573,-41.189],[146.554,-41.171],[146.54,-41.179],[146.562,-41.167],[146.542,-41.155],[146.533,-41.119],[146.493,-41.149],[146.411,-41.169]]],[[[144.604,-41.01],[144.604,-41.01],[144.605,-41.01],[144.604,-41.01]]],[[[144.604,-41.01],[144.604,-41.01],[144.604,-41.01],[144.604,-41.01]]],[[[144.656,-40.371],[144.656,-40.371],[144.656,-40.371],[144.656,-40.371]]],[[[143.924,-40.165],[143.924,-40.165],[143.924,-40.165],[143.924,-40.165]]],[[[144.677,-41.222],[144.677,-41.222],[144.677,-41.222],[144.677,-41.222]]],[[[144.675,-41.17],[144.676,-41.17],[144.675,-41.17],[144.675,-41.17]]],[[[144.659,-41.058],[144.659,-41.058],[144.659,-41.058],[144.659,-41.058]]],[[[144.628,-40.98],[144.628,-40.98],[144.628,-40.98],[144.628,-40.98]]],[[[144.626,-40.926],[144.626,-40.926],[144.626,-40.926],[144.626,-40.926]]],[[[144.628,-40.924],[144.627,-40.924],[144.628,-40.924],[144.628,-40.924]]],[[[144.628,-40.924],[144.628,-40.924],[144.628,-40.924],[144.628,-40.924]]],[[[144.648,-40.9],[144.649,-40.9],[144.648,-40.899],[144.648,-40.9]]],[[[144.651,-40.899],[144.651,-40.899],[144.651,-40.899],[144.651,-40.899]]],[[[144.65,-40.898],[144.65,-40.898],[144.65,-40.898],[144.65,-40.898]]],[[[144.649,-40.897],[144.649,-40.897],[144.649,-40.897],[144.649,-40.897]]],[[[144.677,-40.725],[144.677,-40.724],[144.677,-40.724],[144.677,-40.725]]],[[[144.675,-40.718],[144.676,-40.718],[144.676,-40.718],[144.675,-40.718]]],[[[144.676,-40.717],[144.676,-40.717],[144.676,-40.717],[144.676,-40.717]]],[[[144.678,-40.714],[144.678,-40.713],[144.678,-40.714],[144.678,-40.714]]],[[[144.67,-40.671],[144.674,-40.672],[144.674,-40.67],[144.67,-40.671]]],[[[144.679,-40.632],[144.679,-40.631],[144.679,-40.631],[144.679,-40.632]]],[[[144.679,-40.626],[144.678,-40.626],[144.679,-40.626],[144.679,-40.626]]],[[[144.683,-40.608],[144.683,-40.608],[144.683,-40.608],[144.683,-40.608]]],[[[144.686,-40.607],[144.686,-40.607],[144.686,-40.607],[144.686,-40.607]]],[[[144.683,-40.584],[144.683,-40.584],[144.683,-40.584],[144.683,-40.584]]],[[[144.685,-40.583],[144.684,-40.583],[144.685,-40.584],[144.685,-40.583]]],[[[144.683,-40.582],[144.683,-40.582],[144.685,-40.582],[144.683,-40.582]]],[[[144.678,-40.565],[144.678,-40.565],[144.678,-40.565],[144.678,-40.565]]],[[[144.651,-40.381],[144.651,-40.381],[144.651,-40.381],[144.651,-40.381]]],[[[144.651,-40.381],[144.651,-40.381],[144.651,-40.381],[144.651,-40.381]]],[[[144.656,-40.378],[144.656,-40.378],[144.656,-40.378],[144.656,-40.378]]],[[[144.656,-40.372],[144.655,-40.372],[144.655,-40.372],[144.656,-40.372]]],[[[143.924,-40.165],[143.924,-40.165],[143.924,-40.164],[143.924,-40.165]]],[[[143.929,-40.162],[143.929,-40.162],[143.929,-40.162],[143.929,-40.162]]],[[[143.924,-40.161],[143.924,-40.161],[143.924,-40.161],[143.924,-40.161]]],[[[143.929,-40.16],[143.93,-40.16],[143.929,-40.16],[143.929,-40.16]]],[[[143.924,-40.16],[143.925,-40.16],[143.924,-40.16],[143.924,-40.16]]],[[[143.877,-40.12],[143.877,-40.119],[143.877,-40.119],[143.877,-40.12]]],[[[144.031,-40.108],[144.031,-40.108],[144.031,-40.108],[144.031,-40.108]]],[[[143.874,-40.101],[143.875,-40.101],[143.874,-40.101],[143.874,-40.101]]],[[[143.857,-40.065],[143.857,-40.064],[143.858,-40.065],[143.857,-40.065]]],[[[143.858,-40.063],[143.858,-40.063],[143.857,-40.063],[143.858,-40.063]]],[[[143.832,-39.922],[143.832,-39.922],[143.832,-39.922],[143.832,-39.922]]],[[[144.16,-39.829],[144.158,-39.833],[144.164,-39.828],[144.16,-39.829]]],[[[143.827,-39.691],[143.827,-39.69],[143.827,-39.69],[143.827,-39.691]]],[[[143.819,-39.675],[143.838,-39.669],[143.827,-39.665],[143.819,-39.675]]],[[[144.651,-40.9],[144.651,-40.899],[144.651,-40.899],[144.651,-40.9]]],[[[144.651,-40.9],[144.651,-40.9],[144.651,-40.9],[144.651,-40.9]]],[[[144.649,-40.898],[144.65,-40.898],[144.649,-40.897],[144.649,-40.898]]],[[[144.649,-40.897],[144.65,-40.898],[144.65,-40.897],[144.649,-40.897]]],[[[144.679,-41.179],[144.68,-41.179],[144.68,-41.178],[144.679,-41.179]]],[[[144.679,-41.178],[144.679,-41.178],[144.679,-41.178],[144.679,-41.178]]],[[[144.679,-41.178],[144.679,-41.179],[144.679,-41.178],[144.679,-41.178]]],[[[144.666,-41.126],[144.667,-41.127],[144.666,-41.126],[144.666,-41.126]]],[[[144.666,-41.127],[144.667,-41.127],[144.667,-41.127],[144.666,-41.127]]],[[[144.627,-40.98],[144.627,-40.979],[144.627,-40.979],[144.627,-40.98]]],[[[144.627,-40.98],[144.628,-40.979],[144.627,-40.979],[144.627,-40.98]]],[[[144.678,-40.725],[144.678,-40.725],[144.678,-40.724],[144.678,-40.725]]],[[[144.676,-40.717],[144.676,-40.717],[144.677,-40.715],[144.676,-40.717]]],[[[144.678,-40.672],[144.678,-40.672],[144.678,-40.672],[144.678,-40.672]]],[[[144.68,-40.63],[144.68,-40.63],[144.68,-40.63],[144.68,-40.63]]],[[[144.679,-40.631],[144.679,-40.631],[144.679,-40.631],[144.679,-40.631]]],[[[144.653,-40.38],[144.653,-40.38],[144.653,-40.38],[144.653,-40.38]]],[[[144.652,-40.38],[144.652,-40.38],[144.653,-40.38],[144.652,-40.38]]],[[[143.929,-40.161],[143.929,-40.161],[143.929,-40.161],[143.929,-40.161]]],[[[143.879,-40.12],[143.879,-40.12],[143.879,-40.12],[143.879,-40.12]]],[[[143.878,-40.119],[143.878,-40.12],[143.878,-40.119],[143.878,-40.119]]],[[[144.095,-40.052],[144.095,-40.052],[144.095,-40.052],[144.095,-40.052]]],[[[144.053,-39.625],[144.053,-39.625],[144.054,-39.625],[144.053,-39.625]]],[[[144.054,-39.624],[144.054,-39.624],[144.054,-39.624],[144.054,-39.624]]],[[[144.679,-41.18],[144.679,-41.181],[144.68,-41.18],[144.679,-41.18]]],[[[144.68,-41.179],[144.68,-41.179],[144.68,-41.179],[144.68,-41.179]]],[[[144.679,-41.18],[144.679,-41.18],[144.679,-41.18],[144.679,-41.18]]],[[[144.673,-41.159],[144.674,-41.159],[144.673,-41.159],[144.673,-41.159]]],[[[144.678,-41.148],[144.679,-41.148],[144.678,-41.148],[144.678,-41.148]]],[[[144.674,-41.141],[144.674,-41.141],[144.674,-41.141],[144.674,-41.141]]],[[[144.674,-41.141],[144.674,-41.141],[144.674,-41.141],[144.674,-41.141]]],[[[144.678,-41.148],[144.678,-41.148],[144.678,-41.148],[144.678,-41.148]]],[[[144.662,-41.056],[144.662,-41.056],[144.662,-41.056],[144.662,-41.056]]],[[[144.686,-40.638],[144.686,-40.638],[144.686,-40.638],[144.686,-40.638]]],[[[144.653,-40.381],[144.653,-40.381],[144.653,-40.381],[144.653,-40.381]]],[[[144.652,-40.381],[144.652,-40.381],[144.652,-40.381],[144.652,-40.381]]],[[[143.925,-40.162],[143.925,-40.162],[143.925,-40.161],[143.925,-40.162]]],[[[143.881,-40.12],[143.881,-40.12],[143.881,-40.12],[143.881,-40.12]]],[[[143.879,-40.121],[143.879,-40.121],[143.879,-40.121],[143.879,-40.121]]],[[[143.88,-40.121],[143.88,-40.121],[143.88,-40.121],[143.88,-40.121]]],[[[143.846,-39.733],[143.847,-39.734],[143.848,-39.733],[143.846,-39.733]]],[[[144.685,-41.21],[144.686,-41.21],[144.686,-41.209],[144.685,-41.21]]],[[[144.688,-41.216],[144.688,-41.216],[144.688,-41.215],[144.688,-41.216]]],[[[144.687,-41.216],[144.687,-41.216],[144.687,-41.216],[144.687,-41.216]]],[[[144.686,-41.219],[144.687,-41.219],[144.687,-41.218],[144.686,-41.219]]],[[[144.686,-41.218],[144.686,-41.218],[144.686,-41.218],[144.686,-41.218]]],[[[144.679,-41.177],[144.68,-41.177],[144.678,-41.175],[144.679,-41.177]]],[[[144.679,-41.173],[144.679,-41.172],[144.678,-41.173],[144.679,-41.173]]],[[[144.679,-41.178],[144.68,-41.178],[144.68,-41.178],[144.679,-41.178]]],[[[144.681,-41.174],[144.681,-41.173],[144.68,-41.173],[144.681,-41.174]]],[[[144.681,-41.175],[144.681,-41.175],[144.681,-41.175],[144.681,-41.175]]],[[[144.681,-41.174],[144.682,-41.174],[144.681,-41.174],[144.681,-41.174]]],[[[144.679,-41.177],[144.679,-41.177],[144.679,-41.177],[144.679,-41.177]]],[[[144.677,-41.176],[144.677,-41.176],[144.677,-41.176],[144.677,-41.176]]],[[[144.673,-41.16],[144.673,-41.16],[144.673,-41.16],[144.673,-41.16]]],[[[144.673,-41.162],[144.673,-41.162],[144.673,-41.162],[144.673,-41.162]]],[[[144.673,-41.161],[144.673,-41.161],[144.673,-41.161],[144.673,-41.161]]],[[[144.608,-41.005],[144.608,-41.005],[144.608,-41.005],[144.608,-41.005]]],[[[144.684,-40.584],[144.684,-40.584],[144.684,-40.584],[144.684,-40.584]]],[[[144.686,-40.567],[144.686,-40.561],[144.679,-40.563],[144.686,-40.567]]],[[[144.682,-40.561],[144.682,-40.561],[144.682,-40.561],[144.682,-40.561]]],[[[144.656,-40.372],[144.656,-40.372],[144.656,-40.372],[144.656,-40.372]]],[[[144.654,-40.376],[144.654,-40.376],[144.654,-40.376],[144.654,-40.376]]],[[[144.654,-40.376],[144.654,-40.376],[144.654,-40.376],[144.654,-40.376]]],[[[143.928,-40.162],[143.928,-40.162],[143.928,-40.162],[143.928,-40.162]]],[[[143.878,-40.12],[143.879,-40.12],[143.878,-40.12],[143.878,-40.12]]],[[[143.879,-40.119],[143.879,-40.119],[143.879,-40.119],[143.879,-40.119]]],[[[143.886,-40.042],[143.886,-40.042],[143.886,-40.042],[143.886,-40.042]]],[[[143.886,-40.044],[143.886,-40.044],[143.886,-40.044],[143.886,-40.044]]],[[[143.883,-40.031],[143.884,-40.031],[143.883,-40.031],[143.883,-40.031]]],[[[143.884,-40.039],[143.884,-40.039],[143.884,-40.039],[143.884,-40.039]]],[[[143.886,-40.044],[143.886,-40.043],[143.886,-40.043],[143.886,-40.044]]],[[[143.885,-40.039],[143.885,-40.039],[143.885,-40.039],[143.885,-40.039]]],[[[143.886,-40.038],[143.886,-40.037],[143.886,-40.037],[143.886,-40.038]]],[[[143.886,-40.045],[143.885,-40.045],[143.885,-40.045],[143.886,-40.045]]],[[[143.884,-40.033],[143.884,-40.033],[143.884,-40.033],[143.884,-40.033]]],[[[143.886,-40.045],[143.886,-40.045],[143.886,-40.045],[143.886,-40.045]]],[[[144.114,-40.02],[144.114,-40.019],[144.114,-40.02],[144.114,-40.02]]],[[[144.114,-40.02],[144.114,-40.02],[144.114,-40.02],[144.114,-40.02]]],[[[144.114,-40.02],[144.114,-40.02],[144.114,-40.02],[144.114,-40.02]]],[[[143.833,-39.903],[143.833,-39.903],[143.833,-39.903],[143.833,-39.903]]],[[[143.831,-39.683],[143.826,-39.683],[143.834,-39.693],[143.831,-39.683]]],[[[143.827,-39.682],[143.827,-39.682],[143.826,-39.682],[143.827,-39.682]]],[[[144.68,-41.181],[144.68,-41.181],[144.68,-41.181],[144.68,-41.181]]],[[[144.68,-41.184],[144.68,-41.184],[144.68,-41.183],[144.68,-41.184]]],[[[144.68,-41.183],[144.68,-41.183],[144.68,-41.183],[144.68,-41.183]]],[[[144.679,-41.181],[144.679,-41.181],[144.679,-41.181],[144.679,-41.181]]],[[[144.679,-41.181],[144.679,-41.181],[144.679,-41.181],[144.679,-41.181]]],[[[144.68,-41.182],[144.68,-41.182],[144.68,-41.182],[144.68,-41.182]]],[[[144.68,-41.183],[144.68,-41.183],[144.68,-41.183],[144.68,-41.183]]],[[[144.668,-41.126],[144.669,-41.126],[144.668,-41.126],[144.668,-41.126]]],[[[144.671,-41.102],[144.671,-41.102],[144.671,-41.102],[144.671,-41.102]]],[[[144.674,-41.106],[144.674,-41.105],[144.674,-41.105],[144.674,-41.106]]],[[[144.628,-40.979],[144.629,-40.979],[144.629,-40.979],[144.628,-40.979]]],[[[144.622,-40.949],[144.621,-40.949],[144.621,-40.949],[144.622,-40.949]]],[[[144.624,-41.005],[144.624,-41.005],[144.624,-41.005],[144.624,-41.005]]],[[[144.631,-40.974],[144.631,-40.974],[144.631,-40.974],[144.631,-40.974]]],[[[144.621,-40.949],[144.621,-40.949],[144.621,-40.949],[144.621,-40.949]]],[[[144.631,-40.974],[144.631,-40.974],[144.631,-40.974],[144.631,-40.974]]],[[[144.621,-40.949],[144.621,-40.949],[144.621,-40.949],[144.621,-40.949]]],[[[144.613,-40.947],[144.613,-40.946],[144.613,-40.946],[144.613,-40.947]]],[[[144.629,-40.982],[144.629,-40.982],[144.629,-40.982],[144.629,-40.982]]],[[[144.629,-40.975],[144.629,-40.975],[144.629,-40.975],[144.629,-40.975]]],[[[144.627,-40.98],[144.627,-40.98],[144.628,-40.98],[144.627,-40.98]]],[[[144.626,-40.981],[144.626,-40.981],[144.626,-40.98],[144.626,-40.981]]],[[[144.626,-40.952],[144.626,-40.952],[144.626,-40.952],[144.626,-40.952]]],[[[144.627,-40.98],[144.627,-40.981],[144.628,-40.98],[144.627,-40.98]]],[[[144.629,-40.957],[144.629,-40.957],[144.629,-40.957],[144.629,-40.957]]],[[[144.626,-40.952],[144.626,-40.952],[144.626,-40.952],[144.626,-40.952]]],[[[144.623,-40.951],[144.623,-40.951],[144.623,-40.951],[144.623,-40.951]]],[[[144.614,-40.946],[144.615,-40.946],[144.614,-40.946],[144.614,-40.946]]],[[[144.624,-40.951],[144.624,-40.951],[144.624,-40.951],[144.624,-40.951]]],[[[144.628,-40.979],[144.628,-40.979],[144.628,-40.979],[144.628,-40.979]]],[[[144.63,-40.975],[144.63,-40.975],[144.63,-40.975],[144.63,-40.975]]],[[[144.629,-40.982],[144.629,-40.982],[144.629,-40.982],[144.629,-40.982]]],[[[144.625,-40.981],[144.625,-40.981],[144.625,-40.981],[144.625,-40.981]]],[[[144.681,-40.721],[144.682,-40.721],[144.681,-40.721],[144.681,-40.721]]],[[[144.678,-40.725],[144.679,-40.725],[144.678,-40.725],[144.678,-40.725]]],[[[144.678,-40.725],[144.679,-40.725],[144.678,-40.724],[144.678,-40.725]]],[[[144.681,-40.719],[144.681,-40.719],[144.681,-40.719],[144.681,-40.719]]],[[[144.68,-40.722],[144.681,-40.722],[144.681,-40.722],[144.68,-40.722]]],[[[144.68,-40.723],[144.68,-40.724],[144.68,-40.724],[144.68,-40.723]]],[[[144.678,-40.716],[144.678,-40.716],[144.678,-40.716],[144.678,-40.716]]],[[[144.684,-40.608],[144.685,-40.608],[144.684,-40.608],[144.684,-40.608]]],[[[143.929,-40.162],[143.929,-40.162],[143.928,-40.162],[143.929,-40.162]]],[[[143.883,-40.121],[143.883,-40.121],[143.883,-40.121],[143.883,-40.121]]],[[[143.886,-40.122],[143.887,-40.122],[143.886,-40.122],[143.886,-40.122]]],[[[143.916,-40.146],[143.916,-40.146],[143.916,-40.146],[143.916,-40.146]]],[[[143.9,-40.134],[143.9,-40.134],[143.9,-40.134],[143.9,-40.134]]],[[[143.885,-40.122],[143.885,-40.122],[143.885,-40.122],[143.885,-40.122]]],[[[143.884,-40.122],[143.885,-40.122],[143.885,-40.122],[143.884,-40.122]]],[[[143.878,-40.121],[143.879,-40.121],[143.879,-40.121],[143.878,-40.121]]],[[[143.901,-40.14],[143.901,-40.14],[143.901,-40.14],[143.901,-40.14]]],[[[143.9,-40.137],[143.9,-40.137],[143.9,-40.136],[143.9,-40.137]]],[[[143.89,-40.123],[143.89,-40.123],[143.89,-40.123],[143.89,-40.123]]],[[[143.9,-40.134],[143.9,-40.134],[143.9,-40.134],[143.9,-40.134]]],[[[143.905,-40.141],[143.905,-40.141],[143.905,-40.141],[143.905,-40.141]]],[[[143.889,-40.123],[143.889,-40.122],[143.889,-40.122],[143.889,-40.123]]],[[[143.883,-40.121],[143.883,-40.121],[143.883,-40.121],[143.883,-40.121]]],[[[143.882,-40.121],[143.882,-40.121],[143.882,-40.121],[143.882,-40.121]]],[[[143.884,-40.121],[143.884,-40.121],[143.884,-40.121],[143.884,-40.121]]],[[[143.929,-40.145],[143.929,-40.145],[143.929,-40.145],[143.929,-40.145]]],[[[143.891,-40.01],[143.891,-40.01],[143.891,-40.009],[143.891,-40.01]]],[[[143.891,-40.011],[143.892,-40.011],[143.891,-40.011],[143.891,-40.011]]],[[[143.892,-40.008],[143.892,-40.007],[143.892,-40.007],[143.892,-40.008]]],[[[143.885,-40.022],[143.884,-40.022],[143.884,-40.022],[143.885,-40.022]]],[[[143.888,-40.007],[143.888,-40.007],[143.888,-40.007],[143.888,-40.007]]],[[[143.884,-40.024],[143.884,-40.024],[143.884,-40.024],[143.884,-40.024]]],[[[143.892,-40.011],[143.892,-40.011],[143.892,-40.011],[143.892,-40.011]]],[[[144.677,-41.171],[144.677,-41.171],[144.676,-41.171],[144.677,-41.171]]],[[[144.677,-41.171],[144.677,-41.17],[144.676,-41.171],[144.677,-41.171]]],[[[144.676,-41.168],[144.676,-41.168],[144.676,-41.168],[144.676,-41.168]]],[[[144.677,-41.172],[144.677,-41.172],[144.677,-41.172],[144.677,-41.172]]],[[[144.611,-40.941],[144.612,-40.941],[144.611,-40.94],[144.611,-40.941]]],[[[144.616,-40.946],[144.613,-40.946],[144.614,-40.946],[144.616,-40.946]]],[[[144.613,-40.939],[144.614,-40.938],[144.614,-40.938],[144.613,-40.939]]],[[[144.613,-40.946],[144.613,-40.946],[144.613,-40.946],[144.613,-40.946]]],[[[144.609,-40.938],[144.609,-40.938],[144.609,-40.938],[144.609,-40.938]]],[[[144.611,-40.938],[144.611,-40.938],[144.611,-40.938],[144.611,-40.938]]],[[[144.611,-40.938],[144.612,-40.938],[144.612,-40.938],[144.611,-40.938]]],[[[144.611,-40.942],[144.611,-40.942],[144.611,-40.942],[144.611,-40.942]]],[[[144.611,-40.946],[144.611,-40.946],[144.611,-40.945],[144.611,-40.946]]],[[[144.609,-40.938],[144.609,-40.938],[144.609,-40.938],[144.609,-40.938]]],[[[144.61,-40.941],[144.61,-40.941],[144.61,-40.941],[144.61,-40.941]]],[[[144.61,-40.944],[144.61,-40.944],[144.61,-40.944],[144.61,-40.944]]],[[[144.612,-40.946],[144.613,-40.946],[144.612,-40.946],[144.612,-40.946]]],[[[144.62,-40.945],[144.62,-40.945],[144.62,-40.945],[144.62,-40.945]]],[[[144.609,-40.941],[144.609,-40.941],[144.609,-40.941],[144.609,-40.941]]],[[[144.612,-40.946],[144.612,-40.946],[144.613,-40.946],[144.612,-40.946]]],[[[144.616,-40.946],[144.616,-40.946],[144.616,-40.946],[144.616,-40.946]]],[[[144.61,-40.939],[144.61,-40.939],[144.61,-40.939],[144.61,-40.939]]],[[[144.611,-40.942],[144.611,-40.942],[144.611,-40.942],[144.611,-40.942]]],[[[144.613,-40.946],[144.613,-40.946],[144.613,-40.946],[144.613,-40.946]]],[[[144.616,-40.946],[144.616,-40.946],[144.616,-40.945],[144.616,-40.946]]],[[[144.608,-40.941],[144.608,-40.941],[144.608,-40.941],[144.608,-40.941]]],[[[144.62,-40.945],[144.621,-40.945],[144.621,-40.945],[144.62,-40.945]]],[[[144.612,-40.945],[144.612,-40.945],[144.612,-40.946],[144.612,-40.945]]],[[[144.609,-40.941],[144.609,-40.941],[144.609,-40.941],[144.609,-40.941]]],[[[144.62,-40.945],[144.619,-40.945],[144.62,-40.945],[144.62,-40.945]]],[[[144.615,-40.946],[144.615,-40.946],[144.615,-40.946],[144.615,-40.946]]],[[[144.611,-40.94],[144.611,-40.94],[144.611,-40.94],[144.611,-40.94]]],[[[144.611,-40.943],[144.611,-40.943],[144.611,-40.943],[144.611,-40.943]]],[[[144.61,-40.939],[144.61,-40.939],[144.61,-40.938],[144.61,-40.939]]],[[[144.619,-40.945],[144.619,-40.945],[144.619,-40.945],[144.619,-40.945]]],[[[144.692,-40.787],[144.692,-40.786],[144.692,-40.787],[144.692,-40.787]]],[[[144.693,-40.787],[144.693,-40.787],[144.693,-40.787],[144.693,-40.787]]],[[[144.691,-40.786],[144.691,-40.786],[144.691,-40.786],[144.691,-40.786]]],[[[143.928,-40.161],[143.927,-40.158],[143.924,-40.161],[143.928,-40.161]]],[[[143.92,-40.153],[143.92,-40.153],[143.92,-40.153],[143.92,-40.153]]],[[[143.93,-40.147],[143.93,-40.147],[143.93,-40.147],[143.93,-40.147]]],[[[143.918,-40.151],[143.919,-40.151],[143.919,-40.151],[143.918,-40.151]]],[[[143.927,-40.155],[143.927,-40.155],[143.927,-40.155],[143.927,-40.155]]],[[[143.958,-40.153],[143.958,-40.153],[143.958,-40.153],[143.958,-40.153]]],[[[143.957,-40.153],[143.957,-40.153],[143.957,-40.153],[143.957,-40.153]]],[[[143.93,-40.147],[143.93,-40.147],[143.93,-40.147],[143.93,-40.147]]],[[[143.919,-40.151],[143.919,-40.151],[143.919,-40.151],[143.919,-40.151]]],[[[143.875,-40.116],[143.875,-40.116],[143.875,-40.116],[143.875,-40.116]]],[[[143.875,-40.111],[143.875,-40.111],[143.875,-40.111],[143.875,-40.111]]],[[[143.875,-40.117],[143.875,-40.117],[143.875,-40.116],[143.875,-40.117]]],[[[143.874,-40.11],[143.874,-40.11],[143.874,-40.11],[143.874,-40.11]]],[[[143.874,-40.11],[143.874,-40.11],[143.874,-40.11],[143.874,-40.11]]],[[[143.876,-40.111],[143.875,-40.111],[143.875,-40.111],[143.876,-40.111]]],[[[143.874,-40.113],[143.874,-40.113],[143.874,-40.113],[143.874,-40.113]]],[[[143.874,-40.11],[143.875,-40.11],[143.874,-40.11],[143.874,-40.11]]],[[[143.874,-40.112],[143.874,-40.112],[143.874,-40.112],[143.874,-40.112]]],[[[143.874,-40.109],[143.874,-40.109],[143.874,-40.11],[143.874,-40.109]]],[[[143.874,-40.111],[143.874,-40.111],[143.874,-40.111],[143.874,-40.111]]],[[[143.875,-40.116],[143.876,-40.116],[143.875,-40.116],[143.875,-40.116]]],[[[143.874,-40.112],[143.874,-40.112],[143.874,-40.112],[143.874,-40.112]]],[[[143.875,-40.111],[143.876,-40.111],[143.875,-40.111],[143.875,-40.111]]],[[[143.874,-40.11],[143.874,-40.11],[143.874,-40.11],[143.874,-40.11]]],[[[143.884,-39.997],[143.885,-39.997],[143.884,-39.997],[143.884,-39.997]]],[[[143.885,-39.99],[143.886,-39.99],[143.885,-39.99],[143.885,-39.99]]],[[[143.886,-39.991],[143.886,-39.991],[143.886,-39.991],[143.886,-39.991]]],[[[143.886,-40.007],[143.886,-40.006],[143.886,-40.006],[143.886,-40.007]]],[[[143.884,-40.0],[143.884,-40.0],[143.884,-40.0],[143.884,-40.0]]],[[[143.884,-39.998],[143.884,-39.998],[143.884,-39.998],[143.884,-39.998]]],[[[143.885,-40.003],[143.885,-40.003],[143.885,-40.003],[143.885,-40.003]]],[[[144.688,-41.246],[144.688,-41.246],[144.687,-41.245],[144.688,-41.246]]],[[[144.687,-41.246],[144.687,-41.245],[144.686,-41.245],[144.687,-41.246]]],[[[144.691,-41.247],[144.691,-41.247],[144.691,-41.247],[144.691,-41.247]]],[[[144.688,-41.252],[144.688,-41.252],[144.687,-41.251],[144.688,-41.252]]],[[[144.688,-41.251],[144.687,-41.251],[144.687,-41.251],[144.688,-41.251]]],[[[144.686,-41.246],[144.686,-41.245],[144.686,-41.246],[144.686,-41.246]]],[[[144.688,-41.251],[144.688,-41.251],[144.688,-41.251],[144.688,-41.251]]],[[[144.69,-41.249],[144.69,-41.248],[144.69,-41.248],[144.69,-41.249]]],[[[144.687,-41.248],[144.687,-41.248],[144.687,-41.248],[144.687,-41.248]]],[[[144.692,-41.248],[144.692,-41.248],[144.692,-41.248],[144.692,-41.248]]],[[[144.69,-41.249],[144.69,-41.249],[144.69,-41.249],[144.69,-41.249]]],[[[144.69,-41.249],[144.69,-41.249],[144.69,-41.249],[144.69,-41.249]]],[[[144.617,-41.007],[144.618,-41.007],[144.618,-41.007],[144.617,-41.007]]],[[[144.625,-41.027],[144.624,-41.027],[144.626,-41.028],[144.625,-41.027]]],[[[144.632,-41.04],[144.632,-41.04],[144.632,-41.039],[144.632,-41.04]]],[[[144.609,-41.006],[144.61,-41.006],[144.609,-41.006],[144.609,-41.006]]],[[[144.634,-41.04],[144.634,-41.04],[144.634,-41.04],[144.634,-41.04]]],[[[144.621,-41.024],[144.621,-41.024],[144.622,-41.024],[144.621,-41.024]]],[[[144.633,-41.041],[144.633,-41.041],[144.633,-41.04],[144.633,-41.041]]],[[[144.634,-41.042],[144.634,-41.042],[144.634,-41.042],[144.634,-41.042]]],[[[144.639,-41.046],[144.64,-41.046],[144.639,-41.046],[144.639,-41.046]]],[[[144.627,-41.028],[144.626,-41.028],[144.627,-41.028],[144.627,-41.028]]],[[[144.637,-41.044],[144.638,-41.044],[144.637,-41.044],[144.637,-41.044]]],[[[144.638,-41.043],[144.637,-41.043],[144.638,-41.044],[144.638,-41.043]]],[[[144.608,-41.007],[144.608,-41.008],[144.608,-41.007],[144.608,-41.007]]],[[[144.616,-41.007],[144.617,-41.007],[144.616,-41.007],[144.616,-41.007]]],[[[144.621,-41.024],[144.62,-41.024],[144.621,-41.024],[144.621,-41.024]]],[[[144.64,-41.046],[144.64,-41.046],[144.64,-41.046],[144.64,-41.046]]],[[[144.645,-41.046],[144.646,-41.047],[144.646,-41.046],[144.645,-41.046]]],[[[144.631,-41.044],[144.631,-41.044],[144.631,-41.044],[144.631,-41.044]]],[[[144.637,-41.044],[144.637,-41.044],[144.638,-41.044],[144.637,-41.044]]],[[[144.617,-41.021],[144.618,-41.021],[144.618,-41.021],[144.617,-41.021]]],[[[144.618,-41.022],[144.618,-41.022],[144.618,-41.022],[144.618,-41.022]]],[[[144.638,-41.044],[144.639,-41.045],[144.639,-41.044],[144.638,-41.044]]],[[[144.628,-41.033],[144.628,-41.033],[144.628,-41.033],[144.628,-41.033]]],[[[144.613,-41.021],[144.614,-41.021],[144.613,-41.021],[144.613,-41.021]]],[[[144.629,-41.033],[144.629,-41.033],[144.629,-41.033],[144.629,-41.033]]],[[[144.634,-41.04],[144.634,-41.04],[144.634,-41.04],[144.634,-41.04]]],[[[144.63,-41.032],[144.63,-41.032],[144.63,-41.032],[144.63,-41.032]]],[[[144.64,-41.047],[144.64,-41.047],[144.641,-41.047],[144.64,-41.047]]],[[[144.637,-41.045],[144.637,-41.045],[144.637,-41.045],[144.637,-41.045]]],[[[144.63,-41.039],[144.63,-41.04],[144.63,-41.039],[144.63,-41.039]]],[[[144.624,-41.005],[144.624,-41.005],[144.624,-41.005],[144.624,-41.005]]],[[[144.614,-41.007],[144.614,-41.007],[144.614,-41.008],[144.614,-41.007]]],[[[144.647,-41.046],[144.647,-41.046],[144.647,-41.046],[144.647,-41.046]]],[[[144.631,-41.038],[144.631,-41.038],[144.631,-41.039],[144.631,-41.038]]],[[[144.641,-41.046],[144.641,-41.046],[144.641,-41.046],[144.641,-41.046]]],[[[144.63,-41.044],[144.631,-41.044],[144.631,-41.044],[144.63,-41.044]]],[[[144.633,-41.035],[144.633,-41.035],[144.633,-41.035],[144.633,-41.035]]],[[[144.631,-41.04],[144.631,-41.04],[144.631,-41.04],[144.631,-41.04]]],[[[144.633,-41.044],[144.633,-41.044],[144.633,-41.044],[144.633,-41.044]]],[[[144.637,-41.045],[144.637,-41.045],[144.637,-41.045],[144.637,-41.045]]],[[[144.63,-41.034],[144.63,-41.033],[144.63,-41.033],[144.63,-41.034]]],[[[144.614,-41.008],[144.615,-41.008],[144.614,-41.008],[144.614,-41.008]]],[[[144.613,-41.014],[144.613,-41.014],[144.613,-41.014],[144.613,-41.014]]],[[[144.638,-41.042],[144.638,-41.042],[144.639,-41.042],[144.638,-41.042]]],[[[144.64,-41.046],[144.64,-41.046],[144.64,-41.046],[144.64,-41.046]]],[[[144.613,-41.021],[144.613,-41.021],[144.613,-41.021],[144.613,-41.021]]],[[[144.634,-41.041],[144.634,-41.041],[144.634,-41.041],[144.634,-41.041]]],[[[144.634,-41.041],[144.634,-41.041],[144.634,-41.041],[144.634,-41.041]]],[[[144.643,-41.046],[144.643,-41.046],[144.643,-41.046],[144.643,-41.046]]],[[[144.62,-41.006],[144.62,-41.006],[144.62,-41.006],[144.62,-41.006]]],[[[144.638,-41.042],[144.638,-41.042],[144.638,-41.042],[144.638,-41.042]]],[[[144.646,-41.046],[144.646,-41.046],[144.646,-41.046],[144.646,-41.046]]],[[[144.621,-41.024],[144.621,-41.024],[144.621,-41.024],[144.621,-41.024]]],[[[144.629,-41.039],[144.63,-41.039],[144.63,-41.039],[144.629,-41.039]]],[[[144.626,-41.027],[144.626,-41.027],[144.626,-41.027],[144.626,-41.027]]],[[[144.631,-41.04],[144.631,-41.04],[144.631,-41.04],[144.631,-41.04]]],[[[144.621,-41.024],[144.621,-41.024],[144.621,-41.024],[144.621,-41.024]]],[[[144.641,-41.046],[144.642,-41.046],[144.641,-41.046],[144.641,-41.046]]],[[[144.639,-41.044],[144.639,-41.044],[144.639,-41.044],[144.639,-41.044]]],[[[144.678,-40.672],[144.682,-40.673],[144.679,-40.67],[144.678,-40.672]]],[[[144.686,-40.671],[144.686,-40.671],[144.686,-40.671],[144.686,-40.671]]],[[[144.689,-40.703],[144.689,-40.703],[144.688,-40.703],[144.689,-40.703]]],[[[144.687,-40.7],[144.687,-40.7],[144.688,-40.7],[144.687,-40.7]]],[[[144.684,-40.675],[144.685,-40.674],[144.684,-40.674],[144.684,-40.675]]],[[[144.686,-40.68],[144.687,-40.68],[144.686,-40.68],[144.686,-40.68]]],[[[144.683,-40.706],[144.684,-40.705],[144.684,-40.705],[144.683,-40.706]]],[[[144.685,-40.685],[144.685,-40.685],[144.685,-40.685],[144.685,-40.685]]],[[[144.688,-40.684],[144.688,-40.683],[144.687,-40.684],[144.688,-40.684]],[[144.654,-40.378],[144.652,-40.381],[144.656,-40.372],[144.654,-40.378]]],[[[144.652,-40.382],[144.653,-40.382],[144.652,-40.381],[144.652,-40.382]]],[[[144.652,-40.381],[144.652,-40.381],[144.652,-40.381],[144.652,-40.381]]],[[[144.653,-40.381],[144.653,-40.381],[144.653,-40.382],[144.653,-40.381]]],[[[143.834,-39.922],[143.834,-39.922],[143.834,-39.922],[143.834,-39.922]]],[[[143.841,-39.924],[143.842,-39.924],[143.841,-39.924],[143.841,-39.924]]],[[[143.833,-39.922],[143.833,-39.922],[143.833,-39.922],[143.833,-39.922]]],[[[143.833,-39.917],[143.833,-39.917],[143.833,-39.917],[143.833,-39.917]]],[[[143.833,-39.918],[143.833,-39.918],[143.833,-39.918],[143.833,-39.918]]],[[[143.841,-39.925],[143.841,-39.924],[143.841,-39.924],[143.841,-39.925]]],[[[143.833,-39.918],[143.833,-39.918],[143.833,-39.918],[143.833,-39.918]]],[[[144.653,-41.053],[144.653,-41.053],[144.654,-41.053],[144.653,-41.053]]],[[[144.648,-41.047],[144.649,-41.047],[144.649,-41.047],[144.648,-41.047]]],[[[144.654,-41.049],[144.654,-41.05],[144.654,-41.05],[144.654,-41.049]]],[[[144.656,-41.052],[144.656,-41.052],[144.656,-41.052],[144.656,-41.052]]],[[[144.648,-41.048],[144.649,-41.048],[144.649,-41.047],[144.648,-41.048]]],[[[144.649,-41.047],[144.649,-41.047],[144.649,-41.047],[144.649,-41.047]]],[[[144.648,-41.047],[144.648,-41.047],[144.648,-41.047],[144.648,-41.047]]],[[[144.648,-41.047],[144.648,-41.047],[144.648,-41.047],[144.648,-41.047]]],[[[143.971,-40.117],[143.971,-40.117],[143.971,-40.117],[143.971,-40.117]]],[[[143.971,-40.118],[143.97,-40.118],[143.971,-40.118],[143.971,-40.118]]],[[[143.969,-40.117],[143.97,-40.117],[143.969,-40.117],[143.969,-40.117]]],[[[143.876,-40.118],[143.876,-40.118],[143.876,-40.118],[143.876,-40.118]]],[[[143.971,-40.118],[143.971,-40.118],[143.971,-40.118],[143.971,-40.118]]],[[[143.979,-40.11],[143.979,-40.11],[143.979,-40.11],[143.979,-40.11]]],[[[143.977,-40.114],[143.977,-40.114],[143.977,-40.114],[143.977,-40.114]]],[[[143.97,-40.118],[143.97,-40.118],[143.97,-40.118],[143.97,-40.118]]],[[[143.969,-40.115],[143.97,-40.115],[143.969,-40.115],[143.969,-40.115]]],[[[143.974,-40.116],[143.974,-40.116],[143.974,-40.116],[143.974,-40.116]]],[[[143.971,-40.117],[143.971,-40.117],[143.971,-40.117],[143.971,-40.117]]],[[[143.967,-40.112],[143.967,-40.112],[143.967,-40.112],[143.967,-40.112]]],[[[143.974,-40.116],[143.974,-40.116],[143.974,-40.116],[143.974,-40.116]]],[[[143.876,-40.118],[143.877,-40.118],[143.876,-40.118],[143.876,-40.118]]],[[[143.979,-40.111],[143.978,-40.11],[143.978,-40.111],[143.979,-40.111]]],[[[143.876,-40.111],[143.876,-40.111],[143.876,-40.111],[143.876,-40.111]]],[[[143.971,-40.117],[143.972,-40.117],[143.971,-40.117],[143.971,-40.117]]],[[[143.979,-40.11],[143.979,-40.11],[143.979,-40.11],[143.979,-40.11]]],[[[144.612,-40.934],[144.614,-40.934],[144.613,-40.934],[144.612,-40.934]]],[[[144.612,-40.935],[144.611,-40.935],[144.612,-40.935],[144.612,-40.935]]],[[[144.628,-40.925],[144.628,-40.925],[144.629,-40.925],[144.628,-40.925]]],[[[144.615,-40.933],[144.615,-40.933],[144.615,-40.933],[144.615,-40.933]]],[[[144.63,-40.923],[144.63,-40.923],[144.631,-40.923],[144.63,-40.923]]],[[[144.639,-40.919],[144.64,-40.918],[144.639,-40.918],[144.639,-40.919]]],[[[144.632,-40.921],[144.632,-40.921],[144.632,-40.921],[144.632,-40.921]]],[[[144.635,-40.921],[144.636,-40.921],[144.635,-40.921],[144.635,-40.921]]],[[[144.648,-40.92],[144.648,-40.92],[144.647,-40.919],[144.648,-40.92]]],[[[144.611,-40.937],[144.611,-40.937],[144.611,-40.937],[144.611,-40.937]]],[[[144.616,-40.934],[144.616,-40.934],[144.616,-40.934],[144.616,-40.934]]],[[[144.633,-40.901],[144.633,-40.901],[144.633,-40.901],[144.633,-40.901]]],[[[144.611,-40.933],[144.611,-40.933],[144.611,-40.932],[144.611,-40.933]]],[[[144.668,-40.906],[144.669,-40.906],[144.668,-40.906],[144.668,-40.906]]],[[[144.611,-40.938],[144.612,-40.938],[144.611,-40.938],[144.611,-40.938]]],[[[144.611,-40.936],[144.61,-40.936],[144.611,-40.936],[144.611,-40.936]]],[[[144.618,-40.932],[144.618,-40.932],[144.618,-40.932],[144.618,-40.932]]],[[[144.627,-40.928],[144.628,-40.928],[144.628,-40.928],[144.627,-40.928]]],[[[144.669,-40.906],[144.669,-40.906],[144.669,-40.906],[144.669,-40.906]]],[[[144.614,-40.933],[144.615,-40.933],[144.615,-40.933],[144.614,-40.933]]],[[[144.65,-40.903],[144.65,-40.903],[144.65,-40.904],[144.65,-40.903]]],[[[144.626,-40.932],[144.625,-40.932],[144.626,-40.932],[144.626,-40.932]]],[[[144.636,-40.921],[144.636,-40.921],[144.636,-40.921],[144.636,-40.921]]],[[[144.613,-40.933],[144.613,-40.933],[144.613,-40.933],[144.613,-40.933]]],[[[144.61,-40.937],[144.61,-40.938],[144.61,-40.937],[144.61,-40.937]]],[[[144.649,-40.919],[144.649,-40.919],[144.649,-40.919],[144.649,-40.919]]],[[[144.644,-40.92],[144.644,-40.92],[144.644,-40.92],[144.644,-40.92]]],[[[144.652,-40.905],[144.652,-40.906],[144.652,-40.905],[144.652,-40.905]]],[[[144.611,-40.934],[144.611,-40.934],[144.611,-40.934],[144.611,-40.934]]],[[[144.617,-40.932],[144.617,-40.932],[144.617,-40.932],[144.617,-40.932]]],[[[144.615,-40.933],[144.615,-40.933],[144.615,-40.933],[144.615,-40.933]]],[[[144.631,-40.901],[144.631,-40.901],[144.632,-40.901],[144.631,-40.901]]],[[[144.638,-40.901],[144.638,-40.901],[144.638,-40.901],[144.638,-40.901]]],[[[144.656,-40.912],[144.656,-40.912],[144.656,-40.913],[144.656,-40.912]]],[[[144.609,-40.935],[144.61,-40.935],[144.609,-40.935],[144.609,-40.935]]],[[[144.627,-40.927],[144.627,-40.927],[144.627,-40.927],[144.627,-40.927]]],[[[144.612,-40.932],[144.612,-40.932],[144.612,-40.932],[144.612,-40.932]]],[[[144.653,-40.906],[144.654,-40.906],[144.653,-40.906],[144.653,-40.906]]],[[[144.637,-40.918],[144.638,-40.918],[144.638,-40.918],[144.637,-40.918]]],[[[144.612,-40.933],[144.612,-40.933],[144.612,-40.932],[144.612,-40.933]]],[[[144.632,-40.921],[144.632,-40.921],[144.632,-40.921],[144.632,-40.921]]],[[[144.63,-40.922],[144.63,-40.922],[144.63,-40.922],[144.63,-40.922]]],[[[144.67,-40.907],[144.67,-40.907],[144.67,-40.907],[144.67,-40.907]]],[[[144.618,-40.931],[144.618,-40.931],[144.618,-40.931],[144.618,-40.931]]],[[[144.647,-40.919],[144.647,-40.919],[144.647,-40.919],[144.647,-40.919]]],[[[144.61,-40.938],[144.61,-40.938],[144.611,-40.938],[144.61,-40.938]]],[[[144.674,-40.908],[144.674,-40.908],[144.674,-40.908],[144.674,-40.908]]],[[[144.639,-40.919],[144.639,-40.919],[144.639,-40.919],[144.639,-40.919]]],[[[144.612,-40.933],[144.612,-40.933],[144.612,-40.933],[144.612,-40.933]]],[[[144.61,-40.936],[144.61,-40.935],[144.61,-40.935],[144.61,-40.936]]],[[[144.65,-40.902],[144.65,-40.902],[144.65,-40.902],[144.65,-40.902]]],[[[144.669,-40.906],[144.669,-40.906],[144.669,-40.906],[144.669,-40.906]]],[[[144.674,-40.908],[144.674,-40.908],[144.674,-40.908],[144.674,-40.908]]],[[[144.655,-40.909],[144.655,-40.909],[144.655,-40.909],[144.655,-40.909]]],[[[144.654,-40.9],[144.654,-40.9],[144.654,-40.9],[144.654,-40.9]]],[[[144.653,-40.9],[144.654,-40.9],[144.653,-40.9],[144.653,-40.9]]],[[[144.649,-40.903],[144.65,-40.903],[144.65,-40.903],[144.649,-40.903]]],[[[144.649,-40.901],[144.649,-40.901],[144.649,-40.901],[144.649,-40.901]]],[[[144.628,-40.931],[144.628,-40.931],[144.629,-40.931],[144.628,-40.931]]],[[[144.654,-40.914],[144.655,-40.914],[144.655,-40.914],[144.654,-40.914]]],[[[144.649,-40.9],[144.649,-40.9],[144.649,-40.9],[144.649,-40.9]]],[[[144.641,-40.918],[144.641,-40.918],[144.641,-40.918],[144.641,-40.918]]],[[[144.648,-40.9],[144.648,-40.9],[144.648,-40.9],[144.648,-40.9]]],[[[144.629,-40.926],[144.629,-40.926],[144.629,-40.926],[144.629,-40.926]]],[[[144.609,-40.937],[144.609,-40.937],[144.609,-40.937],[144.609,-40.937]]],[[[144.618,-40.933],[144.618,-40.933],[144.618,-40.933],[144.618,-40.933]]],[[[144.631,-40.901],[144.632,-40.901],[144.631,-40.901],[144.631,-40.901]]],[[[144.635,-40.902],[144.635,-40.902],[144.635,-40.902],[144.635,-40.902]]],[[[144.636,-40.902],[144.636,-40.901],[144.635,-40.901],[144.636,-40.902]]],[[[144.635,-40.902],[144.635,-40.902],[144.635,-40.902],[144.635,-40.902]]],[[[144.615,-40.935],[144.615,-40.935],[144.615,-40.935],[144.615,-40.935]]],[[[144.61,-40.938],[144.61,-40.938],[144.61,-40.938],[144.61,-40.938]]],[[[144.67,-40.906],[144.67,-40.906],[144.67,-40.906],[144.67,-40.906]]],[[[144.632,-40.901],[144.632,-40.901],[144.632,-40.901],[144.632,-40.901]]],[[[144.636,-40.901],[144.636,-40.901],[144.636,-40.901],[144.636,-40.901]]],[[[144.63,-40.923],[144.631,-40.923],[144.631,-40.923],[144.63,-40.923]]],[[[144.621,-40.933],[144.621,-40.933],[144.621,-40.933],[144.621,-40.933]]],[[[144.609,-40.938],[144.609,-40.938],[144.609,-40.938],[144.609,-40.938]]],[[[144.612,-40.937],[144.612,-40.937],[144.612,-40.937],[144.612,-40.937]]],[[[144.623,-40.932],[144.623,-40.932],[144.623,-40.932],[144.623,-40.932]]],[[[144.64,-40.918],[144.64,-40.918],[144.64,-40.918],[144.64,-40.918]]],[[[144.637,-40.921],[144.637,-40.921],[144.637,-40.921],[144.637,-40.921]]],[[[144.611,-40.934],[144.611,-40.934],[144.611,-40.934],[144.611,-40.934]]],[[[144.633,-40.901],[144.633,-40.901],[144.633,-40.901],[144.633,-40.901]]],[[[144.631,-40.9],[144.631,-40.9],[144.631,-40.9],[144.631,-40.9]]],[[[144.628,-40.925],[144.628,-40.925],[144.629,-40.925],[144.628,-40.925]]],[[[144.613,-40.933],[144.613,-40.933],[144.613,-40.933],[144.613,-40.933]]],[[[144.653,-40.906],[144.653,-40.906],[144.653,-40.906],[144.653,-40.906]]],[[[144.662,-40.905],[144.662,-40.905],[144.662,-40.905],[144.662,-40.905]]],[[[144.616,-40.93],[144.616,-40.93],[144.616,-40.93],[144.616,-40.93]]],[[[144.63,-40.922],[144.63,-40.922],[144.63,-40.922],[144.63,-40.922]]],[[[144.632,-40.922],[144.632,-40.922],[144.632,-40.922],[144.632,-40.922]]],[[[144.633,-40.901],[144.633,-40.901],[144.633,-40.901],[144.633,-40.901]]],[[[144.611,-40.937],[144.611,-40.937],[144.611,-40.937],[144.611,-40.937]]],[[[144.615,-40.935],[144.615,-40.935],[144.615,-40.935],[144.615,-40.935]]],[[[144.669,-40.906],[144.669,-40.906],[144.669,-40.906],[144.669,-40.906]]],[[[144.627,-40.927],[144.627,-40.927],[144.627,-40.927],[144.627,-40.927]]],[[[144.637,-40.92],[144.637,-40.92],[144.637,-40.921],[144.637,-40.92]]],[[[144.637,-40.918],[144.637,-40.918],[144.637,-40.918],[144.637,-40.918]]],[[[144.637,-40.918],[144.637,-40.918],[144.637,-40.918],[144.637,-40.918]]],[[[144.628,-40.927],[144.629,-40.927],[144.629,-40.927],[144.628,-40.927]]],[[[144.64,-40.917],[144.64,-40.917],[144.64,-40.917],[144.64,-40.917]]],[[[144.049,-40.068],[144.106,-40.044],[144.101,-40.029],[144.133,-39.977],[144.137,-39.928],[144.111,-39.914],[144.105,-39.891],[144.128,-39.822],[144.102,-39.763],[144.11,-39.671],[144.005,-39.597],[143.984,-39.601],[143.948,-39.579],[143.924,-39.595],[143.935,-39.638],[143.923,-39.669],[143.844,-39.716],[143.867,-39.833],[143.834,-39.921],[143.88,-39.968],[143.893,-40.011],[143.888,-40.057],[143.858,-40.065],[143.875,-40.117],[143.904,-40.121],[143.901,-40.139],[143.925,-40.158],[143.924,-40.13],[144.027,-40.095],[144.049,-40.068]]],[[[144.037,-40.086],[144.038,-40.087],[144.038,-40.086],[144.037,-40.086]]],[[[144.031,-40.106],[144.032,-40.106],[144.031,-40.105],[144.031,-40.106]]],[[[144.038,-40.087],[144.039,-40.087],[144.039,-40.087],[144.038,-40.087]]],[[[143.874,-40.105],[143.874,-40.105],[143.874,-40.104],[143.874,-40.105]]],[[[143.865,-40.074],[143.865,-40.074],[143.865,-40.074],[143.865,-40.074]]],[[[143.874,-40.104],[143.874,-40.104],[143.873,-40.104],[143.874,-40.104]]],[[[143.874,-40.108],[143.875,-40.107],[143.874,-40.107],[143.874,-40.108]]],[[[144.021,-40.094],[144.021,-40.093],[144.021,-40.093],[144.021,-40.094]]],[[[144.031,-40.107],[144.031,-40.107],[144.031,-40.107],[144.031,-40.107]]],[[[144.038,-40.083],[144.038,-40.083],[144.038,-40.083],[144.038,-40.083]]],[[[143.873,-40.096],[143.872,-40.096],[143.872,-40.097],[143.873,-40.096]]],[[[144.025,-40.094],[144.025,-40.094],[144.024,-40.093],[144.025,-40.094]]],[[[144.094,-40.053],[144.094,-40.053],[144.094,-40.053],[144.094,-40.053]]],[[[143.862,-40.067],[143.862,-40.068],[143.862,-40.067],[143.862,-40.067]]],[[[143.867,-40.079],[143.867,-40.079],[143.867,-40.079],[143.867,-40.079]]],[[[143.866,-40.075],[143.867,-40.075],[143.866,-40.075],[143.866,-40.075]]],[[[144.039,-40.087],[144.039,-40.087],[144.039,-40.087],[144.039,-40.087]]],[[[143.87,-40.082],[143.87,-40.081],[143.87,-40.081],[143.87,-40.082]]],[[[143.867,-40.078],[143.867,-40.077],[143.867,-40.077],[143.867,-40.078]]],[[[144.047,-40.079],[144.048,-40.079],[144.047,-40.079],[144.047,-40.079]]],[[[144.03,-40.09],[144.03,-40.09],[144.029,-40.09],[144.03,-40.09]]],[[[143.884,-40.031],[143.884,-40.03],[143.884,-40.031],[143.884,-40.031]]],[[[144.093,-40.053],[144.093,-40.053],[144.093,-40.052],[144.093,-40.053]]],[[[144.008,-40.099],[144.008,-40.099],[144.008,-40.099],[144.008,-40.099]]],[[[143.872,-40.098],[143.872,-40.098],[143.872,-40.098],[143.872,-40.098]]],[[[143.874,-40.107],[143.874,-40.107],[143.874,-40.107],[143.874,-40.107]]],[[[143.87,-40.08],[143.87,-40.08],[143.87,-40.08],[143.87,-40.08]]],[[[144.03,-40.102],[144.03,-40.102],[144.03,-40.101],[144.03,-40.102]]],[[[144.048,-40.08],[144.048,-40.079],[144.048,-40.08],[144.048,-40.08]]],[[[143.868,-40.086],[143.869,-40.086],[143.868,-40.086],[143.868,-40.086]]],[[[144.03,-40.102],[144.03,-40.102],[144.03,-40.102],[144.03,-40.102]]],[[[144.101,-40.048],[144.101,-40.048],[144.101,-40.047],[144.101,-40.048]]],[[[143.865,-40.074],[143.865,-40.074],[143.865,-40.074],[143.865,-40.074]]],[[[143.869,-40.078],[143.869,-40.078],[143.869,-40.077],[143.869,-40.078]]],[[[143.861,-40.067],[143.861,-40.067],[143.861,-40.067],[143.861,-40.067]]],[[[143.87,-40.081],[143.871,-40.081],[143.87,-40.081],[143.87,-40.081]]],[[[143.867,-40.077],[143.868,-40.076],[143.867,-40.076],[143.867,-40.077]]],[[[143.858,-40.064],[143.858,-40.064],[143.858,-40.063],[143.858,-40.064]]],[[[143.874,-40.101],[143.874,-40.1],[143.874,-40.1],[143.874,-40.101]]],[[[143.874,-40.101],[143.874,-40.101],[143.874,-40.101],[143.874,-40.101]]],[[[144.031,-40.106],[144.031,-40.106],[144.031,-40.106],[144.031,-40.106]]],[[[143.869,-40.08],[143.869,-40.08],[143.869,-40.08],[143.869,-40.08]]],[[[144.102,-40.047],[144.102,-40.047],[144.102,-40.047],[144.102,-40.047]]],[[[143.871,-40.096],[143.871,-40.096],[143.871,-40.096],[143.871,-40.096]]],[[[143.875,-40.1],[143.875,-40.1],[143.875,-40.1],[143.875,-40.1]]],[[[143.869,-40.092],[143.868,-40.092],[143.869,-40.092],[143.869,-40.092]]],[[[143.859,-40.061],[143.859,-40.061],[143.859,-40.061],[143.859,-40.061]]],[[[144.101,-40.048],[144.101,-40.047],[144.101,-40.047],[144.101,-40.048]]],[[[144.011,-40.095],[144.011,-40.095],[144.011,-40.095],[144.011,-40.095]]],[[[143.869,-40.078],[143.869,-40.078],[143.869,-40.078],[143.869,-40.078]]],[[[144.102,-40.046],[144.103,-40.046],[144.102,-40.046],[144.102,-40.046]]],[[[143.872,-40.1],[143.872,-40.1],[143.872,-40.1],[143.872,-40.1]]],[[[143.861,-40.06],[143.861,-40.06],[143.861,-40.06],[143.861,-40.06]]],[[[143.868,-40.093],[143.868,-40.093],[143.868,-40.093],[143.868,-40.093]]],[[[143.862,-40.067],[143.862,-40.067],[143.862,-40.067],[143.862,-40.067]]],[[[144.031,-40.102],[144.031,-40.102],[144.031,-40.102],[144.031,-40.102]]],[[[144.093,-40.052],[144.093,-40.052],[144.093,-40.052],[144.093,-40.052]]],[[[143.864,-40.075],[143.864,-40.074],[143.864,-40.074],[143.864,-40.075]]],[[[143.873,-40.105],[143.873,-40.105],[143.873,-40.105],[143.873,-40.105]]],[[[143.871,-40.096],[143.872,-40.096],[143.871,-40.096],[143.871,-40.096]]],[[[144.091,-40.053],[144.091,-40.052],[144.091,-40.052],[144.091,-40.053]]],[[[143.869,-40.079],[143.869,-40.079],[143.869,-40.079],[143.869,-40.079]]],[[[143.875,-40.101],[143.875,-40.1],[143.875,-40.1],[143.875,-40.101]]],[[[144.03,-40.101],[144.03,-40.101],[144.03,-40.101],[144.03,-40.101]]],[[[143.887,-40.047],[143.887,-40.047],[143.887,-40.047],[143.887,-40.047]]],[[[143.869,-40.082],[143.869,-40.082],[143.869,-40.082],[143.869,-40.082]]],[[[143.87,-40.083],[143.87,-40.083],[143.87,-40.083],[143.87,-40.083]]],[[[143.887,-40.047],[143.887,-40.047],[143.887,-40.047],[143.887,-40.047]]],[[[143.876,-40.098],[143.876,-40.097],[143.876,-40.098],[143.876,-40.098]]],[[[143.859,-40.061],[143.859,-40.06],[143.859,-40.06],[143.859,-40.061]]],[[[143.864,-40.07],[143.864,-40.07],[143.864,-40.07],[143.864,-40.07]]],[[[143.887,-40.047],[143.887,-40.047],[143.887,-40.047],[143.887,-40.047]]],[[[144.032,-40.106],[144.032,-40.106],[144.032,-40.105],[144.032,-40.106]]],[[[143.859,-40.065],[143.859,-40.065],[143.859,-40.065],[143.859,-40.065]]],[[[143.865,-40.068],[143.865,-40.068],[143.865,-40.068],[143.865,-40.068]]],[[[144.03,-40.102],[144.03,-40.102],[144.03,-40.102],[144.03,-40.102]]],[[[143.866,-40.075],[143.866,-40.075],[143.866,-40.075],[143.866,-40.075]]],[[[143.887,-40.048],[143.887,-40.048],[143.887,-40.048],[143.887,-40.048]]],[[[143.859,-40.066],[143.859,-40.066],[143.859,-40.066],[143.859,-40.066]]],[[[144.091,-40.052],[144.091,-40.052],[144.091,-40.052],[144.091,-40.052]]],[[[144.103,-40.045],[144.103,-40.045],[144.103,-40.045],[144.103,-40.045]]],[[[143.864,-40.068],[143.864,-40.068],[143.864,-40.068],[143.864,-40.068]]],[[[144.031,-40.107],[144.031,-40.107],[144.031,-40.107],[144.031,-40.107]]],[[[144.102,-40.046],[144.102,-40.046],[144.102,-40.046],[144.102,-40.046]]],[[[143.869,-40.079],[143.869,-40.079],[143.869,-40.079],[143.869,-40.079]]],[[[143.873,-40.097],[143.873,-40.097],[143.873,-40.097],[143.873,-40.097]]],[[[143.887,-40.048],[143.887,-40.048],[143.887,-40.048],[143.887,-40.048]]],[[[143.874,-40.106],[143.874,-40.106],[143.874,-40.106],[143.874,-40.106]]],[[[144.011,-40.102],[144.011,-40.102],[144.011,-40.102],[144.011,-40.102]]],[[[143.869,-40.085],[143.869,-40.085],[143.869,-40.085],[143.869,-40.085]]],[[[143.875,-40.098],[143.875,-40.098],[143.875,-40.098],[143.875,-40.098]]],[[[143.869,-40.082],[143.869,-40.082],[143.869,-40.082],[143.869,-40.082]]],[[[144.048,-40.08],[144.048,-40.08],[144.048,-40.08],[144.048,-40.08]]],[[[143.864,-40.06],[143.864,-40.06],[143.864,-40.06],[143.864,-40.06]]],[[[143.866,-40.074],[143.866,-40.074],[143.866,-40.074],[143.866,-40.074]]],[[[143.861,-40.06],[143.861,-40.06],[143.86,-40.06],[143.861,-40.06]]],[[[143.873,-40.105],[143.873,-40.105],[143.873,-40.105],[143.873,-40.105]]],[[[144.918,-40.583],[144.918,-40.583],[144.918,-40.583],[144.918,-40.583]]],[[[144.926,-40.57],[144.93,-40.57],[144.929,-40.568],[144.926,-40.57]]],[[[144.929,-40.568],[144.929,-40.568],[144.929,-40.568],[144.929,-40.568]]],[[[144.922,-40.567],[144.921,-40.568],[144.923,-40.568],[144.922,-40.567]]],[[[144.923,-40.567],[144.923,-40.567],[144.923,-40.567],[144.923,-40.567]]],[[[144.938,-40.563],[144.941,-40.56],[144.94,-40.558],[144.938,-40.563]]],[[[145.489,-42.97],[145.491,-42.969],[145.488,-42.97],[145.489,-42.97]]],[[[145.223,-42.42],[145.224,-42.42],[145.223,-42.419],[145.223,-42.42]]],[[[145.165,-42.196],[145.165,-42.196],[145.165,-42.196],[145.165,-42.196]]],[[[145.309,-40.764],[145.309,-40.764],[145.309,-40.764],[145.309,-40.764]]],[[[145.303,-40.741],[145.303,-40.741],[145.303,-40.741],[145.303,-40.741]]],[[[144.936,-40.587],[144.936,-40.587],[144.936,-40.587],[144.936,-40.587]]],[[[144.936,-40.577],[144.936,-40.577],[144.936,-40.577],[144.936,-40.577]]],[[[144.921,-40.573],[144.922,-40.573],[144.923,-40.572],[144.921,-40.573]]],[[[144.891,-40.485],[144.891,-40.485],[144.891,-40.485],[144.891,-40.485]]],[[[144.967,-40.433],[144.967,-40.433],[144.967,-40.433],[144.967,-40.433]]],[[[144.973,-40.424],[144.973,-40.424],[144.973,-40.424],[144.973,-40.424]]],[[[144.92,-40.574],[144.921,-40.573],[144.92,-40.574],[144.92,-40.574]]],[[[145.38,-42.775],[145.378,-42.775],[145.379,-42.777],[145.38,-42.775]]],[[[145.378,-42.777],[145.379,-42.777],[145.378,-42.777],[145.378,-42.777]]],[[[144.916,-41.71],[144.916,-41.71],[144.916,-41.71],[144.916,-41.71]]],[[[144.911,-41.709],[144.912,-41.709],[144.912,-41.709],[144.911,-41.709]]],[[[144.961,-40.657],[144.961,-40.657],[144.961,-40.657],[144.961,-40.657]]],[[[144.961,-40.657],[144.961,-40.657],[144.961,-40.657],[144.961,-40.657]]],[[[144.935,-40.584],[144.935,-40.584],[144.935,-40.584],[144.935,-40.584]]],[[[144.934,-40.585],[144.935,-40.585],[144.935,-40.585],[144.934,-40.585]]],[[[144.929,-40.577],[144.929,-40.577],[144.929,-40.577],[144.929,-40.577]]],[[[145.448,-42.334],[145.451,-42.336],[145.454,-42.335],[145.448,-42.334]]],[[[145.446,-42.39],[145.451,-42.386],[145.447,-42.387],[145.446,-42.39]]],[[[145.459,-42.385],[145.46,-42.385],[145.459,-42.384],[145.459,-42.385]]],[[[144.974,-40.71],[144.975,-40.71],[144.975,-40.71],[144.974,-40.71]]],[[[144.935,-40.577],[144.936,-40.577],[144.935,-40.577],[144.935,-40.577]]],[[[144.967,-40.422],[144.967,-40.422],[144.968,-40.421],[144.967,-40.422]]],[[[144.961,-40.415],[144.961,-40.415],[144.961,-40.415],[144.961,-40.415]]],[[[144.966,-40.422],[144.966,-40.422],[144.966,-40.422],[144.966,-40.422]]],[[[144.965,-40.421],[144.965,-40.421],[144.965,-40.421],[144.965,-40.421]]],[[[145.276,-42.606],[145.278,-42.606],[145.277,-42.603],[145.276,-42.606]]],[[[145.274,-42.559],[145.277,-42.558],[145.274,-42.557],[145.274,-42.559]]],[[[145.285,-42.634],[145.287,-42.635],[145.286,-42.633],[145.285,-42.634]]],[[[145.269,-42.629],[145.27,-42.629],[145.267,-42.63],[145.269,-42.629]]],[[[144.923,-40.584],[144.92,-40.613],[144.937,-40.629],[144.95,-40.621],[144.923,-40.584]]],[[[144.958,-40.414],[144.958,-40.414],[144.958,-40.413],[144.958,-40.414]]],[[[144.959,-40.409],[144.959,-40.409],[144.959,-40.409],[144.959,-40.409]]],[[[144.961,-40.406],[144.962,-40.406],[144.961,-40.406],[144.961,-40.406]]],[[[144.961,-40.415],[144.961,-40.415],[144.961,-40.415],[144.961,-40.415]]],[[[144.957,-40.413],[144.957,-40.412],[144.957,-40.412],[144.957,-40.413]]],[[[144.957,-40.413],[144.957,-40.412],[144.957,-40.412],[144.957,-40.413]]],[[[145.272,-42.271],[145.272,-42.273],[145.274,-42.272],[145.272,-42.271]]],[[[145.197,-42.25],[145.198,-42.25],[145.198,-42.249],[145.197,-42.25]]],[[[145.177,-42.307],[145.178,-42.308],[145.177,-42.306],[145.177,-42.307]]],[[[145.178,-42.308],[145.179,-42.308],[145.179,-42.307],[145.178,-42.308]]],[[[145.189,-42.244],[145.189,-42.243],[145.189,-42.243],[145.189,-42.244]]],[[[145.189,-42.238],[145.188,-42.238],[145.188,-42.238],[145.189,-42.238]]],[[[145.191,-42.245],[145.192,-42.245],[145.192,-42.245],[145.191,-42.245]]],[[[145.197,-42.25],[145.198,-42.25],[145.197,-42.25],[145.197,-42.25]]],[[[145.197,-42.25],[145.197,-42.251],[145.197,-42.251],[145.197,-42.25]]],[[[145.298,-40.736],[145.298,-40.736],[145.299,-40.736],[145.298,-40.736]]],[[[145.298,-40.739],[145.298,-40.739],[145.298,-40.739],[145.298,-40.739]]],[[[145.297,-40.74],[145.297,-40.74],[145.297,-40.74],[145.297,-40.74]]],[[[144.906,-40.481],[144.906,-40.481],[144.907,-40.481],[144.906,-40.481]]],[[[144.942,-40.462],[144.941,-40.462],[144.942,-40.462],[144.942,-40.462]]],[[[144.919,-40.478],[144.919,-40.478],[144.919,-40.477],[144.919,-40.478]]],[[[144.936,-40.469],[144.936,-40.469],[144.936,-40.469],[144.936,-40.469]]],[[[144.918,-40.478],[144.919,-40.478],[144.918,-40.478],[144.918,-40.478]]],[[[144.905,-40.482],[144.906,-40.482],[144.905,-40.482],[144.905,-40.482]]],[[[145.294,-42.19],[145.301,-42.187],[145.295,-42.185],[145.294,-42.19]]],[[[145.3,-42.181],[145.298,-42.182],[145.301,-42.182],[145.3,-42.181]]],[[[145.285,-42.187],[145.286,-42.188],[145.287,-42.187],[145.285,-42.187]]],[[[145.301,-42.181],[145.302,-42.181],[145.3,-42.181],[145.301,-42.181]]],[[[145.178,-42.208],[145.177,-42.209],[145.178,-42.209],[145.178,-42.208]]],[[[145.36,-42.194],[145.358,-42.194],[145.359,-42.195],[145.36,-42.194]]],[[[145.216,-42.211],[145.216,-42.21],[145.215,-42.211],[145.216,-42.211]]],[[[145.166,-42.195],[145.166,-42.196],[145.166,-42.196],[145.166,-42.195]]],[[[145.18,-42.209],[145.181,-42.21],[145.181,-42.209],[145.18,-42.209]]],[[[145.182,-42.22],[145.183,-42.219],[145.182,-42.219],[145.182,-42.22]]],[[[145.187,-42.211],[145.188,-42.211],[145.188,-42.21],[145.187,-42.211]]],[[[145.29,-42.185],[145.291,-42.185],[145.29,-42.184],[145.29,-42.185]]],[[[145.222,-42.224],[145.222,-42.223],[145.222,-42.224],[145.222,-42.224]]],[[[145.295,-42.182],[145.295,-42.183],[145.295,-42.182],[145.295,-42.182]]],[[[145.192,-42.23],[145.192,-42.231],[145.192,-42.23],[145.192,-42.23]]],[[[145.289,-42.215],[145.288,-42.215],[145.289,-42.215],[145.289,-42.215]]],[[[145.188,-42.224],[145.188,-42.224],[145.188,-42.224],[145.188,-42.224]]],[[[145.223,-42.224],[145.223,-42.225],[145.223,-42.225],[145.223,-42.224]]],[[[145.201,-42.2],[145.201,-42.2],[145.201,-42.199],[145.201,-42.2]]],[[[145.194,-42.196],[145.195,-42.196],[145.195,-42.196],[145.194,-42.196]]],[[[145.074,-41.857],[145.075,-41.857],[145.074,-41.856],[145.074,-41.857]]],[[[145.107,-41.878],[145.107,-41.879],[145.107,-41.878],[145.107,-41.878]]],[[[145.096,-41.873],[145.096,-41.873],[145.096,-41.873],[145.096,-41.873]]],[[[145.068,-41.842],[145.068,-41.842],[145.069,-41.842],[145.068,-41.842]]],[[[145.068,-41.844],[145.068,-41.844],[145.068,-41.844],[145.068,-41.844]]],[[[144.936,-41.726],[144.938,-41.725],[144.935,-41.725],[144.936,-41.726]]],[[[144.934,-41.726],[144.935,-41.726],[144.934,-41.725],[144.934,-41.726]]],[[[144.945,-41.719],[144.945,-41.719],[144.945,-41.719],[144.945,-41.719]]],[[[144.937,-41.726],[144.936,-41.726],[144.936,-41.726],[144.937,-41.726]]],[[[144.788,-41.453],[144.789,-41.453],[144.788,-41.452],[144.788,-41.453]]],[[[144.789,-41.452],[144.789,-41.452],[144.788,-41.452],[144.789,-41.452]]],[[[144.79,-41.454],[144.79,-41.454],[144.79,-41.454],[144.79,-41.454]]],[[[144.789,-41.454],[144.789,-41.454],[144.789,-41.453],[144.789,-41.454]]],[[[144.797,-41.469],[144.797,-41.468],[144.797,-41.468],[144.797,-41.469]]],[[[144.795,-41.464],[144.795,-41.464],[144.794,-41.464],[144.795,-41.464]]],[[[144.792,-41.462],[144.793,-41.462],[144.792,-41.462],[144.792,-41.462]]],[[[144.796,-41.466],[144.796,-41.466],[144.796,-41.466],[144.796,-41.466]]],[[[144.793,-41.459],[144.793,-41.459],[144.793,-41.459],[144.793,-41.459]]],[[[144.794,-41.465],[144.794,-41.464],[144.794,-41.465],[144.794,-41.465]]],[[[144.792,-41.465],[144.792,-41.465],[144.792,-41.465],[144.792,-41.465]]],[[[144.793,-41.457],[144.793,-41.457],[144.793,-41.457],[144.793,-41.457]]],[[[144.795,-41.465],[144.796,-41.465],[144.795,-41.465],[144.795,-41.465]]],[[[144.793,-41.458],[144.793,-41.458],[144.792,-41.458],[144.793,-41.458]]],[[[144.788,-41.452],[144.788,-41.452],[144.788,-41.452],[144.788,-41.452]]],[[[144.796,-41.465],[144.796,-41.465],[144.796,-41.465],[144.796,-41.465]]],[[[144.793,-41.46],[144.793,-41.46],[144.793,-41.46],[144.793,-41.46]]],[[[144.794,-41.463],[144.794,-41.463],[144.794,-41.463],[144.794,-41.463]]],[[[144.793,-41.457],[144.793,-41.457],[144.793,-41.457],[144.793,-41.457]]],[[[144.789,-41.453],[144.789,-41.453],[144.789,-41.453],[144.789,-41.453]]],[[[144.797,-41.466],[144.797,-41.466],[144.797,-41.466],[144.797,-41.466]]],[[[144.789,-41.452],[144.789,-41.452],[144.788,-41.452],[144.789,-41.452]]],[[[144.788,-41.45],[144.788,-41.45],[144.788,-41.45],[144.788,-41.45]]],[[[144.793,-41.464],[144.794,-41.464],[144.793,-41.464],[144.793,-41.464]]],[[[144.793,-41.458],[144.793,-41.458],[144.793,-41.458],[144.793,-41.458]]],[[[144.925,-40.748],[144.91,-40.75],[144.92,-40.752],[144.925,-40.748]]],[[[145.017,-40.763],[145.018,-40.765],[145.02,-40.761],[145.017,-40.763]]],[[[144.944,-40.752],[144.945,-40.751],[144.944,-40.751],[144.944,-40.752]]],[[[144.947,-40.752],[144.947,-40.752],[144.947,-40.752],[144.947,-40.752]]],[[[145.033,-41.815],[145.034,-41.815],[145.034,-41.815],[145.033,-41.815]]],[[[145.034,-41.814],[145.034,-41.814],[145.034,-41.814],[145.034,-41.814]]],[[[145.538,-40.89],[145.537,-40.89],[145.539,-40.891],[145.538,-40.89]]],[[[145.521,-40.878],[145.521,-40.878],[145.521,-40.878],[145.521,-40.878]]],[[[145.516,-40.869],[145.517,-40.869],[145.516,-40.869],[145.516,-40.869]]],[[[145.517,-40.869],[145.517,-40.869],[145.517,-40.869],[145.517,-40.869]]],[[[145.043,-40.757],[145.047,-40.783],[145.104,-40.795],[145.043,-40.757]]],[[[145.102,-40.812],[145.102,-40.812],[145.103,-40.811],[145.102,-40.812]]],[[[144.908,-40.393],[144.908,-40.392],[144.907,-40.393],[144.908,-40.393]]],[[[144.948,-40.394],[144.949,-40.393],[144.948,-40.394],[144.948,-40.394]]],[[[144.918,-40.394],[144.918,-40.394],[144.917,-40.394],[144.918,-40.394]]],[[[144.961,-40.399],[144.961,-40.4],[144.961,-40.399],[144.961,-40.399]]],[[[144.953,-40.391],[144.953,-40.391],[144.953,-40.391],[144.953,-40.391]]],[[[144.949,-40.393],[144.949,-40.393],[144.949,-40.393],[144.949,-40.393]]],[[[144.923,-40.394],[144.923,-40.394],[144.923,-40.393],[144.923,-40.394]]],[[[144.937,-40.396],[144.937,-40.396],[144.938,-40.396],[144.937,-40.396]]],[[[144.96,-40.4],[144.96,-40.4],[144.96,-40.4],[144.96,-40.4]]],[[[144.961,-40.398],[144.961,-40.397],[144.961,-40.397],[144.961,-40.398]]],[[[144.961,-40.4],[144.961,-40.4],[144.961,-40.4],[144.961,-40.4]]],[[[144.959,-40.399],[144.959,-40.399],[144.959,-40.399],[144.959,-40.399]]],[[[144.949,-40.393],[144.949,-40.393],[144.949,-40.393],[144.949,-40.393]]],[[[144.938,-40.397],[144.938,-40.397],[144.938,-40.397],[144.938,-40.397]]],[[[144.947,-40.392],[144.948,-40.392],[144.947,-40.392],[144.947,-40.392]]],[[[144.962,-40.398],[144.962,-40.398],[144.962,-40.398],[144.962,-40.398]]],[[[144.938,-40.396],[144.938,-40.396],[144.938,-40.396],[144.938,-40.396]]],[[[144.962,-40.398],[144.962,-40.398],[144.962,-40.398],[144.962,-40.398]]],[[[144.812,-41.49],[144.814,-41.489],[144.813,-41.489],[144.812,-41.49]]],[[[145.046,-41.607],[145.046,-41.607],[145.047,-41.606],[145.046,-41.607]]],[[[144.892,-41.601],[144.892,-41.601],[144.891,-41.6],[144.892,-41.601]]],[[[144.892,-41.602],[144.892,-41.601],[144.892,-41.602],[144.892,-41.602]]],[[[144.896,-41.609],[144.897,-41.609],[144.896,-41.609],[144.896,-41.609]]],[[[144.818,-41.496],[144.819,-41.496],[144.819,-41.496],[144.818,-41.496]]],[[[144.815,-41.493],[144.816,-41.493],[144.815,-41.493],[144.815,-41.493]]],[[[144.814,-41.492],[144.814,-41.492],[144.814,-41.491],[144.814,-41.492]]],[[[144.816,-41.494],[144.817,-41.494],[144.817,-41.493],[144.816,-41.494]]],[[[144.798,-41.47],[144.799,-41.47],[144.798,-41.469],[144.798,-41.47]]],[[[144.899,-41.616],[144.899,-41.616],[144.899,-41.616],[144.899,-41.616]]],[[[144.814,-41.491],[144.815,-41.491],[144.815,-41.491],[144.814,-41.491]]],[[[144.894,-41.604],[144.894,-41.604],[144.894,-41.604],[144.894,-41.604]]],[[[144.885,-41.589],[144.886,-41.589],[144.885,-41.588],[144.885,-41.589]]],[[[144.811,-41.489],[144.812,-41.489],[144.811,-41.489],[144.811,-41.489]]],[[[144.885,-41.589],[144.886,-41.589],[144.885,-41.589],[144.885,-41.589]]],[[[144.813,-41.493],[144.814,-41.492],[144.813,-41.492],[144.813,-41.493]]],[[[144.813,-41.488],[144.812,-41.488],[144.813,-41.488],[144.813,-41.488]]],[[[144.895,-41.607],[144.895,-41.607],[144.895,-41.607],[144.895,-41.607]]],[[[144.825,-41.503],[144.825,-41.502],[144.825,-41.503],[144.825,-41.503]]],[[[144.889,-41.594],[144.889,-41.594],[144.889,-41.593],[144.889,-41.594]]],[[[144.812,-41.488],[144.812,-41.488],[144.812,-41.488],[144.812,-41.488]]],[[[144.834,-41.509],[144.835,-41.508],[144.835,-41.508],[144.834,-41.509]]],[[[144.818,-41.495],[144.818,-41.495],[144.818,-41.495],[144.818,-41.495]]],[[[144.82,-41.498],[144.82,-41.498],[144.82,-41.498],[144.82,-41.498]]],[[[144.89,-41.598],[144.89,-41.598],[144.89,-41.597],[144.89,-41.598]]],[[[144.891,-41.601],[144.891,-41.601],[144.891,-41.601],[144.891,-41.601]]],[[[144.889,-41.594],[144.89,-41.593],[144.889,-41.594],[144.889,-41.594]]],[[[144.883,-41.582],[144.883,-41.581],[144.883,-41.581],[144.883,-41.582]]],[[[144.798,-41.469],[144.798,-41.469],[144.798,-41.469],[144.798,-41.469]]],[[[144.894,-41.605],[144.894,-41.605],[144.894,-41.605],[144.894,-41.605]]],[[[144.812,-41.489],[144.812,-41.489],[144.812,-41.489],[144.812,-41.489]]],[[[144.811,-41.49],[144.812,-41.49],[144.811,-41.49],[144.811,-41.49]]],[[[144.803,-41.475],[144.804,-41.475],[144.803,-41.475],[144.803,-41.475]]],[[[144.893,-41.603],[144.893,-41.603],[144.893,-41.603],[144.893,-41.603]]],[[[144.804,-41.476],[144.804,-41.475],[144.804,-41.476],[144.804,-41.476]]],[[[144.821,-41.501],[144.821,-41.501],[144.821,-41.5],[144.821,-41.501]]],[[[144.816,-41.493],[144.816,-41.492],[144.816,-41.493],[144.816,-41.493]]],[[[144.889,-41.593],[144.889,-41.593],[144.889,-41.593],[144.889,-41.593]]],[[[144.829,-41.506],[144.829,-41.506],[144.829,-41.506],[144.829,-41.506]]],[[[144.9,-41.616],[144.9,-41.616],[144.899,-41.616],[144.9,-41.616]]],[[[144.814,-41.49],[144.813,-41.491],[144.813,-41.491],[144.814,-41.49]]],[[[144.818,-41.496],[144.818,-41.496],[144.818,-41.496],[144.818,-41.496]]],[[[144.885,-41.587],[144.885,-41.587],[144.885,-41.587],[144.885,-41.587]]],[[[144.822,-41.502],[144.822,-41.502],[144.822,-41.502],[144.822,-41.502]]],[[[144.798,-41.469],[144.798,-41.468],[144.798,-41.468],[144.798,-41.469]]],[[[144.799,-41.474],[144.799,-41.474],[144.799,-41.474],[144.799,-41.474]]],[[[144.889,-41.595],[144.889,-41.595],[144.889,-41.595],[144.889,-41.595]]],[[[144.805,-41.478],[144.806,-41.478],[144.805,-41.478],[144.805,-41.478]]],[[[144.82,-41.498],[144.82,-41.498],[144.82,-41.498],[144.82,-41.498]]],[[[144.818,-41.496],[144.819,-41.496],[144.818,-41.496],[144.818,-41.496]]],[[[144.896,-41.608],[144.896,-41.608],[144.896,-41.608],[144.896,-41.608]]],[[[144.814,-41.491],[144.815,-41.491],[144.814,-41.491],[144.814,-41.491]]],[[[144.815,-41.494],[144.815,-41.494],[144.815,-41.494],[144.815,-41.494]]],[[[144.889,-41.594],[144.889,-41.593],[144.889,-41.593],[144.889,-41.594]]],[[[144.891,-41.599],[144.891,-41.598],[144.89,-41.598],[144.891,-41.599]]],[[[144.888,-41.592],[144.889,-41.592],[144.889,-41.592],[144.888,-41.592]]],[[[144.814,-41.493],[144.814,-41.493],[144.814,-41.492],[144.814,-41.493]]],[[[144.818,-41.495],[144.818,-41.495],[144.818,-41.495],[144.818,-41.495]]],[[[144.804,-41.475],[144.804,-41.475],[144.804,-41.475],[144.804,-41.475]]],[[[144.891,-41.598],[144.891,-41.598],[144.891,-41.598],[144.891,-41.598]]],[[[144.805,-41.478],[144.805,-41.478],[144.805,-41.478],[144.805,-41.478]]],[[[144.797,-41.469],[144.798,-41.469],[144.797,-41.469],[144.797,-41.469]]],[[[144.891,-41.6],[144.891,-41.6],[144.891,-41.6],[144.891,-41.6]]],[[[144.811,-41.485],[144.81,-41.485],[144.81,-41.485],[144.811,-41.485]]],[[[144.819,-41.498],[144.819,-41.498],[144.819,-41.498],[144.819,-41.498]]],[[[144.803,-41.476],[144.804,-41.476],[144.804,-41.476],[144.803,-41.476]]],[[[144.89,-41.597],[144.891,-41.597],[144.891,-41.597],[144.89,-41.597]]],[[[144.893,-41.603],[144.893,-41.603],[144.893,-41.603],[144.893,-41.603]]],[[[144.891,-41.597],[144.891,-41.597],[144.891,-41.597],[144.891,-41.597]]],[[[144.803,-41.474],[144.804,-41.474],[144.803,-41.474],[144.803,-41.474]]],[[[144.799,-41.473],[144.799,-41.473],[144.799,-41.472],[144.799,-41.473]]],[[[144.798,-41.474],[144.798,-41.473],[144.798,-41.473],[144.798,-41.474]]],[[[144.884,-41.584],[144.884,-41.583],[144.884,-41.583],[144.884,-41.584]]],[[[144.894,-41.606],[144.894,-41.605],[144.894,-41.605],[144.894,-41.606]]],[[[144.885,-41.588],[144.885,-41.587],[144.885,-41.588],[144.885,-41.588]]],[[[144.812,-41.487],[144.812,-41.486],[144.812,-41.486],[144.812,-41.487]]],[[[144.82,-41.5],[144.82,-41.5],[144.82,-41.5],[144.82,-41.5]]],[[[144.889,-41.596],[144.889,-41.596],[144.889,-41.596],[144.889,-41.596]]],[[[144.825,-41.502],[144.825,-41.502],[144.825,-41.502],[144.825,-41.502]]],[[[144.885,-41.586],[144.885,-41.586],[144.885,-41.586],[144.885,-41.586]]],[[[144.892,-41.602],[144.892,-41.601],[144.891,-41.601],[144.892,-41.602]]],[[[144.889,-41.593],[144.889,-41.592],[144.889,-41.592],[144.889,-41.593]]],[[[144.896,-41.607],[144.895,-41.607],[144.895,-41.607],[144.896,-41.607]]],[[[144.891,-41.596],[144.891,-41.596],[144.891,-41.596],[144.891,-41.596]]],[[[144.814,-41.491],[144.814,-41.49],[144.814,-41.49],[144.814,-41.491]]],[[[144.804,-41.475],[144.804,-41.474],[144.804,-41.474],[144.804,-41.475]]],[[[144.826,-41.503],[144.826,-41.503],[144.826,-41.503],[144.826,-41.503]]],[[[144.895,-41.608],[144.895,-41.608],[144.895,-41.608],[144.895,-41.608]]],[[[144.813,-41.491],[144.813,-41.491],[144.813,-41.491],[144.813,-41.491]]],[[[144.824,-41.502],[144.824,-41.502],[144.824,-41.502],[144.824,-41.502]]],[[[144.798,-41.473],[144.798,-41.473],[144.797,-41.473],[144.798,-41.473]]],[[[144.894,-41.604],[144.894,-41.604],[144.894,-41.604],[144.894,-41.604]]],[[[144.889,-41.595],[144.889,-41.595],[144.889,-41.595],[144.889,-41.595]]],[[[144.816,-41.494],[144.816,-41.494],[144.816,-41.494],[144.816,-41.494]]],[[[144.799,-41.473],[144.799,-41.473],[144.799,-41.473],[144.799,-41.473]]],[[[144.821,-41.497],[144.821,-41.497],[144.821,-41.497],[144.821,-41.497]]],[[[144.87,-41.562],[144.87,-41.562],[144.87,-41.562],[144.87,-41.562]]],[[[144.814,-41.49],[144.814,-41.49],[144.814,-41.49],[144.814,-41.49]]],[[[144.821,-41.498],[144.821,-41.498],[144.821,-41.498],[144.821,-41.498]]],[[[144.804,-41.475],[144.804,-41.475],[144.803,-41.475],[144.804,-41.475]]],[[[144.812,-41.486],[144.812,-41.486],[144.812,-41.486],[144.812,-41.486]]],[[[144.806,-41.478],[144.807,-41.478],[144.806,-41.478],[144.806,-41.478]]],[[[144.804,-41.475],[144.804,-41.475],[144.803,-41.475],[144.804,-41.475]]],[[[144.8,-41.473],[144.8,-41.473],[144.799,-41.473],[144.8,-41.473]]],[[[144.898,-41.612],[144.898,-41.612],[144.898,-41.612],[144.898,-41.612]]],[[[144.825,-41.502],[144.825,-41.502],[144.825,-41.502],[144.825,-41.502]]],[[[144.826,-41.503],[144.826,-41.503],[144.826,-41.503],[144.826,-41.503]]],[[[144.804,-41.477],[144.804,-41.477],[144.803,-41.477],[144.804,-41.477]]],[[[144.825,-41.502],[144.825,-41.502],[144.825,-41.502],[144.825,-41.502]]],[[[144.808,-41.484],[144.808,-41.484],[144.808,-41.484],[144.808,-41.484]]],[[[144.815,-41.491],[144.815,-41.491],[144.815,-41.491],[144.815,-41.491]]],[[[144.814,-41.492],[144.814,-41.492],[144.814,-41.492],[144.814,-41.492]]],[[[144.82,-41.5],[144.82,-41.5],[144.82,-41.5],[144.82,-41.5]]],[[[144.811,-41.49],[144.811,-41.49],[144.811,-41.49],[144.811,-41.49]]],[[[144.804,-41.474],[144.804,-41.474],[144.803,-41.474],[144.804,-41.474]]],[[[144.808,-41.484],[144.808,-41.484],[144.808,-41.484],[144.808,-41.484]]],[[[144.821,-41.501],[144.822,-41.501],[144.822,-41.501],[144.821,-41.501]]],[[[144.804,-41.474],[144.804,-41.474],[144.804,-41.474],[144.804,-41.474]]],[[[144.822,-41.501],[144.822,-41.501],[144.822,-41.501],[144.822,-41.501]]],[[[144.98,-40.731],[144.978,-40.734],[144.979,-40.736],[144.98,-40.731]]],[[[144.963,-40.714],[144.964,-40.714],[144.965,-40.713],[144.963,-40.714]]],[[[144.965,-40.713],[144.965,-40.713],[144.965,-40.714],[144.965,-40.713]]],[[[145.038,-40.715],[145.039,-40.714],[145.038,-40.715],[145.038,-40.715]]],[[[144.979,-40.737],[144.979,-40.737],[144.979,-40.738],[144.979,-40.737]]],[[[144.977,-40.727],[144.977,-40.727],[144.977,-40.727],[144.977,-40.727]]],[[[145.037,-40.715],[145.037,-40.714],[145.037,-40.715],[145.037,-40.715]]],[[[144.979,-40.729],[144.979,-40.729],[144.979,-40.729],[144.979,-40.729]]],[[[144.98,-40.728],[144.98,-40.728],[144.98,-40.728],[144.98,-40.728]]],[[[144.982,-40.728],[144.982,-40.728],[144.982,-40.728],[144.982,-40.728]]],[[[144.985,-40.715],[144.985,-40.715],[144.985,-40.715],[144.985,-40.715]]],[[[144.9,-41.617],[144.9,-41.619],[144.901,-41.617],[144.9,-41.617]]],[[[144.9,-41.637],[144.9,-41.636],[144.899,-41.636],[144.9,-41.637]]],[[[144.899,-41.637],[144.899,-41.636],[144.898,-41.636],[144.899,-41.637]]],[[[144.922,-41.666],[144.923,-41.665],[144.922,-41.665],[144.922,-41.666]]],[[[144.914,-41.708],[144.915,-41.707],[144.915,-41.707],[144.914,-41.708]]],[[[144.916,-41.665],[144.916,-41.666],[144.917,-41.665],[144.916,-41.665]]],[[[144.903,-41.642],[144.904,-41.641],[144.903,-41.641],[144.903,-41.642]]],[[[144.899,-41.618],[144.899,-41.618],[144.899,-41.617],[144.899,-41.618]]],[[[144.912,-41.659],[144.913,-41.659],[144.912,-41.659],[144.912,-41.659]]],[[[144.917,-41.669],[144.918,-41.668],[144.917,-41.668],[144.917,-41.669]]],[[[144.917,-41.665],[144.917,-41.664],[144.917,-41.665],[144.917,-41.665]]],[[[144.902,-41.624],[144.903,-41.624],[144.903,-41.623],[144.902,-41.624]]],[[[144.904,-41.648],[144.904,-41.648],[144.904,-41.648],[144.904,-41.648]]],[[[144.9,-41.641],[144.9,-41.641],[144.9,-41.641],[144.9,-41.641]]],[[[144.917,-41.669],[144.917,-41.668],[144.917,-41.668],[144.917,-41.669]]],[[[144.912,-41.66],[144.912,-41.66],[144.912,-41.66],[144.912,-41.66]]],[[[144.905,-41.649],[144.905,-41.649],[144.904,-41.649],[144.905,-41.649]]],[[[144.905,-41.65],[144.905,-41.65],[144.904,-41.649],[144.905,-41.65]]],[[[144.917,-41.665],[144.917,-41.665],[144.917,-41.665],[144.917,-41.665]]],[[[144.907,-41.654],[144.907,-41.654],[144.907,-41.654],[144.907,-41.654]]],[[[144.918,-41.668],[144.919,-41.668],[144.918,-41.668],[144.918,-41.668]]],[[[144.899,-41.641],[144.899,-41.641],[144.899,-41.641],[144.899,-41.641]]],[[[144.904,-41.646],[144.905,-41.646],[144.904,-41.646],[144.904,-41.646]]],[[[144.899,-41.638],[144.899,-41.638],[144.899,-41.638],[144.899,-41.638]]],[[[144.899,-41.618],[144.899,-41.618],[144.899,-41.618],[144.899,-41.618]]],[[[144.905,-41.651],[144.905,-41.651],[144.905,-41.651],[144.905,-41.651]]],[[[144.904,-41.625],[144.904,-41.625],[144.904,-41.625],[144.904,-41.625]]],[[[144.918,-41.669],[144.918,-41.668],[144.918,-41.669],[144.918,-41.669]]],[[[144.914,-41.662],[144.915,-41.662],[144.914,-41.662],[144.914,-41.662]]],[[[144.914,-41.662],[144.915,-41.662],[144.914,-41.662],[144.914,-41.662]]],[[[145.297,-40.849],[145.298,-40.849],[145.299,-40.849],[145.297,-40.849]]],[[[145.303,-40.847],[145.305,-40.847],[145.304,-40.847],[145.303,-40.847]]],[[[145.5,-40.854],[145.501,-40.854],[145.499,-40.853],[145.5,-40.854]]],[[[145.4,-40.853],[145.401,-40.853],[145.401,-40.853],[145.4,-40.853]]],[[[145.435,-40.89],[145.436,-40.89],[145.436,-40.89],[145.435,-40.89]]],[[[145.31,-40.846],[145.31,-40.846],[145.31,-40.846],[145.31,-40.846]]],[[[145.783,-43.225],[145.788,-43.223],[145.784,-43.222],[145.783,-43.225]]],[[[145.818,-43.299],[145.82,-43.299],[145.816,-43.295],[145.818,-43.299]]],[[[145.812,-43.279],[145.815,-43.281],[145.814,-43.279],[145.812,-43.279]]],[[[145.918,-43.207],[145.921,-43.205],[145.919,-43.206],[145.918,-43.207]]],[[[145.811,-43.281],[145.81,-43.28],[145.811,-43.282],[145.811,-43.281]]],[[[145.912,-43.197],[145.913,-43.197],[145.913,-43.196],[145.912,-43.197]]],[[[145.808,-43.304],[145.808,-43.304],[145.808,-43.305],[145.808,-43.304]]],[[[145.807,-43.305],[145.806,-43.305],[145.806,-43.305],[145.807,-43.305]]],[[[146.139,-41.135],[146.138,-41.135],[146.139,-41.136],[146.139,-41.135]]],[[[146.128,-41.125],[146.129,-41.124],[146.128,-41.124],[146.128,-41.125]]],[[[146.128,-41.12],[146.128,-41.12],[146.127,-41.12],[146.128,-41.12]]],[[[146.121,-41.121],[146.121,-41.12],[146.121,-41.12],[146.121,-41.121]]],[[[146.128,-41.122],[146.128,-41.122],[146.128,-41.121],[146.128,-41.122]]],[[[146.12,-41.12],[146.12,-41.12],[146.12,-41.12],[146.12,-41.12]]],[[[146.127,-41.128],[146.127,-41.128],[146.127,-41.128],[146.127,-41.128]]],[[[146.115,-41.121],[146.115,-41.121],[146.115,-41.12],[146.115,-41.121]]],[[[146.122,-41.122],[146.122,-41.122],[146.122,-41.122],[146.122,-41.122]]],[[[146.126,-41.124],[146.126,-41.124],[146.126,-41.124],[146.126,-41.124]]],[[[146.359,-41.206],[146.358,-41.207],[146.359,-41.208],[146.359,-41.206]]],[[[146.36,-41.207],[146.36,-41.208],[146.361,-41.206],[146.36,-41.207]]],[[[146.361,-41.208],[146.363,-41.207],[146.362,-41.207],[146.361,-41.208]]],[[[146.358,-41.204],[146.359,-41.204],[146.359,-41.204],[146.358,-41.204]]],[[[146.249,-41.168],[146.248,-41.168],[146.248,-41.169],[146.249,-41.168]]],[[[146.248,-41.169],[146.248,-41.168],[146.248,-41.168],[146.248,-41.169]]],[[[146.374,-41.226],[146.38,-41.226],[146.379,-41.222],[146.374,-41.226]]],[[[146.389,-41.225],[146.389,-41.225],[146.389,-41.225],[146.389,-41.225]]],[[[146.389,-41.227],[146.389,-41.227],[146.389,-41.227],[146.389,-41.227]]],[[[146.331,-41.162],[146.333,-41.162],[146.331,-41.161],[146.331,-41.162]]],[[[146.313,-41.156],[146.313,-41.155],[146.313,-41.155],[146.313,-41.156]]],[[[146.251,-41.174],[146.251,-41.175],[146.253,-41.173],[146.251,-41.174]]],[[[146.323,-41.177],[146.324,-41.176],[146.323,-41.176],[146.323,-41.177]]],[[[146.251,-41.172],[146.251,-41.173],[146.251,-41.172],[146.251,-41.172]]],[[[146.252,-41.172],[146.253,-41.172],[146.253,-41.171],[146.252,-41.172]]],[[[146.252,-41.175],[146.253,-41.175],[146.252,-41.175],[146.252,-41.175]]],[[[146.246,-41.174],[146.247,-41.174],[146.246,-41.174],[146.246,-41.174]]],[[[146.251,-41.173],[146.252,-41.173],[146.252,-41.173],[146.251,-41.173]]],[[[146.252,-41.173],[146.252,-41.172],[146.252,-41.172],[146.252,-41.173]]],[[[146.546,-41.125],[146.549,-41.124],[146.547,-41.124],[146.546,-41.125]]],[[[146.584,-41.202],[146.585,-41.202],[146.585,-41.202],[146.584,-41.202]]],[[[146.574,-41.212],[146.579,-41.207],[146.574,-41.209],[146.574,-41.212]]],[[[146.565,-41.238],[146.569,-41.236],[146.566,-41.235],[146.565,-41.238]]],[[[146.571,-41.236],[146.573,-41.237],[146.575,-41.235],[146.571,-41.236]]],[[[146.604,-41.257],[146.605,-41.258],[146.605,-41.256],[146.604,-41.257]]],[[[146.596,-41.247],[146.597,-41.248],[146.597,-41.247],[146.596,-41.247]]],[[[146.565,-41.244],[146.566,-41.245],[146.566,-41.244],[146.565,-41.244]]],[[[146.597,-41.246],[146.597,-41.246],[146.597,-41.246],[146.597,-41.246]]],[[[146.547,-41.133],[146.547,-41.133],[146.547,-41.133],[146.547,-41.133]]],[[[146.572,-41.171],[146.573,-41.168],[146.569,-41.17],[146.572,-41.171]],[[146.568,-41.175],[146.563,-41.173],[146.57,-41.175],[146.568,-41.175]]],[[[146.567,-41.171],[146.569,-41.171],[146.567,-41.17],[146.567,-41.171]]],[[[146.554,-41.151],[146.556,-41.151],[146.555,-41.149],[146.554,-41.151]]],[[[146.57,-41.177],[146.569,-41.177],[146.569,-41.178],[146.57,-41.177]]],[[[146.555,-41.153],[146.555,-41.153],[146.555,-41.154],[146.555,-41.153]]],[[[146.592,-41.166],[146.593,-41.166],[146.592,-41.166],[146.592,-41.166]]],[[[146.566,-41.171],[146.567,-41.171],[146.566,-41.171],[146.566,-41.171]]],[[[146.592,-41.159],[146.593,-41.159],[146.593,-41.159],[146.592,-41.159]]],[[[144.737,-40.624],[144.737,-40.624],[144.738,-40.623],[144.737,-40.624]]],[[[144.737,-40.619],[144.738,-40.62],[144.74,-40.619],[144.737,-40.619]]],[[[144.738,-40.618],[144.738,-40.617],[144.738,-40.618],[144.738,-40.618]]],[[[144.738,-40.617],[144.738,-40.617],[144.738,-40.617],[144.738,-40.617]]],[[[144.811,-40.578],[144.811,-40.578],[144.811,-40.578],[144.811,-40.578]]],[[[144.811,-40.574],[144.81,-40.574],[144.811,-40.578],[144.811,-40.574]]],[[[144.783,-41.445],[144.783,-41.445],[144.783,-41.445],[144.783,-41.445]]],[[[144.727,-40.64],[144.726,-40.64],[144.727,-40.64],[144.727,-40.64]]],[[[144.735,-40.638],[144.735,-40.637],[144.735,-40.64],[144.735,-40.638]]],[[[144.684,-40.631],[144.688,-40.639],[144.698,-40.634],[144.684,-40.631]]],[[[144.736,-40.624],[144.736,-40.624],[144.737,-40.624],[144.736,-40.624]]],[[[144.722,-40.609],[144.723,-40.609],[144.722,-40.609],[144.722,-40.609]]],[[[144.707,-40.512],[144.707,-40.512],[144.707,-40.512],[144.707,-40.512]]],[[[144.707,-40.511],[144.707,-40.511],[144.707,-40.511],[144.707,-40.511]]],[[[144.708,-40.51],[144.708,-40.51],[144.708,-40.51],[144.708,-40.51]]],[[[144.706,-40.51],[144.706,-40.51],[144.706,-40.51],[144.706,-40.51]]],[[[144.706,-40.51],[144.706,-40.51],[144.706,-40.51],[144.706,-40.51]]],[[[144.704,-40.506],[144.705,-40.506],[144.705,-40.506],[144.704,-40.506]]],[[[144.704,-40.504],[144.704,-40.504],[144.704,-40.504],[144.704,-40.504]]],[[[144.71,-40.491],[144.711,-40.491],[144.71,-40.491],[144.71,-40.491]]],[[[144.709,-40.486],[144.709,-40.486],[144.709,-40.486],[144.709,-40.486]]],[[[144.735,-40.627],[144.735,-40.628],[144.736,-40.627],[144.735,-40.627]]],[[[144.735,-40.626],[144.735,-40.627],[144.735,-40.626],[144.735,-40.626]]],[[[144.735,-40.626],[144.735,-40.626],[144.735,-40.626],[144.735,-40.626]]],[[[144.705,-40.506],[144.709,-40.507],[144.705,-40.505],[144.705,-40.506]]],[[[144.705,-40.508],[144.705,-40.508],[144.705,-40.507],[144.705,-40.508]]],[[[144.782,-41.445],[144.782,-41.444],[144.782,-41.444],[144.782,-41.445]]],[[[144.765,-41.44],[144.765,-41.44],[144.765,-41.44],[144.765,-41.44]]],[[[144.707,-40.51],[144.708,-40.51],[144.708,-40.51],[144.707,-40.51]]],[[[144.707,-40.51],[144.707,-40.51],[144.707,-40.51],[144.707,-40.51]]],[[[144.711,-40.505],[144.71,-40.505],[144.711,-40.505],[144.711,-40.505]]],[[[144.765,-41.439],[144.765,-41.438],[144.765,-41.439],[144.765,-41.439]]],[[[144.766,-41.439],[144.766,-41.439],[144.766,-41.439],[144.766,-41.439]]],[[[144.765,-41.44],[144.765,-41.439],[144.765,-41.439],[144.765,-41.44]]],[[[144.764,-41.439],[144.764,-41.439],[144.764,-41.438],[144.764,-41.439]]],[[[144.711,-40.49],[144.71,-40.49],[144.711,-40.491],[144.711,-40.49]]],[[[144.742,-40.487],[144.742,-40.486],[144.742,-40.486],[144.742,-40.487]]],[[[144.711,-40.49],[144.711,-40.49],[144.711,-40.49],[144.711,-40.49]]],[[[144.709,-40.486],[144.709,-40.486],[144.709,-40.486],[144.709,-40.486]]],[[[144.838,-40.447],[144.838,-40.447],[144.838,-40.448],[144.838,-40.447]]],[[[144.766,-41.437],[144.766,-41.437],[144.766,-41.437],[144.766,-41.437]]],[[[144.764,-41.438],[144.764,-41.438],[144.764,-41.438],[144.764,-41.438]]],[[[144.765,-41.438],[144.765,-41.438],[144.765,-41.438],[144.765,-41.438]]],[[[144.765,-41.438],[144.765,-41.438],[144.765,-41.438],[144.765,-41.438]]],[[[144.71,-40.484],[144.709,-40.484],[144.71,-40.484],[144.71,-40.484]]],[[[144.726,-40.48],[144.726,-40.48],[144.726,-40.48],[144.726,-40.48]]],[[[144.767,-40.469],[144.766,-40.468],[144.766,-40.469],[144.767,-40.469]]],[[[144.766,-40.457],[144.767,-40.457],[144.766,-40.456],[144.766,-40.457]]],[[[144.766,-41.438],[144.766,-41.437],[144.765,-41.437],[144.766,-41.438]]],[[[144.766,-41.437],[144.766,-41.437],[144.766,-41.437],[144.766,-41.437]]],[[[144.765,-41.437],[144.765,-41.437],[144.765,-41.437],[144.765,-41.437]]],[[[144.764,-41.437],[144.764,-41.437],[144.764,-41.437],[144.764,-41.437]]],[[[144.765,-41.437],[144.765,-41.437],[144.765,-41.437],[144.765,-41.437]]],[[[144.764,-41.436],[144.764,-41.436],[144.764,-41.436],[144.764,-41.436]]],[[[144.765,-41.437],[144.765,-41.437],[144.764,-41.437],[144.765,-41.437]]],[[[144.765,-41.438],[144.765,-41.438],[144.765,-41.437],[144.765,-41.438]]],[[[144.764,-41.438],[144.765,-41.438],[144.764,-41.437],[144.764,-41.438]]],[[[144.763,-41.436],[144.763,-41.436],[144.763,-41.436],[144.763,-41.436]]],[[[144.763,-41.436],[144.763,-41.436],[144.762,-41.436],[144.763,-41.436]]],[[[144.763,-41.436],[144.763,-41.436],[144.763,-41.436],[144.763,-41.436]]],[[[144.764,-41.436],[144.764,-41.436],[144.764,-41.436],[144.764,-41.436]]],[[[144.763,-41.436],[144.763,-41.436],[144.763,-41.436],[144.763,-41.436]]],[[[144.762,-41.436],[144.762,-41.436],[144.762,-41.436],[144.762,-41.436]]],[[[144.765,-41.437],[144.765,-41.437],[144.765,-41.437],[144.765,-41.437]]],[[[144.764,-41.437],[144.764,-41.437],[144.764,-41.437],[144.764,-41.437]]],[[[144.764,-41.437],[144.764,-41.437],[144.764,-41.437],[144.764,-41.437]]],[[[144.762,-41.437],[144.762,-41.437],[144.762,-41.437],[144.762,-41.437]]],[[[144.764,-41.436],[144.764,-41.436],[144.764,-41.436],[144.764,-41.436]]],[[[144.721,-40.609],[144.721,-40.609],[144.721,-40.609],[144.721,-40.609]]],[[[144.789,-40.51],[144.789,-40.51],[144.789,-40.51],[144.789,-40.51]]],[[[144.726,-40.545],[144.726,-40.544],[144.726,-40.544],[144.726,-40.545]]],[[[144.72,-40.526],[144.72,-40.526],[144.72,-40.526],[144.72,-40.526]]],[[[144.728,-40.546],[144.728,-40.545],[144.728,-40.545],[144.728,-40.546]]],[[[144.726,-40.537],[144.726,-40.537],[144.726,-40.537],[144.726,-40.537]]],[[[144.727,-40.542],[144.727,-40.541],[144.727,-40.541],[144.727,-40.542]]],[[[144.762,-41.433],[144.763,-41.433],[144.763,-41.432],[144.762,-41.433]]],[[[144.753,-41.426],[144.753,-41.425],[144.752,-41.425],[144.753,-41.426]]],[[[144.762,-41.434],[144.762,-41.434],[144.762,-41.434],[144.762,-41.434]]],[[[144.763,-41.435],[144.764,-41.435],[144.764,-41.434],[144.763,-41.435]]],[[[144.761,-41.43],[144.761,-41.43],[144.76,-41.43],[144.761,-41.43]]],[[[144.76,-41.429],[144.76,-41.429],[144.76,-41.429],[144.76,-41.429]]],[[[144.751,-41.424],[144.752,-41.425],[144.751,-41.424],[144.751,-41.424]]],[[[144.76,-41.43],[144.76,-41.43],[144.759,-41.43],[144.76,-41.43]]],[[[144.755,-41.426],[144.755,-41.426],[144.755,-41.426],[144.755,-41.426]]],[[[144.763,-41.434],[144.763,-41.434],[144.762,-41.434],[144.763,-41.434]]],[[[144.763,-41.431],[144.763,-41.432],[144.763,-41.431],[144.763,-41.431]]],[[[144.756,-41.426],[144.756,-41.426],[144.756,-41.426],[144.756,-41.426]]],[[[144.759,-41.429],[144.759,-41.429],[144.759,-41.429],[144.759,-41.429]]],[[[144.763,-41.434],[144.763,-41.434],[144.763,-41.434],[144.763,-41.434]]],[[[144.762,-41.433],[144.762,-41.432],[144.762,-41.433],[144.762,-41.433]]],[[[144.752,-41.425],[144.752,-41.425],[144.752,-41.425],[144.752,-41.425]]],[[[144.759,-41.429],[144.759,-41.429],[144.759,-41.429],[144.759,-41.429]]],[[[144.762,-41.435],[144.762,-41.435],[144.762,-41.434],[144.762,-41.435]]],[[[144.758,-41.427],[144.759,-41.427],[144.759,-41.427],[144.758,-41.427]]],[[[144.753,-41.426],[144.753,-41.426],[144.753,-41.426],[144.753,-41.426]]],[[[144.751,-41.425],[144.751,-41.425],[144.751,-41.425],[144.751,-41.425]]],[[[144.76,-41.432],[144.76,-41.432],[144.76,-41.432],[144.76,-41.432]]],[[[144.762,-41.43],[144.762,-41.43],[144.761,-41.43],[144.762,-41.43]]],[[[144.762,-41.435],[144.762,-41.434],[144.762,-41.434],[144.762,-41.435]]],[[[144.752,-41.425],[144.752,-41.425],[144.752,-41.425],[144.752,-41.425]]],[[[144.752,-41.426],[144.753,-41.426],[144.752,-41.426],[144.752,-41.426]]],[[[144.753,-41.426],[144.753,-41.426],[144.753,-41.426],[144.753,-41.426]]],[[[144.762,-41.435],[144.762,-41.435],[144.762,-41.435],[144.762,-41.435]]],[[[144.761,-41.429],[144.761,-41.429],[144.761,-41.429],[144.761,-41.429]]],[[[144.753,-41.426],[144.753,-41.426],[144.753,-41.426],[144.753,-41.426]]],[[[144.763,-41.435],[144.763,-41.435],[144.763,-41.435],[144.763,-41.435]]],[[[144.774,-40.426],[144.774,-40.426],[144.774,-40.425],[144.774,-40.426]]],[[[144.839,-40.431],[144.838,-40.43],[144.839,-40.431],[144.839,-40.431]]],[[[144.778,-40.422],[144.779,-40.423],[144.778,-40.422],[144.778,-40.422]]],[[[144.778,-40.423],[144.778,-40.423],[144.779,-40.423],[144.778,-40.423]]],[[[144.784,-40.41],[144.784,-40.41],[144.784,-40.41],[144.784,-40.41]]],[[[144.773,-40.432],[144.773,-40.432],[144.773,-40.432],[144.773,-40.432]]],[[[144.771,-40.435],[144.771,-40.435],[144.771,-40.435],[144.771,-40.435]]],[[[144.774,-40.425],[144.774,-40.425],[144.774,-40.425],[144.774,-40.425]]],[[[144.789,-40.431],[144.789,-40.43],[144.789,-40.431],[144.789,-40.431]]],[[[144.782,-40.415],[144.782,-40.415],[144.782,-40.415],[144.782,-40.415]]],[[[144.771,-40.436],[144.771,-40.436],[144.771,-40.436],[144.771,-40.436]]],[[[144.772,-40.431],[144.773,-40.431],[144.773,-40.431],[144.772,-40.431]]],[[[144.88,-40.478],[144.88,-40.478],[144.88,-40.477],[144.88,-40.478]]],[[[144.778,-40.422],[144.778,-40.422],[144.778,-40.422],[144.778,-40.422]]],[[[144.77,-40.437],[144.77,-40.437],[144.77,-40.437],[144.77,-40.437]]],[[[144.771,-40.435],[144.771,-40.434],[144.771,-40.434],[144.771,-40.435]]],[[[144.782,-40.415],[144.782,-40.415],[144.782,-40.415],[144.782,-40.415]]],[[[144.767,-40.446],[144.767,-40.446],[144.767,-40.446],[144.767,-40.446]]],[[[144.77,-40.438],[144.77,-40.437],[144.77,-40.437],[144.77,-40.438]]],[[[144.783,-40.412],[144.783,-40.412],[144.783,-40.412],[144.783,-40.412]]],[[[144.767,-40.454],[144.767,-40.454],[144.767,-40.454],[144.767,-40.454]]],[[[144.782,-40.415],[144.782,-40.415],[144.782,-40.415],[144.782,-40.415]]],[[[144.77,-40.437],[144.77,-40.437],[144.77,-40.437],[144.77,-40.437]]],[[[144.771,-40.433],[144.771,-40.433],[144.771,-40.433],[144.771,-40.433]]],[[[144.849,-40.432],[144.849,-40.432],[144.848,-40.432],[144.849,-40.432]]],[[[144.79,-40.425],[144.791,-40.425],[144.79,-40.425],[144.79,-40.425]]],[[[144.779,-40.421],[144.779,-40.42],[144.779,-40.421],[144.779,-40.421]]],[[[144.789,-40.43],[144.789,-40.43],[144.789,-40.43],[144.789,-40.43]]],[[[144.77,-40.436],[144.77,-40.436],[144.77,-40.436],[144.77,-40.436]]],[[[144.772,-40.435],[144.772,-40.435],[144.772,-40.435],[144.772,-40.435]]],[[[144.792,-40.478],[144.792,-40.478],[144.792,-40.478],[144.792,-40.478]]],[[[144.773,-40.425],[144.773,-40.425],[144.773,-40.425],[144.773,-40.425]]],[[[144.73,-41.318],[144.731,-41.318],[144.73,-41.318],[144.73,-41.318]]],[[[144.733,-41.32],[144.733,-41.32],[144.734,-41.319],[144.733,-41.32]]],[[[144.732,-41.319],[144.732,-41.319],[144.732,-41.318],[144.732,-41.319]]],[[[144.755,-41.409],[144.756,-41.408],[144.756,-41.408],[144.755,-41.409]]],[[[144.738,-41.311],[144.739,-41.311],[144.738,-41.311],[144.738,-41.311]]],[[[144.741,-41.33],[144.742,-41.33],[144.741,-41.33],[144.741,-41.33]]],[[[144.756,-41.409],[144.756,-41.409],[144.755,-41.409],[144.756,-41.409]]],[[[144.731,-41.317],[144.732,-41.317],[144.731,-41.317],[144.731,-41.317]]],[[[144.731,-41.318],[144.731,-41.318],[144.731,-41.317],[144.731,-41.318]]],[[[144.754,-41.411],[144.754,-41.411],[144.754,-41.411],[144.754,-41.411]]],[[[144.745,-41.421],[144.746,-41.421],[144.745,-41.421],[144.745,-41.421]]],[[[144.732,-41.32],[144.732,-41.319],[144.732,-41.319],[144.732,-41.32]]],[[[144.736,-41.327],[144.736,-41.326],[144.736,-41.326],[144.736,-41.327]]],[[[144.735,-41.325],[144.736,-41.325],[144.736,-41.324],[144.735,-41.325]]],[[[144.745,-41.419],[144.746,-41.419],[144.746,-41.419],[144.745,-41.419]]],[[[144.731,-41.321],[144.731,-41.321],[144.731,-41.32],[144.731,-41.321]]],[[[144.748,-41.334],[144.748,-41.333],[144.748,-41.333],[144.748,-41.334]]],[[[144.739,-41.328],[144.74,-41.328],[144.739,-41.328],[144.739,-41.328]]],[[[144.746,-41.333],[144.747,-41.333],[144.747,-41.332],[144.746,-41.333]]],[[[144.756,-41.409],[144.757,-41.409],[144.756,-41.409],[144.756,-41.409]]],[[[144.731,-41.32],[144.731,-41.32],[144.731,-41.32],[144.731,-41.32]]],[[[144.732,-41.321],[144.732,-41.321],[144.732,-41.32],[144.732,-41.321]]],[[[144.74,-41.328],[144.74,-41.327],[144.74,-41.328],[144.74,-41.328]]],[[[144.731,-41.319],[144.731,-41.319],[144.731,-41.319],[144.731,-41.319]]],[[[144.75,-41.424],[144.75,-41.424],[144.75,-41.424],[144.75,-41.424]]],[[[144.739,-41.327],[144.739,-41.327],[144.739,-41.326],[144.739,-41.327]]],[[[144.745,-41.332],[144.745,-41.331],[144.744,-41.331],[144.745,-41.332]]],[[[144.747,-41.332],[144.747,-41.332],[144.747,-41.332],[144.747,-41.332]]],[[[144.746,-41.332],[144.746,-41.332],[144.746,-41.332],[144.746,-41.332]]],[[[144.747,-41.333],[144.747,-41.333],[144.747,-41.333],[144.747,-41.333]]],[[[144.745,-41.422],[144.745,-41.422],[144.745,-41.422],[144.745,-41.422]]],[[[144.731,-41.321],[144.732,-41.321],[144.731,-41.321],[144.731,-41.321]]],[[[144.748,-41.423],[144.748,-41.423],[144.748,-41.423],[144.748,-41.423]]],[[[144.748,-41.333],[144.748,-41.333],[144.748,-41.333],[144.748,-41.333]]],[[[144.748,-41.423],[144.748,-41.423],[144.747,-41.423],[144.748,-41.423]]],[[[144.739,-41.326],[144.739,-41.326],[144.739,-41.326],[144.739,-41.326]]],[[[144.754,-41.411],[144.754,-41.411],[144.753,-41.411],[144.754,-41.411]]],[[[144.736,-41.31],[144.736,-41.31],[144.737,-41.309],[144.736,-41.31]]],[[[144.743,-41.331],[144.743,-41.33],[144.743,-41.33],[144.743,-41.331]]],[[[144.742,-41.331],[144.742,-41.33],[144.742,-41.33],[144.742,-41.331]]],[[[144.736,-41.31],[144.736,-41.31],[144.736,-41.31],[144.736,-41.31]]],[[[144.747,-41.418],[144.747,-41.418],[144.747,-41.418],[144.747,-41.418]]],[[[144.75,-41.423],[144.751,-41.424],[144.75,-41.423],[144.75,-41.423]]],[[[144.731,-41.317],[144.731,-41.317],[144.731,-41.317],[144.731,-41.317]]],[[[144.754,-41.411],[144.754,-41.411],[144.754,-41.411],[144.754,-41.411]]],[[[144.732,-41.32],[144.732,-41.32],[144.732,-41.319],[144.732,-41.32]]],[[[144.748,-41.418],[144.748,-41.418],[144.748,-41.418],[144.748,-41.418]]],[[[144.751,-41.335],[144.751,-41.335],[144.751,-41.335],[144.751,-41.335]]],[[[144.747,-41.424],[144.747,-41.423],[144.747,-41.424],[144.747,-41.424]]],[[[144.736,-41.31],[144.736,-41.31],[144.737,-41.31],[144.736,-41.31]]],[[[144.756,-41.408],[144.756,-41.408],[144.756,-41.408],[144.756,-41.408]]],[[[144.746,-41.332],[144.746,-41.332],[144.746,-41.332],[144.746,-41.332]]],[[[144.75,-41.424],[144.749,-41.424],[144.75,-41.424],[144.75,-41.424]]],[[[144.731,-41.317],[144.731,-41.317],[144.731,-41.317],[144.731,-41.317]]],[[[144.732,-41.321],[144.732,-41.321],[144.732,-41.321],[144.732,-41.321]]],[[[144.747,-41.418],[144.747,-41.418],[144.747,-41.418],[144.747,-41.418]]],[[[144.748,-41.423],[144.748,-41.423],[144.748,-41.423],[144.748,-41.423]]],[[[144.745,-41.421],[144.745,-41.421],[144.745,-41.421],[144.745,-41.421]]],[[[144.751,-41.414],[144.751,-41.414],[144.751,-41.414],[144.751,-41.414]]],[[[144.754,-41.411],[144.754,-41.411],[144.754,-41.411],[144.754,-41.411]]],[[[144.754,-41.412],[144.754,-41.412],[144.754,-41.412],[144.754,-41.412]]],[[[144.741,-41.329],[144.741,-41.329],[144.741,-41.329],[144.741,-41.329]]],[[[144.748,-41.424],[144.748,-41.424],[144.748,-41.423],[144.748,-41.424]]],[[[144.716,-40.604],[144.723,-40.608],[144.72,-40.599],[144.716,-40.604]]],[[[144.774,-40.61],[144.779,-40.603],[144.774,-40.606],[144.774,-40.61]]],[[[144.781,-40.599],[144.781,-40.6],[144.782,-40.598],[144.781,-40.599]]],[[[144.731,-40.587],[144.732,-40.587],[144.732,-40.586],[144.731,-40.587]]],[[[144.78,-40.601],[144.781,-40.6],[144.78,-40.601],[144.78,-40.601]]],[[[144.732,-40.586],[144.732,-40.586],[144.732,-40.586],[144.732,-40.586]]],[[[144.724,-40.604],[144.724,-40.603],[144.724,-40.603],[144.724,-40.604]]],[[[144.727,-40.579],[144.727,-40.579],[144.726,-40.579],[144.727,-40.579]]],[[[144.725,-40.574],[144.725,-40.575],[144.725,-40.574],[144.725,-40.574]]],[[[144.713,-40.582],[144.713,-40.582],[144.713,-40.581],[144.713,-40.582]]],[[[144.739,-40.596],[144.74,-40.596],[144.739,-40.596],[144.739,-40.596]]],[[[144.724,-40.606],[144.724,-40.606],[144.724,-40.606],[144.724,-40.606]]],[[[144.719,-40.599],[144.719,-40.599],[144.719,-40.599],[144.719,-40.599]]],[[[144.724,-40.605],[144.724,-40.605],[144.724,-40.604],[144.724,-40.605]]],[[[144.725,-40.575],[144.725,-40.575],[144.725,-40.575],[144.725,-40.575]]],[[[144.779,-40.602],[144.779,-40.602],[144.779,-40.602],[144.779,-40.602]]],[[[144.709,-41.272],[144.71,-41.273],[144.709,-41.27],[144.709,-41.272]]],[[[144.698,-40.802],[144.697,-40.803],[144.699,-40.802],[144.698,-40.802]]],[[[144.697,-40.782],[144.697,-40.782],[144.698,-40.781],[144.697,-40.782]]],[[[144.867,-40.744],[144.868,-40.744],[144.868,-40.744],[144.867,-40.744]]],[[[144.703,-40.792],[144.703,-40.792],[144.704,-40.791],[144.703,-40.792]]],[[[144.866,-40.742],[144.867,-40.742],[144.866,-40.742],[144.866,-40.742]]],[[[144.706,-40.832],[144.706,-40.832],[144.705,-40.833],[144.706,-40.832]]],[[[144.728,-41.307],[144.729,-41.308],[144.729,-41.308],[144.728,-41.307]]],[[[144.701,-40.779],[144.701,-40.779],[144.7,-40.779],[144.701,-40.779]]],[[[144.699,-40.801],[144.699,-40.801],[144.7,-40.801],[144.699,-40.801]],[[144.725,-41.304],[144.724,-41.304],[144.724,-41.303],[144.725,-41.304]]],[[[144.7,-40.788],[144.701,-40.789],[144.701,-40.788],[144.7,-40.788]]],[[[144.841,-40.747],[144.842,-40.748],[144.842,-40.747],[144.841,-40.747]]],[[[144.702,-40.789],[144.702,-40.789],[144.703,-40.789],[144.702,-40.789]]],[[[144.711,-41.278],[144.711,-41.278],[144.712,-41.278],[144.711,-41.278]]],[[[144.714,-41.279],[144.715,-41.279],[144.714,-41.279],[144.714,-41.279]]],[[[144.706,-41.267],[144.706,-41.266],[144.706,-41.266],[144.706,-41.267]]],[[[144.697,-40.782],[144.696,-40.782],[144.697,-40.783],[144.697,-40.782]]],[[[144.715,-41.286],[144.715,-41.286],[144.715,-41.286],[144.715,-41.286]]],[[[144.731,-41.308],[144.731,-41.308],[144.73,-41.308],[144.731,-41.308]]],[[[144.705,-40.793],[144.704,-40.793],[144.704,-40.794],[144.705,-40.793]]],[[[144.704,-40.759],[144.704,-40.759],[144.703,-40.758],[144.704,-40.759]]],[[[144.698,-40.801],[144.697,-40.801],[144.698,-40.801],[144.698,-40.801]]],[[[144.728,-41.306],[144.729,-41.306],[144.728,-41.306],[144.728,-41.306]]],[[[144.71,-41.274],[144.709,-41.273],[144.709,-41.274],[144.71,-41.274]]],[[[144.701,-40.806],[144.701,-40.805],[144.701,-40.805],[144.701,-40.806]]],[[[144.699,-40.786],[144.699,-40.786],[144.699,-40.786],[144.699,-40.786]]],[[[144.713,-41.297],[144.713,-41.296],[144.713,-41.296],[144.713,-41.297]]],[[[144.793,-41.083],[144.793,-41.083],[144.793,-41.082],[144.793,-41.083]]],[[[144.73,-41.307],[144.729,-41.306],[144.729,-41.306],[144.73,-41.307]]],[[[144.697,-40.802],[144.697,-40.801],[144.697,-40.802],[144.697,-40.802]]],[[[144.842,-40.75],[144.843,-40.75],[144.843,-40.75],[144.842,-40.75]]],[[[144.703,-40.792],[144.704,-40.792],[144.704,-40.792],[144.703,-40.792]]],[[[144.695,-40.813],[144.696,-40.812],[144.695,-40.812],[144.695,-40.813]]],[[[144.7,-40.803],[144.701,-40.803],[144.701,-40.802],[144.7,-40.803]]],[[[144.698,-41.255],[144.699,-41.255],[144.699,-41.255],[144.698,-41.255]]],[[[144.72,-41.292],[144.72,-41.292],[144.719,-41.292],[144.72,-41.292]]],[[[144.709,-41.275],[144.709,-41.275],[144.708,-41.275],[144.709,-41.275]]],[[[144.698,-40.821],[144.698,-40.821],[144.698,-40.821],[144.698,-40.821]]],[[[144.727,-41.305],[144.727,-41.305],[144.727,-41.305],[144.727,-41.305]]],[[[144.7,-40.78],[144.7,-40.78],[144.7,-40.78],[144.7,-40.78]]],[[[144.842,-40.748],[144.842,-40.748],[144.842,-40.747],[144.842,-40.748]]],[[[144.711,-41.274],[144.711,-41.274],[144.711,-41.274],[144.711,-41.274]]],[[[144.868,-40.744],[144.868,-40.744],[144.868,-40.743],[144.868,-40.744]]],[[[144.721,-41.303],[144.721,-41.303],[144.721,-41.302],[144.721,-41.303]]],[[[144.697,-41.254],[144.697,-41.254],[144.697,-41.253],[144.697,-41.254]]],[[[144.722,-41.302],[144.723,-41.302],[144.722,-41.302],[144.722,-41.302]]],[[[144.699,-40.821],[144.699,-40.821],[144.699,-40.821],[144.699,-40.821]]],[[[144.71,-41.277],[144.71,-41.277],[144.71,-41.277],[144.71,-41.277]]],[[[144.766,-40.743],[144.766,-40.743],[144.766,-40.743],[144.766,-40.743]]],[[[144.701,-40.802],[144.7,-40.802],[144.7,-40.802],[144.701,-40.802]]],[[[144.707,-41.284],[144.708,-41.283],[144.708,-41.283],[144.707,-41.284]]],[[[144.704,-40.796],[144.704,-40.796],[144.704,-40.795],[144.704,-40.796]]],[[[144.697,-40.8],[144.697,-40.8],[144.697,-40.8],[144.697,-40.8]]],[[[144.717,-41.297],[144.717,-41.297],[144.717,-41.297],[144.717,-41.297]]],[[[144.719,-41.3],[144.719,-41.3],[144.719,-41.3],[144.719,-41.3]]],[[[144.698,-41.254],[144.698,-41.255],[144.698,-41.254],[144.698,-41.254]]],[[[144.698,-40.806],[144.699,-40.806],[144.699,-40.806],[144.698,-40.806]]],[[[144.717,-41.296],[144.717,-41.296],[144.717,-41.296],[144.717,-41.296]]],[[[144.715,-41.297],[144.716,-41.297],[144.715,-41.296],[144.715,-41.297]]],[[[144.707,-40.755],[144.707,-40.754],[144.707,-40.754],[144.707,-40.755]]],[[[144.7,-40.819],[144.7,-40.819],[144.7,-40.819],[144.7,-40.819]]],[[[144.7,-40.827],[144.7,-40.827],[144.7,-40.827],[144.7,-40.827]]],[[[144.729,-41.307],[144.729,-41.307],[144.729,-41.307],[144.729,-41.307]]],[[[144.697,-41.254],[144.697,-41.254],[144.697,-41.254],[144.697,-41.254]]],[[[144.734,-41.308],[144.734,-41.308],[144.734,-41.307],[144.734,-41.308]]],[[[144.701,-40.79],[144.701,-40.79],[144.701,-40.79],[144.701,-40.79]]],[[[144.713,-41.283],[144.713,-41.283],[144.713,-41.283],[144.713,-41.283]]],[[[144.701,-40.787],[144.7,-40.787],[144.701,-40.787],[144.701,-40.787]]],[[[144.699,-40.817],[144.699,-40.817],[144.699,-40.817],[144.699,-40.817]]],[[[144.707,-41.283],[144.707,-41.283],[144.707,-41.283],[144.707,-41.283]]],[[[144.702,-41.26],[144.702,-41.26],[144.702,-41.259],[144.702,-41.26]]],[[[144.727,-41.306],[144.727,-41.306],[144.727,-41.306],[144.727,-41.306]]],[[[144.696,-41.253],[144.696,-41.253],[144.695,-41.253],[144.696,-41.253]]],[[[144.721,-41.303],[144.721,-41.302],[144.721,-41.302],[144.721,-41.303]]],[[[144.717,-41.286],[144.717,-41.286],[144.717,-41.286],[144.717,-41.286]]],[[[144.697,-41.252],[144.697,-41.252],[144.697,-41.252],[144.697,-41.252]]],[[[144.701,-40.788],[144.701,-40.788],[144.701,-40.788],[144.701,-40.788]]],[[[144.697,-41.255],[144.697,-41.254],[144.697,-41.254],[144.697,-41.255]]],[[[144.703,-40.791],[144.703,-40.791],[144.703,-40.791],[144.703,-40.791]]],[[[144.698,-40.785],[144.698,-40.785],[144.698,-40.784],[144.698,-40.785]]],[[[144.704,-40.796],[144.704,-40.796],[144.704,-40.796],[144.704,-40.796]]],[[[144.699,-40.786],[144.7,-40.786],[144.699,-40.786],[144.699,-40.786]]],[[[144.717,-41.301],[144.717,-41.301],[144.717,-41.301],[144.717,-41.301]]],[[[144.703,-40.789],[144.702,-40.789],[144.703,-40.789],[144.703,-40.789]]],[[[144.697,-40.805],[144.697,-40.805],[144.697,-40.804],[144.697,-40.805]]],[[[144.696,-40.804],[144.696,-40.804],[144.696,-40.804],[144.696,-40.804]]],[[[144.696,-40.804],[144.696,-40.804],[144.697,-40.804],[144.696,-40.804]]],[[[144.721,-41.304],[144.722,-41.303],[144.721,-41.303],[144.721,-41.304]]],[[[144.704,-40.796],[144.704,-40.796],[144.704,-40.796],[144.704,-40.796]]],[[[144.698,-40.778],[144.698,-40.778],[144.698,-40.778],[144.698,-40.778]]],[[[144.7,-40.787],[144.7,-40.787],[144.7,-40.787],[144.7,-40.787]]],[[[144.701,-40.78],[144.701,-40.78],[144.701,-40.779],[144.701,-40.78]]],[[[144.718,-41.298],[144.718,-41.298],[144.718,-41.298],[144.718,-41.298]]],[[[144.703,-40.791],[144.704,-40.791],[144.704,-40.791],[144.703,-40.791]]],[[[144.699,-40.78],[144.699,-40.78],[144.699,-40.78],[144.699,-40.78]]],[[[144.697,-40.783],[144.697,-40.783],[144.697,-40.783],[144.697,-40.783]]],[[[144.699,-40.781],[144.699,-40.781],[144.699,-40.781],[144.699,-40.781]]],[[[144.705,-40.794],[144.705,-40.794],[144.705,-40.794],[144.705,-40.794]]],[[[144.702,-41.258],[144.702,-41.258],[144.702,-41.258],[144.702,-41.258]]],[[[144.7,-40.816],[144.7,-40.816],[144.7,-40.816],[144.7,-40.816]]],[[[144.713,-41.296],[144.713,-41.296],[144.713,-41.296],[144.713,-41.296]]],[[[144.728,-41.306],[144.728,-41.306],[144.728,-41.306],[144.728,-41.306]]],[[[144.704,-40.758],[144.704,-40.758],[144.704,-40.758],[144.704,-40.758]]],[[[144.727,-41.306],[144.727,-41.306],[144.727,-41.306],[144.727,-41.306]]],[[[144.702,-40.799],[144.702,-40.799],[144.702,-40.799],[144.702,-40.799]]],[[[144.7,-40.817],[144.7,-40.817],[144.7,-40.817],[144.7,-40.817]]],[[[144.702,-40.79],[144.702,-40.789],[144.702,-40.789],[144.702,-40.79]]],[[[144.702,-40.789],[144.702,-40.788],[144.702,-40.788],[144.702,-40.789]]],[[[144.695,-40.782],[144.695,-40.782],[144.695,-40.782],[144.695,-40.782]]],[[[144.698,-40.786],[144.698,-40.786],[144.698,-40.785],[144.698,-40.786]]],[[[144.78,-41.069],[144.78,-41.069],[144.78,-41.068],[144.78,-41.069]]],[[[144.701,-40.787],[144.701,-40.787],[144.701,-40.787],[144.701,-40.787]]],[[[144.697,-40.804],[144.697,-40.804],[144.697,-40.804],[144.697,-40.804]]],[[[144.7,-40.789],[144.7,-40.789],[144.7,-40.789],[144.7,-40.789]]],[[[144.698,-40.779],[144.698,-40.778],[144.698,-40.778],[144.698,-40.779]]],[[[144.698,-40.821],[144.699,-40.821],[144.699,-40.821],[144.698,-40.821]]],[[[144.717,-41.297],[144.717,-41.297],[144.717,-41.297],[144.717,-41.297]]],[[[144.7,-40.819],[144.7,-40.819],[144.7,-40.819],[144.7,-40.819]]],[[[144.697,-40.802],[144.697,-40.802],[144.697,-40.802],[144.697,-40.802]]],[[[144.707,-41.284],[144.707,-41.284],[144.707,-41.284],[144.707,-41.284]]],[[[144.701,-40.788],[144.701,-40.788],[144.701,-40.788],[144.701,-40.788]]],[[[144.705,-40.794],[144.705,-40.794],[144.705,-40.794],[144.705,-40.794]]],[[[144.705,-40.794],[144.705,-40.794],[144.705,-40.794],[144.705,-40.794]]],[[[144.707,-41.283],[144.707,-41.283],[144.707,-41.283],[144.707,-41.283]]],[[[144.787,-40.401],[144.756,-40.486],[144.711,-40.485],[144.733,-40.55],[144.726,-40.575],[144.758,-40.606],[144.776,-40.581],[144.771,-40.533],[144.791,-40.507],[144.787,-40.401]]],[[[144.836,-40.444],[144.897,-40.484],[144.952,-40.46],[144.948,-40.439],[144.97,-40.426],[144.955,-40.391],[144.887,-40.389],[144.874,-40.401],[144.882,-40.418],[144.836,-40.444]]],[[[144.782,-40.408],[144.784,-40.408],[144.782,-40.408],[144.782,-40.408]]],[[[144.882,-40.398],[144.883,-40.397],[144.883,-40.397],[144.882,-40.398]]],[[[144.784,-40.403],[144.784,-40.403],[144.784,-40.402],[144.784,-40.403]]],[[[144.79,-40.403],[144.79,-40.403],[144.79,-40.403],[144.79,-40.403]]],[[[144.784,-40.409],[144.784,-40.409],[144.784,-40.409],[144.784,-40.409]]],[[[144.784,-40.401],[144.784,-40.4],[144.784,-40.4],[144.784,-40.401]]],[[[144.784,-40.409],[144.784,-40.409],[144.783,-40.409],[144.784,-40.409]]],[[[144.783,-40.406],[144.783,-40.405],[144.783,-40.405],[144.783,-40.406]]],[[[144.787,-40.4],[144.787,-40.4],[144.786,-40.4],[144.787,-40.4]]],[[[144.882,-40.398],[144.882,-40.398],[144.882,-40.398],[144.882,-40.398]]],[[[144.783,-40.408],[144.783,-40.407],[144.783,-40.407],[144.783,-40.408]]],[[[144.868,-40.724],[144.894,-40.74],[144.977,-40.708],[145.068,-40.714],[145.049,-40.68],[144.992,-40.67],[144.955,-40.629],[144.968,-40.659],[144.937,-40.65],[144.929,-40.622],[144.872,-40.679],[144.868,-40.724]]],[[[144.831,-40.692],[144.827,-40.702],[144.841,-40.696],[144.831,-40.692]]],[[[144.874,-40.731],[144.868,-40.727],[144.87,-40.731],[144.874,-40.731]]],[[[144.874,-40.728],[144.876,-40.729],[144.87,-40.726],[144.874,-40.728]]],[[[144.849,-40.734],[144.852,-40.735],[144.849,-40.732],[144.849,-40.734]]],[[[144.869,-40.716],[144.872,-40.716],[144.871,-40.715],[144.869,-40.716]]],[[[144.866,-40.725],[144.863,-40.724],[144.865,-40.726],[144.866,-40.725]]],[[[144.828,-40.713],[144.831,-40.713],[144.829,-40.712],[144.828,-40.713]]],[[[144.864,-40.727],[144.866,-40.728],[144.866,-40.726],[144.864,-40.727]]],[[[144.734,-40.64],[144.733,-40.639],[144.733,-40.641],[144.734,-40.64]]],[[[144.875,-40.733],[144.877,-40.733],[144.876,-40.732],[144.875,-40.733]]],[[[144.867,-40.726],[144.867,-40.727],[144.867,-40.724],[144.867,-40.726]]],[[[144.702,-40.645],[144.703,-40.645],[144.703,-40.644],[144.702,-40.645]],[[144.704,-40.656],[144.703,-40.655],[144.704,-40.657],[144.704,-40.656]]],[[[144.759,-40.694],[144.76,-40.696],[144.761,-40.695],[144.759,-40.694]]],[[[144.864,-40.723],[144.864,-40.723],[144.865,-40.723],[144.864,-40.723]]],[[[144.866,-40.727],[144.867,-40.727],[144.867,-40.725],[144.866,-40.727]]],[[[144.743,-40.662],[144.744,-40.662],[144.743,-40.662],[144.743,-40.662]]],[[[144.766,-40.739],[144.766,-40.739],[144.766,-40.74],[144.766,-40.739]]],[[[144.876,-40.73],[144.877,-40.73],[144.877,-40.73],[144.876,-40.73]]],[[[144.702,-40.655],[144.703,-40.655],[144.702,-40.655],[144.702,-40.655]]],[[[144.877,-40.733],[144.877,-40.733],[144.877,-40.732],[144.877,-40.733]]],[[[144.745,-40.661],[144.745,-40.662],[144.745,-40.662],[144.745,-40.661]]],[[[144.722,-40.643],[144.722,-40.643],[144.722,-40.643],[144.722,-40.643]]],[[[144.846,-40.718],[144.846,-40.718],[144.846,-40.718],[144.846,-40.718]]],[[[144.866,-40.725],[144.866,-40.725],[144.866,-40.725],[144.866,-40.725]]],[[[144.732,-40.642],[144.732,-40.642],[144.732,-40.642],[144.732,-40.642]]],[[[144.745,-40.662],[144.746,-40.662],[144.745,-40.661],[144.745,-40.662]]],[[[144.745,-40.662],[144.745,-40.662],[144.745,-40.662],[144.745,-40.662]]],[[[144.704,-40.657],[144.704,-40.657],[144.705,-40.657],[144.704,-40.657]]],[[[144.743,-40.662],[144.743,-40.662],[144.743,-40.662],[144.743,-40.662]]],[[[144.746,-40.661],[144.746,-40.661],[144.746,-40.661],[144.746,-40.661]]],[[[144.717,-40.649],[144.717,-40.649],[144.717,-40.649],[144.717,-40.649]]],[[[144.743,-40.662],[144.744,-40.662],[144.743,-40.662],[144.743,-40.662]]],[[[144.743,-40.661],[144.743,-40.661],[144.743,-40.661],[144.743,-40.661]]],[[[144.743,-40.663],[144.743,-40.662],[144.743,-40.662],[144.743,-40.663]]],[[[144.702,-40.654],[144.702,-40.654],[144.702,-40.654],[144.702,-40.654]]],[[[144.746,-40.661],[144.747,-40.661],[144.746,-40.661],[144.746,-40.661]]],[[[144.702,-40.654],[144.702,-40.654],[144.702,-40.654],[144.702,-40.654]]],[[[144.702,-40.655],[144.702,-40.655],[144.702,-40.655],[144.702,-40.655]]],[[[146.125,-41.158],[146.124,-41.158],[146.128,-41.159],[146.125,-41.158]]],[[[146.165,-41.139],[146.165,-41.138],[146.165,-41.138],[146.165,-41.139]]],[[[146.163,-41.138],[146.163,-41.138],[146.163,-41.139],[146.163,-41.138]]],[[[146.163,-41.139],[146.163,-41.138],[146.163,-41.138],[146.163,-41.139]]],[[[145.506,-42.345],[145.498,-42.346],[145.501,-42.349],[145.506,-42.345]]],[[[145.669,-43.082],[145.67,-43.082],[145.669,-43.081],[145.669,-43.082]]],[[[145.688,-43.113],[145.689,-43.112],[145.688,-43.111],[145.688,-43.113]]],[[[145.628,-43.02],[145.628,-43.02],[145.628,-43.02],[145.628,-43.02]]],[[[145.691,-43.114],[145.692,-43.114],[145.69,-43.114],[145.691,-43.114]]],[[[145.608,-43.009],[145.609,-43.009],[145.607,-43.009],[145.608,-43.009]]],[[[145.667,-43.082],[145.668,-43.082],[145.667,-43.082],[145.667,-43.082]]],[[[145.609,-43.011],[145.608,-43.011],[145.608,-43.011],[145.609,-43.011]]],[[[145.619,-43.015],[145.619,-43.015],[145.619,-43.015],[145.619,-43.015]]],[[[146.398,-41.23],[146.402,-41.231],[146.395,-41.226],[146.398,-41.23]]],[[[146.391,-41.226],[146.389,-41.227],[146.395,-41.228],[146.391,-41.226]]],[[[146.428,-41.148],[146.427,-41.147],[146.426,-41.147],[146.428,-41.148]]],[[[146.417,-41.155],[146.417,-41.155],[146.417,-41.155],[146.417,-41.155]]]]},"properties":{"sa4_code_2021":"604","sa4_name_2021":"West and North West"},"id":"604"},{"type":"Feature","geometry":null,"properties":{"sa4_code_2021":"697","sa4_name_2021":"Migratory - Offshore - Shipping (Tas.)","shape":null},"id":"697"},{"type":"Feature","geometry":null,"properties":{"sa4_code_2021":"699","sa4_name_2021":"No usual address (Tas.)","shape":null},"id":"699"},{"type":"Feature","geometry":{"type":"MultiPolygon","coordinates":[[[[130.896,-12.465],[130.917,-12.458],[130.87,-12.483],[130.896,-12.495],[130.947,-12.471],[130.931,-12.488],[130.947,-12.496],[130.956,-12.553],[130.949,-12.54],[130.939,-12.554],[130.947,-12.542],[130.927,-12.537],[130.923,-12.509],[130.908,-12.541],[130.907,-12.516],[130.896,-12.53],[130.904,-12.513],[130.88,-12.521],[130.863,-12.503],[130.862,-12.526],[130.901,-12.556],[130.878,-12.552],[130.885,-12.575],[130.923,-12.58],[130.945,-12.607],[130.953,-12.597],[130.967,-12.63],[130.945,-12.638],[130.933,-12.611],[130.882,-12.606],[130.908,-12.656],[130.895,-12.682],[130.889,-12.648],[130.889,-12.86],[131.039,-12.86],[131.039,-12.816],[131.069,-12.816],[131.134,-12.825],[131.158,-12.862],[131.203,-12.861],[131.213,-12.803],[131.282,-12.754],[131.273,-12.706],[131.332,-12.675],[131.348,-12.644],[131.368,-12.648],[131.356,-12.635],[131.387,-12.593],[131.374,-12.552],[131.395,-12.541],[131.395,-12.508],[131.378,-12.511],[131.367,-12.475],[131.345,-12.481],[131.354,-12.465],[131.338,-12.464],[131.343,-12.45],[131.323,-12.453],[131.338,-12.435],[131.301,-12.424],[131.316,-12.411],[131.308,-12.395],[131.328,-12.385],[131.296,-12.374],[131.271,-12.332],[131.294,-12.301],[131.275,-12.243],[131.248,-12.222],[131.214,-12.237],[131.206,-12.262],[131.234,-12.266],[131.225,-12.285],[131.232,-12.267],[131.206,-12.27],[131.21,-12.24],[131.193,-12.238],[131.221,-12.226],[131.169,-12.173],[131.119,-12.179],[131.113,-12.155],[131.065,-12.167],[131.045,-12.143],[130.996,-12.169],[131.002,-12.205],[131.03,-12.232],[131.013,-12.323],[131.028,-12.305],[131.061,-12.332],[131.03,-12.326],[131.03,-12.346],[131.055,-12.348],[131.009,-12.356],[131.019,-12.372],[130.983,-12.342],[130.946,-12.357],[130.946,-12.342],[130.896,-12.33],[130.861,-12.376],[130.842,-12.379],[130.843,-12.408],[130.817,-12.406],[130.836,-12.427],[130.821,-12.462],[130.852,-12.471],[130.85,-12.439],[130.882,-12.465],[130.886,-12.443],[130.896,-12.465]]],[[[130.998,-12.161],[131.001,-12.153],[130.996,-12.155],[130.998,-12.161]]],[[[131.046,-12.094],[131.055,-12.109],[131.032,-12.095],[131.002,-12.118],[131.065,-12.126],[131.071,-12.114],[131.046,-12.094]]],[[[131.08,-12.016],[131.135,-12.015],[131.127,-12.001],[131.08,-12.016]]],[[[131.032,-12.058],[131.064,-12.034],[131.002,-12.052],[131.032,-12.058]]],[[[131.069,-12.072],[131.116,-12.073],[131.127,-12.059],[131.094,-12.054],[131.069,-12.072]]],[[[131.016,-12.15],[131.024,-12.146],[131.02,-12.144],[131.016,-12.15]]],[[[131.011,-12.152],[131.014,-12.151],[131.011,-12.151],[131.011,-12.152]]],[[[130.952,-12.636],[130.948,-12.617],[130.945,-12.622],[130.952,-12.636]]],[[[130.944,-12.617],[130.946,-12.616],[130.944,-12.614],[130.944,-12.617]]],[[[130.953,-12.538],[130.954,-12.537],[130.952,-12.536],[130.953,-12.538]]],[[[130.942,-12.527],[130.942,-12.529],[130.943,-12.528],[130.942,-12.527]]],[[[130.945,-12.527],[130.945,-12.526],[130.944,-12.526],[130.945,-12.527]]],[[[130.865,-12.546],[130.862,-12.562],[130.873,-12.553],[130.865,-12.546]]],[[[130.878,-12.557],[130.877,-12.556],[130.877,-12.557],[130.878,-12.557]]]]},"properties":{"sa4_code_2021":"701","sa4_name_2021":"Darwin"},"id":"701"},{"type":"Feature","geometry":{"type":"MultiPolygon","coordinates":[[[[134.12,-11.908],[134.076,-11.937],[134.081,-11.905],[134.064,-11.892],[134.064,-11.87],[134.032,-11.855],[133.932,-11.919],[133.878,-11.911],[133.859,-11.878],[133.839,-11.877],[133.824,-11.84],[133.859,-11.808],[133.901,-11.808],[133.915,-11.775],[133.941,-11.769],[133.916,-11.743],[133.857,-11.752],[133.837,-11.723],[133.794,-11.726],[133.773,-11.763],[133.74,-11.783],[133.669,-11.776],[133.679,-11.789],[133.657,-11.809],[133.664,-11.819],[133.611,-11.843],[133.599,-11.833],[133.605,-11.811],[133.563,-11.808],[133.518,-11.877],[133.534,-11.761],[133.456,-11.802],[133.448,-11.779],[133.398,-11.769],[133.414,-11.758],[133.402,-11.733],[133.369,-11.758],[133.37,-11.777],[133.317,-11.768],[133.316,-11.725],[133.354,-11.719],[133.34,-11.694],[133.249,-11.733],[133.17,-11.718],[133.106,-11.635],[133.07,-11.551],[133.076,-11.52],[133.046,-11.505],[133.007,-11.433],[132.969,-11.418],[132.918,-11.332],[132.865,-11.34],[132.909,-11.385],[132.896,-11.427],[132.858,-11.414],[132.849,-11.393],[132.824,-11.404],[132.808,-11.442],[132.785,-11.446],[132.734,-11.518],[132.668,-11.516],[132.64,-11.482],[132.622,-11.412],[132.586,-11.395],[132.548,-11.343],[132.502,-11.33],[132.518,-11.317],[132.51,-11.293],[132.487,-11.3],[132.507,-11.272],[132.478,-11.259],[132.451,-11.218],[132.434,-11.212],[132.42,-11.227],[132.423,-11.262],[132.404,-11.269],[132.398,-11.3],[132.373,-11.295],[132.383,-11.208],[132.334,-11.116],[132.339,-11.141],[132.32,-11.168],[132.266,-11.176],[132.282,-11.275],[132.241,-11.22],[132.244,-11.198],[132.195,-11.164],[132.188,-11.131],[132.136,-11.122],[132.142,-11.155],[132.163,-11.161],[132.162,-11.185],[132.2,-11.224],[132.181,-11.241],[132.199,-11.268],[132.173,-11.324],[132.198,-11.302],[132.237,-11.34],[132.223,-11.37],[132.195,-11.351],[132.185,-11.362],[132.209,-11.401],[132.202,-11.418],[132.177,-11.397],[132.17,-11.421],[132.158,-11.382],[132.145,-11.383],[132.157,-11.323],[132.138,-11.297],[132.124,-11.351],[132.101,-11.33],[132.117,-11.274],[132.097,-11.263],[132.114,-11.212],[132.086,-11.233],[132.084,-11.195],[132.067,-11.192],[132.076,-11.18],[132.057,-11.203],[132.038,-11.193],[132.012,-11.13],[131.973,-11.129],[131.996,-11.174],[131.962,-11.179],[131.987,-11.22],[131.973,-11.237],[131.962,-11.23],[131.962,-11.253],[131.946,-11.245],[131.929,-11.259],[131.928,-11.236],[131.905,-11.216],[131.913,-11.208],[131.885,-11.182],[131.881,-11.235],[131.861,-11.21],[131.84,-11.227],[131.822,-11.207],[131.817,-11.222],[131.856,-11.277],[131.844,-11.285],[131.795,-11.269],[131.806,-11.294],[131.78,-11.292],[131.778,-11.312],[131.759,-11.301],[131.764,-11.317],[131.84,-11.314],[131.86,-11.294],[131.915,-11.325],[131.944,-11.32],[131.919,-11.359],[131.931,-11.366],[131.966,-11.343],[131.968,-11.369],[131.985,-11.378],[131.94,-11.397],[131.962,-11.411],[131.995,-11.405],[131.993,-11.429],[132.043,-11.421],[132.06,-11.432],[132.049,-11.46],[132.031,-11.46],[132.035,-11.483],[132.079,-11.53],[132.116,-11.54],[132.116,-11.517],[132.139,-11.522],[132.238,-11.456],[132.304,-11.466],[132.355,-11.441],[132.457,-11.457],[132.484,-11.486],[132.527,-11.469],[132.497,-11.505],[132.531,-11.522],[132.526,-11.547],[132.555,-11.555],[132.538,-11.587],[132.597,-11.654],[132.506,-11.637],[132.5,-11.68],[132.541,-11.719],[132.645,-11.728],[132.58,-11.788],[132.636,-11.821],[132.655,-11.89],[132.642,-11.901],[132.619,-12.015],[132.629,-12.087],[132.577,-12.106],[132.556,-12.086],[132.513,-12.124],[132.442,-12.146],[132.417,-12.222],[132.389,-12.236],[132.353,-12.199],[132.278,-12.224],[132.262,-12.173],[132.238,-12.17],[132.224,-12.195],[132.171,-12.213],[132.07,-12.304],[131.939,-12.273],[131.904,-12.224],[131.879,-12.215],[131.775,-12.268],[131.683,-12.285],[131.427,-12.275],[131.381,-12.256],[131.328,-12.202],[131.314,-12.167],[131.321,-12.09],[131.3,-12.07],[131.302,-12.043],[131.29,-12.046],[131.266,-12.077],[131.274,-12.1],[131.229,-12.209],[131.275,-12.243],[131.294,-12.298],[131.271,-12.332],[131.282,-12.354],[131.328,-12.385],[131.308,-12.395],[131.316,-12.411],[131.301,-12.424],[131.341,-12.437],[131.323,-12.453],[131.354,-12.463],[131.347,-12.483],[131.369,-12.476],[131.363,-12.491],[131.38,-12.493],[131.38,-12.512],[131.395,-12.508],[131.396,-12.536],[131.375,-12.551],[131.388,-12.575],[131.356,-12.635],[131.368,-12.648],[131.348,-12.644],[131.332,-12.675],[131.273,-12.706],[131.282,-12.754],[131.213,-12.803],[131.203,-12.861],[131.158,-12.862],[131.134,-12.825],[131.069,-12.816],[131.039,-12.816],[131.039,-12.86],[130.889,-12.86],[130.889,-12.648],[130.88,-12.631],[130.87,-12.659],[130.869,-12.612],[130.846,-12.61],[130.857,-12.615],[130.867,-12.597],[130.839,-12.554],[130.816,-12.558],[130.831,-12.588],[130.814,-12.582],[130.807,-12.539],[130.787,-12.551],[130.794,-12.578],[130.78,-12.617],[130.792,-12.622],[130.767,-12.602],[130.779,-12.559],[130.73,-12.583],[130.734,-12.601],[130.729,-12.591],[130.774,-12.546],[130.779,-12.475],[130.727,-12.526],[130.757,-12.482],[130.765,-12.437],[130.619,-12.381],[130.579,-12.405],[130.623,-12.448],[130.581,-12.463],[130.606,-12.501],[130.583,-12.513],[130.568,-12.59],[130.604,-12.578],[130.589,-12.592],[130.631,-12.609],[130.642,-12.639],[130.631,-12.611],[130.607,-12.604],[130.587,-12.66],[130.583,-12.623],[130.55,-12.616],[130.546,-12.634],[130.573,-12.652],[130.586,-12.684],[130.616,-12.669],[130.633,-12.686],[130.674,-12.691],[130.674,-12.708],[130.702,-12.69],[130.679,-12.714],[130.69,-12.72],[130.739,-12.711],[130.707,-12.717],[130.689,-12.751],[130.687,-12.728],[130.621,-12.705],[130.644,-12.744],[130.624,-12.775],[130.63,-12.728],[130.605,-12.733],[130.596,-12.718],[130.591,-12.739],[130.57,-12.744],[130.583,-12.719],[130.567,-12.706],[130.559,-12.719],[130.557,-12.702],[130.536,-12.719],[130.511,-12.71],[130.531,-12.725],[130.531,-12.742],[130.518,-12.726],[130.519,-12.75],[130.501,-12.718],[130.518,-12.691],[130.514,-12.668],[130.461,-12.639],[130.445,-12.646],[130.439,-12.634],[130.414,-12.665],[130.394,-12.662],[130.404,-12.701],[130.352,-12.67],[130.358,-12.807],[130.338,-12.89],[130.247,-12.948],[130.213,-12.947],[130.194,-12.911],[130.176,-12.91],[130.141,-12.933],[130.129,-12.967],[130.141,-13.001],[130.116,-13.164],[130.163,-13.177],[130.239,-13.282],[130.191,-13.394],[130.142,-13.457],[130.106,-13.456],[130.064,-13.504],[130.008,-13.533],[129.957,-13.536],[129.91,-13.514],[129.897,-13.44],[129.869,-13.48],[129.877,-13.502],[129.817,-13.502],[129.835,-13.561],[129.79,-13.667],[129.795,-13.79],[129.74,-13.827],[129.716,-13.879],[129.747,-13.919],[129.746,-13.975],[129.721,-14.013],[129.641,-14.047],[129.609,-14.036],[129.598,-14.011],[129.591,-14.033],[129.609,-14.07],[129.595,-14.091],[129.567,-14.084],[129.557,-14.142],[129.528,-14.13],[129.542,-14.091],[129.536,-14.058],[129.525,-14.052],[129.516,-14.075],[129.479,-14.048],[129.512,-14.127],[129.496,-14.128],[129.464,-14.194],[129.409,-14.236],[129.419,-14.291],[129.367,-14.338],[129.357,-14.424],[129.398,-14.426],[129.398,-14.416],[129.453,-14.505],[129.474,-14.491],[129.454,-14.446],[129.482,-14.45],[129.483,-14.501],[129.507,-14.472],[129.49,-14.46],[129.523,-14.466],[129.488,-14.503],[129.526,-14.552],[129.669,-14.58],[129.78,-14.54],[129.692,-14.613],[129.584,-14.616],[129.589,-14.661],[129.665,-14.726],[129.672,-14.763],[129.734,-14.794],[129.775,-14.783],[129.794,-14.756],[129.81,-14.76],[129.749,-14.81],[129.769,-14.828],[129.813,-14.823],[129.868,-14.776],[129.903,-14.773],[129.864,-14.802],[129.881,-14.82],[129.803,-14.858],[129.768,-14.841],[129.745,-14.852],[129.649,-14.834],[129.632,-14.844],[129.578,-14.798],[129.586,-14.839],[129.618,-14.876],[129.592,-14.891],[129.534,-14.807],[129.5,-14.79],[129.593,-14.967],[129.608,-14.948],[129.623,-14.953],[129.635,-15.033],[129.663,-15.028],[129.641,-15.042],[129.64,-15.071],[129.685,-15.143],[129.626,-15.138],[129.579,-15.156],[129.564,-15.18],[129.56,-15.155],[129.602,-15.129],[129.604,-15.108],[129.525,-15.028],[129.482,-14.941],[129.409,-14.925],[129.317,-14.859],[129.257,-14.865],[129.263,-14.85],[129.228,-14.839],[129.242,-14.911],[129.233,-15.008],[129.265,-15.033],[129.302,-15.037],[129.278,-15.029],[129.256,-15.062],[129.256,-15.034],[129.236,-15.068],[129.249,-15.092],[129.215,-15.154],[129.231,-15.176],[129.196,-15.159],[129.2,-15.147],[129.188,-15.189],[129.158,-15.198],[129.175,-15.147],[129.201,-15.123],[129.17,-15.052],[129.189,-14.987],[129.158,-14.969],[129.153,-14.983],[129.157,-14.969],[129.131,-14.949],[129.108,-14.989],[129.101,-14.915],[129.066,-14.891],[129.044,-14.907],[129.032,-14.886],[129.001,-14.88],[129.001,-25.999],[137.999,-25.997],[137.995,-16.538],[137.862,-16.423],[137.73,-16.232],[137.574,-16.175],[137.409,-16.144],[137.357,-16.116],[137.384,-16.132],[137.373,-16.133],[137.295,-16.081],[137.309,-16.085],[137.254,-16.012],[137.084,-15.944],[137.004,-15.873],[136.987,-15.875],[136.978,-15.851],[136.97,-15.875],[136.913,-15.9],[136.953,-15.938],[136.889,-15.932],[136.823,-15.899],[136.761,-15.916],[136.771,-15.889],[136.729,-15.932],[136.706,-15.931],[136.691,-15.903],[136.714,-15.857],[136.67,-15.794],[136.645,-15.792],[136.658,-15.782],[136.643,-15.769],[136.683,-15.778],[136.724,-15.696],[136.682,-15.685],[136.672,-15.664],[136.665,-15.678],[136.644,-15.672],[136.621,-15.706],[136.559,-15.728],[136.568,-15.742],[136.555,-15.75],[136.548,-15.729],[136.534,-15.732],[136.412,-15.626],[136.326,-15.602],[136.317,-15.626],[136.317,-15.59],[136.27,-15.536],[136.24,-15.416],[136.21,-15.393],[136.165,-15.392],[135.982,-15.287],[135.863,-15.183],[135.749,-15.117],[135.724,-15.116],[135.657,-15.053],[135.58,-15.045],[135.48,-14.98],[135.411,-14.873],[135.382,-14.726],[135.416,-14.735],[135.465,-14.676],[135.499,-14.676],[135.519,-14.653],[135.541,-14.653],[135.518,-14.625],[135.537,-14.561],[135.59,-14.505],[135.62,-14.423],[135.67,-14.424],[135.668,-14.399],[135.73,-14.297],[135.703,-14.271],[135.747,-14.279],[135.794,-14.226],[135.816,-14.229],[135.881,-14.181],[135.904,-14.191],[135.879,-14.167],[135.913,-14.042],[135.91,-13.99],[135.989,-13.896],[135.992,-13.858],[136.016,-13.828],[136.013,-13.763],[136.083,-13.655],[136.026,-13.652],[136.034,-13.682],[135.956,-13.743],[135.914,-13.747],[135.879,-13.712],[135.889,-13.688],[135.922,-13.676],[135.907,-13.658],[135.881,-13.669],[135.865,-13.622],[135.835,-13.591],[135.84,-13.566],[135.869,-13.562],[135.855,-13.52],[135.86,-13.44],[135.894,-13.425],[135.931,-13.467],[135.929,-13.442],[135.961,-13.446],[135.973,-13.402],[135.926,-13.418],[135.921,-13.378],[135.88,-13.362],[135.919,-13.27],[135.948,-13.252],[135.964,-13.296],[135.976,-13.232],[136.012,-13.214],[136.046,-13.31],[136.062,-13.263],[136.05,-13.239],[136.062,-13.226],[136.084,-13.233],[136.078,-13.208],[136.108,-13.172],[136.097,-13.161],[136.145,-13.121],[136.15,-13.183],[136.134,-13.207],[136.155,-13.266],[136.181,-13.282],[136.162,-13.242],[136.176,-13.233],[136.201,-13.247],[136.222,-13.202],[136.245,-13.214],[136.235,-13.187],[136.247,-13.173],[136.214,-13.155],[136.219,-13.137],[136.243,-13.146],[136.254,-13.121],[136.257,-13.155],[136.289,-13.145],[136.283,-13.168],[136.316,-13.159],[136.307,-13.144],[136.321,-13.12],[136.291,-13.107],[136.333,-13.032],[136.372,-13.073],[136.37,-13.107],[136.355,-13.117],[136.371,-13.14],[136.356,-13.148],[136.388,-13.226],[136.368,-13.253],[136.328,-13.25],[136.338,-13.277],[136.319,-13.299],[136.331,-13.324],[136.344,-13.326],[136.399,-13.244],[136.44,-13.218],[136.454,-13.224],[136.447,-13.248],[136.469,-13.247],[136.484,-13.161],[136.511,-13.139],[136.532,-13.154],[136.567,-13.059],[136.534,-13.053],[136.535,-13.019],[136.51,-13.016],[136.508,-12.996],[136.481,-13.007],[136.454,-12.979],[136.492,-12.992],[136.519,-12.976],[136.532,-12.992],[136.556,-12.964],[136.562,-13.019],[136.582,-13.019],[136.582,-12.999],[136.621,-12.968],[136.629,-13.017],[136.668,-13.004],[136.645,-12.991],[136.638,-12.95],[136.547,-12.916],[136.553,-12.874],[136.519,-12.875],[136.483,-12.843],[136.488,-12.801],[136.466,-12.781],[136.484,-12.768],[136.517,-12.806],[136.543,-12.807],[136.525,-12.758],[136.551,-12.74],[136.585,-12.771],[136.585,-12.818],[136.622,-12.839],[136.609,-12.815],[136.625,-12.772],[136.603,-12.747],[136.606,-12.723],[136.633,-12.699],[136.694,-12.711],[136.678,-12.668],[136.693,-12.628],[136.729,-12.584],[136.762,-12.577],[136.747,-12.551],[136.735,-12.571],[136.697,-12.569],[136.68,-12.604],[136.669,-12.591],[136.693,-12.586],[136.696,-12.565],[136.739,-12.554],[136.749,-12.534],[136.727,-12.529],[136.743,-12.519],[136.726,-12.482],[136.794,-12.452],[136.795,-12.493],[136.776,-12.496],[136.761,-12.526],[136.773,-12.556],[136.782,-12.522],[136.902,-12.39],[136.964,-12.374],[136.979,-12.342],[136.943,-12.358],[136.922,-12.343],[136.91,-12.368],[136.871,-12.382],[136.934,-12.335],[136.927,-12.281],[136.901,-12.28],[136.903,-12.248],[136.885,-12.247],[136.872,-12.219],[136.813,-12.207],[136.782,-12.159],[136.681,-12.186],[136.678,-12.202],[136.699,-12.19],[136.73,-12.213],[136.723,-12.229],[136.748,-12.214],[136.762,-12.233],[136.742,-12.272],[136.721,-12.267],[136.707,-12.288],[136.649,-12.27],[136.646,-12.235],[136.603,-12.206],[136.579,-12.154],[136.591,-12.095],[136.562,-12.079],[136.531,-11.991],[136.503,-11.997],[136.49,-12.038],[136.47,-12.0],[136.445,-11.998],[136.457,-11.978],[136.473,-11.998],[136.472,-11.961],[136.547,-11.942],[136.581,-11.916],[136.562,-11.877],[136.574,-11.902],[136.562,-11.918],[136.531,-11.915],[136.524,-11.939],[136.491,-11.953],[136.443,-11.941],[136.431,-11.971],[136.415,-11.958],[136.379,-12.02],[136.368,-12.012],[136.37,-12.028],[136.344,-12.034],[136.341,-12.058],[136.326,-12.046],[136.265,-12.067],[136.232,-12.133],[136.212,-12.132],[136.216,-12.153],[136.167,-12.164],[136.17,-12.192],[136.216,-12.186],[136.229,-12.214],[136.332,-12.203],[136.364,-12.25],[136.378,-12.247],[136.344,-12.262],[136.352,-12.287],[136.325,-12.307],[136.334,-12.323],[136.304,-12.366],[136.304,-12.4],[136.22,-12.479],[136.223,-12.462],[136.16,-12.463],[136.151,-12.436],[136.122,-12.449],[136.108,-12.439],[136.085,-12.458],[136.064,-12.43],[136.037,-12.484],[136.031,-12.475],[136.016,-12.494],[136.018,-12.46],[135.996,-12.444],[136.015,-12.397],[135.967,-12.405],[135.976,-12.37],[136.023,-12.32],[136.009,-12.29],[136.029,-12.296],[136.061,-12.241],[136.013,-12.234],[136.002,-12.268],[135.969,-12.274],[135.928,-12.224],[135.957,-12.183],[135.974,-12.186],[136.045,-12.063],[136.003,-12.084],[136.001,-12.118],[135.96,-12.137],[135.959,-12.152],[135.949,-12.139],[135.929,-12.163],[135.912,-12.151],[135.893,-12.19],[135.886,-12.15],[135.854,-12.183],[135.804,-12.199],[135.779,-12.225],[135.77,-12.271],[135.766,-12.255],[135.746,-12.263],[135.711,-12.311],[135.722,-12.282],[135.652,-12.202],[135.654,-12.157],[135.759,-12.08],[135.773,-12.045],[135.833,-12.001],[135.831,-11.985],[135.87,-11.976],[135.877,-11.987],[135.91,-11.953],[135.654,-12.039],[135.57,-12.101],[135.52,-12.061],[135.507,-12.087],[135.453,-12.115],[135.416,-12.115],[135.406,-12.101],[135.422,-12.083],[135.366,-12.085],[135.351,-12.107],[135.305,-12.125],[135.318,-12.144],[135.305,-12.162],[135.223,-12.19],[135.314,-12.243],[135.353,-12.231],[135.343,-12.247],[135.297,-12.258],[135.266,-12.225],[135.161,-12.226],[135.21,-12.275],[135.213,-12.296],[135.145,-12.237],[135.056,-12.262],[134.971,-12.159],[134.856,-12.132],[134.842,-12.114],[134.843,-12.061],[134.799,-12.049],[134.78,-12.004],[134.765,-12.001],[134.772,-11.959],[134.749,-11.949],[134.689,-11.962],[134.657,-12.016],[134.605,-12.05],[134.496,-12.073],[134.362,-12.047],[134.286,-11.983],[134.246,-11.985],[134.254,-12.035],[134.228,-12.037],[134.194,-12.075],[134.182,-12.136],[134.162,-12.101],[134.194,-12.03],[134.183,-11.994],[134.173,-12.003],[134.151,-11.982],[134.176,-11.956],[134.132,-11.9],[134.12,-11.908]]],[[[132.784,-11.317],[132.786,-11.316],[132.782,-11.316],[132.784,-11.317]]],[[[132.731,-11.296],[132.733,-11.285],[132.72,-11.285],[132.731,-11.296]]],[[[132.991,-11.079],[133.005,-11.088],[133.017,-11.068],[132.978,-11.044],[132.991,-11.079]]],[[[132.854,-11.06],[132.878,-11.048],[132.859,-11.045],[132.854,-11.06]]],[[[132.825,-10.995],[132.833,-10.974],[132.822,-10.967],[132.825,-10.995]]],[[[133.028,-10.908],[133.027,-10.913],[133.044,-10.907],[133.028,-10.908]]],[[[130.02,-13.176],[130.068,-13.182],[130.075,-13.171],[130.058,-13.152],[130.028,-13.151],[130.018,-13.111],[130.02,-13.176]]],[[[132.904,-11.143],[132.857,-11.148],[132.876,-11.171],[132.901,-11.16],[132.92,-11.17],[132.918,-11.141],[132.904,-11.143]]],[[[132.288,-11.104],[132.29,-11.101],[132.288,-11.102],[132.288,-11.104]]],[[[132.457,-11.026],[132.459,-11.028],[132.459,-11.022],[132.457,-11.026]]],[[[132.829,-11.002],[132.817,-11.024],[132.825,-11.02],[132.829,-11.002]]],[[[130.086,-13.205],[130.108,-13.224],[130.102,-13.194],[130.086,-13.205]]],[[[132.453,-11.626],[132.464,-11.621],[132.451,-11.617],[132.453,-11.626]]],[[[130.169,-11.554],[130.168,-11.555],[130.168,-11.555],[130.169,-11.554]]],[[[132.651,-11.205],[132.661,-11.212],[132.682,-11.189],[132.662,-11.187],[132.651,-11.205]]],[[[132.586,-11.144],[132.614,-11.129],[132.58,-11.012],[132.595,-10.97],[132.565,-10.979],[132.548,-11.042],[132.503,-11.059],[132.462,-11.039],[132.485,-11.079],[132.513,-11.091],[132.508,-11.142],[132.47,-11.158],[132.543,-11.251],[132.556,-11.314],[132.588,-11.357],[132.6,-11.3],[132.62,-11.287],[132.62,-11.232],[132.603,-11.202],[132.632,-11.187],[132.62,-11.172],[132.587,-11.176],[132.586,-11.144]]],[[[132.111,-11.612],[132.133,-11.628],[132.15,-11.609],[132.131,-11.565],[132.114,-11.576],[132.111,-11.612]]],[[[132.3,-11.593],[132.319,-11.599],[132.325,-11.582],[132.304,-11.564],[132.3,-11.593]]],[[[132.779,-11.388],[132.803,-11.389],[132.779,-11.373],[132.779,-11.388]]],[[[131.948,-11.478],[131.965,-11.484],[131.955,-11.473],[131.948,-11.478]]],[[[132.332,-11.538],[132.338,-11.541],[132.336,-11.515],[132.332,-11.538]]],[[[130.657,-11.321],[130.665,-11.327],[130.661,-11.315],[130.657,-11.321]]],[[[132.169,-11.587],[132.175,-11.586],[132.172,-11.577],[132.169,-11.587]]],[[[132.157,-11.564],[132.153,-11.566],[132.154,-11.572],[132.157,-11.564]]],[[[130.407,-11.429],[130.41,-11.427],[130.408,-11.422],[130.407,-11.429]]],[[[132.725,-11.478],[132.727,-11.474],[132.723,-11.473],[132.725,-11.478]]],[[[130.568,-11.362],[130.57,-11.364],[130.57,-11.361],[130.568,-11.362]]],[[[132.156,-11.542],[132.156,-11.541],[132.155,-11.541],[132.156,-11.542]]],[[[132.336,-12.094],[132.39,-12.14],[132.422,-12.121],[132.401,-12.076],[132.34,-12.081],[132.336,-12.094]]],[[[132.356,-12.157],[132.344,-12.172],[132.352,-12.189],[132.356,-12.157]]],[[[131.352,-12.097],[131.348,-12.112],[131.357,-12.109],[131.352,-12.097]]],[[[132.189,-11.12],[132.19,-11.115],[132.189,-11.117],[132.189,-11.12]]],[[[130.661,-11.403],[130.657,-11.336],[130.638,-11.375],[130.569,-11.398],[130.555,-11.362],[130.604,-11.321],[130.596,-11.289],[130.554,-11.266],[130.543,-11.283],[130.516,-11.28],[130.402,-11.166],[130.373,-11.17],[130.364,-11.254],[130.411,-11.314],[130.384,-11.346],[130.39,-11.366],[130.41,-11.365],[130.432,-11.503],[130.491,-11.557],[130.477,-11.621],[130.493,-11.655],[130.532,-11.681],[130.557,-11.674],[130.572,-11.701],[130.587,-11.69],[130.598,-11.717],[130.683,-11.761],[130.687,-11.797],[130.862,-11.855],[130.953,-11.94],[131.019,-11.886],[131.049,-11.882],[131.082,-11.836],[131.182,-11.792],[131.256,-11.734],[131.281,-11.74],[131.333,-11.683],[131.38,-11.584],[131.427,-11.614],[131.469,-11.609],[131.471,-11.587],[131.456,-11.581],[131.461,-11.514],[131.498,-11.469],[131.527,-11.477],[131.544,-11.453],[131.523,-11.394],[131.466,-11.386],[131.463,-11.328],[131.43,-11.304],[131.437,-11.267],[131.401,-11.259],[131.401,-11.291],[131.382,-11.299],[131.375,-11.264],[131.353,-11.25],[131.303,-11.274],[131.316,-11.229],[131.276,-11.19],[131.252,-11.193],[131.247,-11.219],[131.204,-11.237],[131.191,-11.303],[131.219,-11.309],[131.209,-11.344],[131.208,-11.311],[131.188,-11.335],[131.168,-11.313],[131.166,-11.266],[131.148,-11.25],[131.113,-11.259],[131.092,-11.304],[131.04,-11.319],[131.052,-11.342],[131.033,-11.367],[130.899,-11.309],[130.849,-11.355],[130.705,-11.385],[130.697,-11.427],[130.733,-11.427],[130.81,-11.527],[130.752,-11.478],[130.722,-11.47],[130.711,-11.489],[130.695,-11.464],[130.702,-11.441],[130.685,-11.443],[130.661,-11.403]]],[[[130.615,-11.736],[130.553,-11.691],[130.519,-11.692],[130.469,-11.667],[130.465,-11.576],[130.4,-11.54],[130.376,-11.508],[130.401,-11.424],[130.361,-11.379],[130.339,-11.318],[130.303,-11.341],[130.252,-11.346],[130.257,-11.398],[130.241,-11.394],[130.245,-11.366],[130.226,-11.412],[130.186,-11.424],[130.148,-11.482],[130.186,-11.485],[130.204,-11.511],[130.231,-11.497],[130.236,-11.52],[130.261,-11.527],[130.264,-11.562],[130.225,-11.504],[130.195,-11.517],[130.175,-11.558],[130.201,-11.586],[130.191,-11.64],[130.23,-11.642],[130.255,-11.674],[130.264,-11.662],[130.246,-11.679],[130.261,-11.698],[130.294,-11.695],[130.303,-11.728],[130.285,-11.699],[130.262,-11.707],[130.22,-11.67],[130.208,-11.693],[130.226,-11.7],[130.219,-11.718],[130.234,-11.741],[130.21,-11.719],[130.223,-11.703],[130.204,-11.695],[130.215,-11.664],[130.202,-11.649],[130.151,-11.707],[130.076,-11.669],[130.062,-11.751],[130.074,-11.765],[130.033,-11.756],[130.021,-11.776],[130.049,-11.824],[130.131,-11.825],[130.313,-11.771],[130.499,-11.83],[130.568,-11.811],[130.606,-11.827],[130.641,-11.76],[130.615,-11.736]]],[[[130.651,-11.814],[130.647,-11.821],[130.661,-11.816],[130.651,-11.814]]],[[[130.612,-11.736],[130.614,-11.735],[130.611,-11.735],[130.612,-11.736]]],[[[129.693,-14.806],[129.732,-14.804],[129.671,-14.784],[129.693,-14.806]]],[[[130.518,-12.569],[130.517,-12.558],[130.485,-12.58],[130.487,-12.624],[130.524,-12.662],[130.524,-12.7],[130.54,-12.71],[130.542,-12.681],[130.503,-12.61],[130.521,-12.59],[130.518,-12.569]]],[[[130.38,-12.642],[130.396,-12.627],[130.378,-12.617],[130.365,-12.626],[130.38,-12.642]]],[[[130.41,-12.583],[130.417,-12.592],[130.434,-12.58],[130.421,-12.564],[130.41,-12.583]]],[[[130.394,-12.598],[130.416,-12.595],[130.401,-12.581],[130.394,-12.598]]],[[[130.404,-12.608],[130.385,-12.602],[130.393,-12.613],[130.404,-12.608]]],[[[130.456,-12.632],[130.463,-12.637],[130.457,-12.622],[130.456,-12.632]]],[[[130.361,-12.668],[130.37,-12.67],[130.358,-12.662],[130.361,-12.668]]],[[[130.433,-12.524],[130.44,-12.518],[130.438,-12.513],[130.433,-12.524]]],[[[130.625,-12.688],[130.629,-12.685],[130.626,-12.68],[130.625,-12.688]]],[[[130.419,-12.539],[130.422,-12.537],[130.421,-12.533],[130.419,-12.539]]],[[[130.602,-12.703],[130.604,-12.701],[130.6,-12.699],[130.602,-12.703]]],[[[130.869,-12.593],[130.871,-12.59],[130.869,-12.592],[130.869,-12.593]]],[[[129.212,-15.151],[129.219,-15.147],[129.223,-15.135],[129.212,-15.151]]],[[[129.57,-15.167],[129.575,-15.16],[129.574,-15.157],[129.57,-15.167]]],[[[129.158,-15.193],[129.163,-15.182],[129.159,-15.186],[129.158,-15.193]]],[[[129.235,-15.117],[129.237,-15.11],[129.234,-15.114],[129.235,-15.117]]],[[[129.236,-15.125],[129.237,-15.119],[129.235,-15.119],[129.236,-15.125]]],[[[129.199,-15.158],[129.204,-15.157],[129.201,-15.155],[129.199,-15.158]]],[[[129.232,-15.128],[129.234,-15.128],[129.232,-15.127],[129.232,-15.128]]],[[[129.185,-15.189],[129.186,-15.189],[129.184,-15.185],[129.185,-15.189]]],[[[129.231,-15.133],[129.231,-15.131],[129.23,-15.131],[129.231,-15.133]]],[[[135.78,-15.101],[135.791,-15.091],[135.781,-15.094],[135.78,-15.101]]],[[[136.952,-14.354],[136.953,-14.349],[136.948,-14.351],[136.952,-14.354]]],[[[136.973,-14.261],[136.985,-14.26],[136.976,-14.254],[136.973,-14.261]]],[[[136.929,-13.639],[136.951,-13.649],[136.964,-13.628],[136.929,-13.639]]],[[[136.728,-12.889],[136.729,-12.882],[136.724,-12.885],[136.728,-12.889]]],[[[136.785,-12.044],[136.788,-12.042],[136.784,-12.043],[136.785,-12.044]]],[[[136.572,-11.87],[136.58,-11.865],[136.57,-11.865],[136.572,-11.87]],[[136.66,-11.834],[136.643,-11.84],[136.688,-11.822],[136.66,-11.834]]],[[[136.048,-11.788],[136.041,-11.783],[136.028,-11.813],[136.048,-11.788]]],[[[136.074,-11.771],[136.101,-11.742],[136.076,-11.753],[136.074,-11.771]]],[[[135.308,-11.73],[135.309,-11.73],[135.308,-11.729],[135.308,-11.73]]],[[[136.819,-11.668],[136.81,-11.674],[136.838,-11.665],[136.819,-11.668]]],[[[136.078,-11.604],[136.089,-11.582],[136.077,-11.587],[136.078,-11.604]]],[[[136.683,-11.232],[136.683,-11.231],[136.682,-11.231],[136.683,-11.232]]],[[[136.93,-14.352],[136.942,-14.35],[136.933,-14.345],[136.93,-14.352]]],[[[136.821,-14.338],[136.823,-14.336],[136.818,-14.329],[136.821,-14.338]]],[[[136.624,-12.866],[136.627,-12.854],[136.618,-12.858],[136.624,-12.866]]],[[[136.671,-12.875],[136.678,-12.877],[136.675,-12.87],[136.671,-12.875]]],[[[136.516,-11.797],[136.585,-11.787],[136.592,-11.764],[136.628,-11.741],[136.587,-11.744],[136.588,-11.765],[136.565,-11.76],[136.573,-11.778],[136.558,-11.768],[136.559,-11.782],[136.534,-11.761],[136.516,-11.797]]],[[[136.205,-11.619],[136.193,-11.614],[136.208,-11.641],[136.205,-11.619]]],[[[135.992,-11.716],[136.029,-11.686],[136.049,-11.645],[136.025,-11.639],[135.953,-11.679],[135.953,-11.701],[135.992,-11.716]]],[[[136.155,-11.698],[136.138,-11.683],[136.131,-11.726],[136.155,-11.698]]],[[[136.055,-11.642],[136.063,-11.647],[136.062,-11.627],[136.055,-11.642]]],[[[136.694,-11.14],[136.686,-11.133],[136.682,-11.136],[136.694,-11.14]]],[[[136.723,-11.082],[136.727,-11.078],[136.716,-11.076],[136.723,-11.082]]],[[[136.724,-11.071],[136.731,-11.069],[136.725,-11.067],[136.724,-11.071]]],[[[136.686,-11.227],[136.687,-11.227],[136.685,-11.224],[136.686,-11.227]]],[[[136.909,-12.258],[136.914,-12.258],[136.908,-12.257],[136.909,-12.258]]],[[[135.939,-11.749],[135.941,-11.766],[135.959,-11.762],[135.977,-11.733],[135.939,-11.749]]],[[[136.313,-11.598],[136.281,-11.605],[136.264,-11.572],[136.239,-11.601],[136.243,-11.62],[136.223,-11.618],[136.231,-11.646],[136.21,-11.642],[136.207,-11.657],[136.166,-11.644],[136.18,-11.678],[136.159,-11.693],[136.204,-11.665],[136.214,-11.674],[136.224,-11.653],[136.231,-11.668],[136.263,-11.663],[136.273,-11.63],[136.257,-11.632],[136.273,-11.616],[136.297,-11.642],[136.317,-11.618],[136.333,-11.623],[136.377,-11.587],[136.368,-11.558],[136.345,-11.565],[136.342,-11.59],[136.309,-11.571],[136.295,-11.58],[136.313,-11.598]]],[[[136.373,-11.564],[136.45,-11.532],[136.474,-11.467],[136.45,-11.493],[136.43,-11.491],[136.403,-11.528],[136.386,-11.525],[136.383,-11.546],[136.367,-11.534],[136.373,-11.564]]],[[[136.106,-11.563],[136.114,-11.566],[136.122,-11.544],[136.106,-11.563]]],[[[135.69,-14.906],[135.708,-14.913],[135.732,-14.892],[135.764,-14.902],[135.759,-14.848],[135.726,-14.835],[135.71,-14.852],[135.717,-14.882],[135.69,-14.906]]],[[[135.502,-14.684],[135.505,-14.683],[135.5,-14.681],[135.502,-14.684]]],[[[136.967,-14.246],[136.968,-14.241],[136.962,-14.244],[136.967,-14.246]]],[[[136.045,-12.302],[136.051,-12.311],[136.071,-12.277],[136.045,-12.302]]],[[[136.02,-12.481],[136.025,-12.475],[136.024,-12.468],[136.02,-12.481]]],[[[136.169,-12.37],[136.168,-12.373],[136.175,-12.371],[136.169,-12.37]]],[[[136.097,-13.303],[136.078,-13.298],[136.092,-13.322],[136.097,-13.303]]],[[[135.974,-13.331],[135.962,-13.321],[135.977,-13.344],[135.974,-13.331]]],[[[136.373,-13.319],[136.383,-13.313],[136.37,-13.313],[136.373,-13.319]]],[[[136.053,-13.336],[136.054,-13.337],[136.055,-13.334],[136.053,-13.336]]],[[[135.601,-14.504],[135.612,-14.518],[135.63,-14.494],[135.603,-14.49],[135.601,-14.504]]],[[[135.869,-14.437],[135.876,-14.428],[135.868,-14.436],[135.869,-14.437]]],[[[135.88,-14.423],[135.881,-14.422],[135.882,-14.418],[135.88,-14.423]]],[[[135.611,-14.536],[135.611,-14.534],[135.61,-14.534],[135.611,-14.536]]],[[[135.877,-14.427],[135.879,-14.425],[135.878,-14.424],[135.877,-14.427]]],[[[136.497,-11.413],[136.497,-11.436],[136.474,-11.449],[136.493,-11.461],[136.517,-11.432],[136.535,-11.444],[136.589,-11.383],[136.6,-11.348],[136.627,-11.329],[136.626,-11.284],[136.684,-11.249],[136.667,-11.225],[136.72,-11.195],[136.723,-11.149],[136.767,-11.033],[136.76,-11.018],[136.737,-11.034],[136.746,-11.048],[136.726,-11.04],[136.713,-11.055],[136.737,-11.078],[136.726,-11.099],[136.7,-11.093],[136.722,-11.11],[136.716,-11.125],[136.694,-11.119],[136.707,-11.126],[136.706,-11.17],[136.687,-11.194],[136.662,-11.185],[136.644,-11.21],[136.626,-11.206],[136.621,-11.238],[136.583,-11.282],[136.577,-11.331],[136.516,-11.393],[136.498,-11.392],[136.497,-11.413]]],[[[136.738,-11.007],[136.747,-11.021],[136.763,-11.006],[136.738,-11.007]]],[[[136.949,-15.736],[136.954,-15.71],[136.964,-15.731],[136.978,-15.712],[136.97,-15.749],[136.989,-15.761],[136.993,-15.792],[137.016,-15.806],[137.034,-15.797],[137.04,-15.836],[137.075,-15.846],[137.106,-15.774],[137.073,-15.746],[137.082,-15.656],[137.063,-15.653],[137.065,-15.627],[137.055,-15.64],[137.032,-15.634],[137.009,-15.587],[136.991,-15.584],[137.0,-15.623],[136.977,-15.634],[136.991,-15.673],[136.961,-15.64],[136.936,-15.66],[136.947,-15.663],[136.94,-15.684],[136.919,-15.682],[136.939,-15.689],[136.929,-15.725],[136.949,-15.736]]],[[[136.617,-15.555],[136.61,-15.524],[136.579,-15.511],[136.567,-15.531],[136.525,-15.531],[136.505,-15.592],[136.513,-15.623],[136.495,-15.644],[136.523,-15.654],[136.551,-15.64],[136.59,-15.645],[136.605,-15.624],[136.597,-15.581],[136.617,-15.555]]],[[[136.75,-15.647],[136.735,-15.648],[136.73,-15.7],[136.751,-15.713],[136.728,-15.736],[136.738,-15.763],[136.804,-15.724],[136.798,-15.703],[136.78,-15.701],[136.788,-15.687],[136.814,-15.7],[136.837,-15.687],[136.829,-15.663],[136.795,-15.645],[136.75,-15.647]]],[[[136.872,-15.61],[136.905,-15.59],[136.874,-15.532],[136.881,-15.506],[136.842,-15.542],[136.856,-15.582],[136.83,-15.618],[136.852,-15.625],[136.837,-15.629],[136.845,-15.647],[136.881,-15.637],[136.882,-15.613],[136.862,-15.607],[136.872,-15.61]]],[[[136.837,-15.567],[136.828,-15.571],[136.834,-15.555],[136.793,-15.56],[136.774,-15.579],[136.836,-15.585],[136.837,-15.567]]],[[[136.79,-15.614],[136.819,-15.603],[136.789,-15.591],[136.777,-15.608],[136.79,-15.614]]],[[[136.647,-15.606],[136.681,-15.605],[136.669,-15.591],[136.647,-15.606]]],[[[136.815,-15.746],[136.83,-15.731],[136.8,-15.728],[136.815,-15.746]]],[[[136.949,-15.76],[136.94,-15.768],[136.947,-15.777],[136.949,-15.76]]],[[[137.07,-15.858],[137.069,-15.866],[137.074,-15.855],[137.07,-15.858]]],[[[136.977,-15.603],[136.979,-15.607],[136.982,-15.598],[136.977,-15.603]]],[[[136.718,-15.763],[136.724,-15.762],[136.718,-15.756],[136.718,-15.763]]],[[[136.906,-15.616],[136.91,-15.613],[136.908,-15.606],[136.906,-15.616]]],[[[136.725,-15.653],[136.732,-15.657],[136.729,-15.649],[136.725,-15.653]]],[[[136.509,-15.53],[136.515,-15.519],[136.508,-15.526],[136.509,-15.53]]],[[[136.654,-15.587],[136.656,-15.589],[136.659,-15.583],[136.654,-15.587]]],[[[136.956,-15.504],[136.955,-15.499],[136.95,-15.503],[136.956,-15.504]]],[[[136.882,-15.719],[136.887,-15.716],[136.882,-15.715],[136.882,-15.719]]],[[[137.104,-15.747],[137.103,-15.75],[137.107,-15.751],[137.104,-15.747]]],[[[136.719,-15.611],[136.716,-15.61],[136.716,-15.613],[136.719,-15.611]]],[[[136.975,-15.652],[136.972,-15.647],[136.971,-15.649],[136.975,-15.652]]],[[[136.92,-15.498],[136.921,-15.496],[136.919,-15.492],[136.92,-15.498]]],[[[137.083,-15.652],[137.082,-15.648],[137.079,-15.651],[137.083,-15.652]]],[[[137.076,-15.638],[137.079,-15.637],[137.077,-15.634],[137.076,-15.638]]],[[[136.93,-15.629],[136.935,-15.628],[136.929,-15.627],[136.93,-15.629]]],[[[136.96,-15.584],[136.962,-15.589],[136.963,-15.586],[136.96,-15.584]]],[[[136.73,-15.716],[136.732,-15.716],[136.731,-15.712],[136.73,-15.716]]],[[[136.833,-15.664],[136.835,-15.663],[136.831,-15.661],[136.833,-15.664]]],[[[136.958,-15.788],[136.96,-15.787],[136.959,-15.785],[136.958,-15.788]]],[[[136.829,-15.719],[136.831,-15.715],[136.828,-15.718],[136.829,-15.719]]],[[[136.851,-15.574],[136.851,-15.572],[136.849,-15.572],[136.851,-15.574]]],[[[136.774,-15.757],[136.773,-15.754],[136.772,-15.756],[136.774,-15.757]]],[[[137.103,-15.737],[137.104,-15.735],[137.102,-15.735],[137.103,-15.737]]],[[[136.798,-15.747],[136.8,-15.746],[136.798,-15.745],[136.798,-15.747]]],[[[136.898,-15.708],[136.9,-15.707],[136.899,-15.706],[136.898,-15.708]]],[[[137.102,-15.734],[137.102,-15.732],[137.101,-15.733],[137.102,-15.734]]],[[[136.677,-15.591],[136.679,-15.59],[136.677,-15.59],[136.677,-15.591]]],[[[136.884,-15.537],[136.885,-15.536],[136.884,-15.536],[136.884,-15.537]]],[[[135.56,-12.036],[135.567,-12.072],[135.637,-12.018],[135.736,-12.002],[135.743,-11.975],[135.798,-11.964],[135.858,-11.879],[135.938,-11.804],[135.928,-11.776],[135.876,-11.757],[135.866,-11.784],[135.889,-11.804],[135.871,-11.834],[135.852,-11.849],[135.835,-11.838],[135.804,-11.889],[135.734,-11.939],[135.666,-11.936],[135.656,-11.966],[135.631,-11.975],[135.594,-11.951],[135.56,-12.036]]],[[[136.141,-12.045],[136.143,-12.061],[136.118,-12.051],[136.128,-12.074],[136.194,-12.077],[136.197,-12.061],[136.309,-12.013],[136.314,-11.974],[136.278,-11.977],[136.271,-12.003],[136.218,-12.036],[136.199,-12.021],[136.203,-11.996],[136.189,-12.001],[136.193,-12.028],[136.171,-12.014],[136.156,-12.041],[136.133,-12.026],[136.141,-12.045]]],[[[136.47,-11.849],[136.464,-11.904],[136.486,-11.886],[136.479,-11.847],[136.5,-11.818],[136.498,-11.794],[136.477,-11.801],[136.47,-11.849]]],[[[136.798,-12.119],[136.814,-12.141],[136.828,-12.135],[136.824,-12.073],[136.797,-12.088],[136.798,-12.119]]],[[[136.411,-11.861],[136.41,-11.879],[136.367,-11.904],[136.431,-11.894],[136.426,-11.866],[136.418,-11.874],[136.411,-11.861]]],[[[136.149,-12.175],[136.121,-12.168],[136.104,-12.191],[136.151,-12.195],[136.149,-12.175]]],[[[135.946,-11.905],[135.992,-11.851],[135.942,-11.88],[135.946,-11.905]]],[[[136.027,-12.15],[136.029,-12.16],[136.047,-12.103],[136.035,-12.093],[136.027,-12.15]]],[[[136.436,-11.915],[136.454,-11.918],[136.458,-11.897],[136.436,-11.915]]],[[[136.696,-12.21],[136.701,-12.231],[136.711,-12.211],[136.696,-12.21]]],[[[136.323,-11.962],[136.336,-11.961],[136.333,-11.945],[136.323,-11.962]]],[[[136.028,-12.174],[136.026,-12.167],[136.02,-12.196],[136.028,-12.174]]],[[[136.323,-11.966],[136.315,-11.963],[136.319,-11.972],[136.323,-11.966]]],[[[136.159,-12.181],[136.158,-12.177],[136.153,-12.178],[136.159,-12.181]]],[[[136.098,-12.069],[136.097,-12.076],[136.099,-12.067],[136.098,-12.069]]],[[[136.32,-11.984],[136.32,-11.979],[136.317,-11.983],[136.32,-11.984]]],[[[136.016,-12.213],[136.015,-12.219],[136.018,-12.209],[136.016,-12.213]]],[[[135.505,-12.021],[135.507,-12.023],[135.506,-12.018],[135.505,-12.021]]],[[[135.515,-12.061],[135.518,-12.056],[135.515,-12.057],[135.515,-12.061]]],[[[136.697,-12.239],[136.694,-12.242],[136.7,-12.238],[136.697,-12.239]]],[[[136.673,-12.186],[136.675,-12.183],[136.673,-12.182],[136.673,-12.186]]],[[[136.869,-12.092],[136.869,-12.089],[136.868,-12.091],[136.869,-12.092]]],[[[136.75,-12.162],[136.752,-12.161],[136.749,-12.162],[136.75,-12.162]]],[[[136.674,-12.244],[136.675,-12.243],[136.674,-12.243],[136.674,-12.244]]],[[[136.676,-12.238],[136.675,-12.237],[136.675,-12.237],[136.676,-12.238]]],[[[136.409,-13.846],[136.436,-13.891],[136.408,-13.976],[136.443,-14.123],[136.411,-14.169],[136.324,-14.213],[136.325,-14.246],[136.396,-14.202],[136.437,-14.196],[136.492,-14.238],[136.629,-14.266],[136.649,-14.297],[136.681,-14.298],[136.693,-14.277],[136.754,-14.259],[136.806,-14.27],[136.814,-14.295],[136.817,-14.279],[136.841,-14.296],[136.857,-14.279],[136.889,-14.308],[136.904,-14.311],[136.898,-14.297],[136.913,-14.285],[136.951,-14.304],[136.934,-14.285],[136.963,-14.285],[136.94,-14.261],[136.959,-14.245],[136.933,-14.205],[136.963,-14.166],[136.927,-14.165],[136.93,-14.144],[136.914,-14.137],[136.917,-14.166],[136.896,-14.202],[136.864,-14.212],[136.8,-14.148],[136.776,-14.145],[136.782,-14.165],[136.77,-14.17],[136.788,-14.189],[136.763,-14.197],[136.711,-14.176],[136.716,-14.142],[136.699,-14.123],[136.72,-14.106],[136.72,-14.07],[136.737,-14.067],[136.752,-14.088],[136.759,-14.048],[136.777,-14.059],[136.786,-14.039],[136.806,-14.038],[136.807,-14.019],[136.781,-14.026],[136.764,-14.009],[136.771,-13.951],[136.813,-13.904],[136.858,-13.913],[136.884,-13.843],[136.924,-13.807],[136.905,-13.764],[136.839,-13.745],[136.839,-13.78],[136.797,-13.834],[136.837,-13.802],[136.845,-13.824],[136.828,-13.85],[136.801,-13.856],[136.754,-13.832],[136.727,-13.843],[136.712,-13.794],[136.735,-13.771],[136.697,-13.775],[136.681,-13.737],[136.72,-13.717],[136.731,-13.663],[136.726,-13.651],[136.719,-13.666],[136.696,-13.663],[136.695,-13.651],[136.675,-13.703],[136.647,-13.7],[136.631,-13.72],[136.618,-13.705],[136.636,-13.688],[136.613,-13.678],[136.575,-13.691],[136.592,-13.696],[136.584,-13.717],[136.611,-13.732],[136.608,-13.763],[136.631,-13.766],[136.631,-13.789],[136.594,-13.787],[136.601,-13.806],[136.575,-13.798],[136.552,-13.82],[136.531,-13.785],[136.513,-13.832],[136.463,-13.834],[136.456,-13.819],[136.442,-13.832],[136.446,-13.821],[136.423,-13.816],[136.409,-13.846]]],[[[136.192,-13.789],[136.211,-13.825],[136.205,-13.857],[136.248,-13.85],[136.26,-13.785],[136.284,-13.788],[136.276,-13.757],[136.252,-13.753],[136.266,-13.737],[136.302,-13.736],[136.293,-13.708],[136.253,-13.694],[136.242,-13.667],[136.181,-13.677],[136.193,-13.68],[136.174,-13.707],[136.172,-13.749],[136.144,-13.747],[136.123,-13.722],[136.113,-13.731],[136.121,-13.787],[136.106,-13.815],[136.118,-13.83],[136.168,-13.834],[136.15,-13.777],[136.185,-13.768],[136.192,-13.789]]],[[[136.142,-13.524],[136.127,-13.543],[136.141,-13.565],[136.15,-13.525],[136.168,-13.51],[136.142,-13.471],[136.165,-13.485],[136.176,-13.466],[136.199,-13.47],[136.205,-13.451],[136.177,-13.438],[136.151,-13.385],[136.092,-13.358],[136.127,-13.375],[136.141,-13.419],[136.121,-13.483],[136.128,-13.503],[136.149,-13.506],[136.142,-13.524]]],[[[136.499,-13.717],[136.471,-13.721],[136.467,-13.741],[136.519,-13.792],[136.541,-13.772],[136.531,-13.703],[136.51,-13.699],[136.516,-13.717],[136.499,-13.717]]],[[[136.367,-13.842],[136.373,-13.826],[136.357,-13.809],[136.334,-13.839],[136.367,-13.842]]],[[[136.078,-13.469],[136.076,-13.485],[136.109,-13.465],[136.082,-13.444],[136.078,-13.469]]],[[[136.233,-13.586],[136.22,-13.587],[136.226,-13.601],[136.248,-13.6],[136.233,-13.586]]],[[[136.664,-13.665],[136.665,-13.685],[136.682,-13.659],[136.666,-13.654],[136.664,-13.665]]],[[[136.243,-13.459],[136.273,-13.462],[136.247,-13.436],[136.243,-13.459]]],[[[136.578,-13.664],[136.603,-13.657],[136.586,-13.654],[136.578,-13.664]]],[[[136.395,-13.704],[136.38,-13.695],[136.4,-13.716],[136.395,-13.704]]],[[[136.399,-13.63],[136.42,-13.632],[136.417,-13.622],[136.399,-13.63]]],[[[136.908,-13.668],[136.909,-13.658],[136.887,-13.676],[136.908,-13.668]]],[[[136.632,-13.674],[136.643,-13.669],[136.64,-13.656],[136.632,-13.674]]],[[[136.687,-13.632],[136.702,-13.635],[136.7,-13.617],[136.687,-13.632]]],[[[136.751,-13.692],[136.738,-13.686],[136.733,-13.696],[136.751,-13.692]]],[[[136.654,-13.655],[136.644,-13.657],[136.647,-13.665],[136.654,-13.655]]],[[[136.685,-13.634],[136.68,-13.647],[136.688,-13.641],[136.685,-13.634]]],[[[136.572,-13.782],[136.579,-13.775],[136.572,-13.774],[136.572,-13.782]]],[[[136.582,-13.723],[136.57,-13.726],[136.579,-13.729],[136.582,-13.723]]],[[[136.532,-13.699],[136.54,-13.687],[136.53,-13.688],[136.532,-13.699]]],[[[136.958,-14.222],[136.959,-14.229],[136.965,-14.224],[136.958,-14.222]]],[[[136.927,-13.667],[136.937,-13.663],[136.929,-13.659],[136.927,-13.667]]],[[[136.956,-14.297],[136.964,-14.3],[136.958,-14.292],[136.956,-14.297]]],[[[135.735,-14.288],[135.728,-14.291],[135.733,-14.295],[135.735,-14.288]]],[[[136.623,-13.671],[136.629,-13.661],[136.621,-13.666],[136.623,-13.671]]],[[[136.269,-13.597],[136.276,-13.592],[136.271,-13.59],[136.269,-13.597]]],[[[136.38,-13.723],[136.379,-13.711],[136.377,-13.715],[136.38,-13.723]]],[[[136.106,-13.447],[136.111,-13.445],[136.109,-13.441],[136.106,-13.447]]],[[[136.792,-14.098],[136.795,-14.1],[136.794,-14.09],[136.792,-14.098]]],[[[136.602,-13.669],[136.61,-13.664],[136.607,-13.661],[136.602,-13.669]]],[[[136.228,-13.443],[136.228,-13.439],[136.223,-13.44],[136.228,-13.443]]],[[[136.32,-13.592],[136.324,-13.591],[136.319,-13.588],[136.32,-13.592]]],[[[136.66,-14.312],[136.66,-14.306],[136.657,-14.304],[136.66,-14.312]]],[[[136.264,-13.835],[136.267,-13.841],[136.265,-13.832],[136.264,-13.835]]],[[[136.071,-13.446],[136.075,-13.445],[136.072,-13.441],[136.071,-13.446]]],[[[136.181,-13.665],[136.183,-13.667],[136.185,-13.665],[136.181,-13.665]]],[[[136.592,-13.678],[136.594,-13.675],[136.592,-13.675],[136.592,-13.678]]],[[[136.289,-13.786],[136.293,-13.782],[136.289,-13.783],[136.289,-13.786]]],[[[136.086,-13.813],[136.089,-13.809],[136.086,-13.811],[136.086,-13.813]]],[[[136.169,-13.84],[136.171,-13.838],[136.168,-13.838],[136.169,-13.84]]],[[[136.545,-13.729],[136.547,-13.727],[136.545,-13.727],[136.545,-13.729]]],[[[136.293,-13.705],[136.298,-13.704],[136.298,-13.702],[136.293,-13.705]]],[[[136.3,-13.705],[136.302,-13.704],[136.3,-13.702],[136.3,-13.705]]],[[[136.629,-13.657],[136.627,-13.656],[136.628,-13.658],[136.629,-13.657]]],[[[135.838,-14.228],[135.839,-14.227],[135.836,-14.226],[135.838,-14.228]]],[[[136.624,-13.672],[136.626,-13.672],[136.626,-13.671],[136.624,-13.672]]],[[[136.229,-13.474],[136.23,-13.473],[136.228,-13.472],[136.229,-13.474]]],[[[136.608,-13.669],[136.609,-13.667],[136.608,-13.669],[136.608,-13.669]]],[[[136.61,-13.669],[136.611,-13.668],[136.611,-13.667],[136.61,-13.669]]],[[[134.172,-12.113],[134.182,-12.087],[134.165,-12.101],[134.172,-12.113]]],[[[134.929,-12.097],[134.91,-12.068],[134.847,-12.045],[134.866,-12.071],[134.869,-12.127],[134.902,-12.14],[134.929,-12.097]]],[[[134.909,-12.033],[134.958,-12.066],[134.991,-12.037],[134.955,-12.016],[134.909,-12.033]]],[[[135.056,-11.954],[135.122,-11.927],[135.056,-11.919],[135.056,-11.954]]],[[[134.85,-12.013],[134.835,-12.009],[134.829,-12.029],[134.863,-12.031],[134.85,-12.013]]],[[[134.812,-12.025],[134.803,-12.014],[134.796,-12.031],[134.832,-12.047],[134.812,-12.025]]],[[[134.992,-12.096],[135.001,-12.078],[134.978,-12.066],[134.992,-12.096]]],[[[134.944,-12.081],[134.957,-12.096],[134.955,-12.074],[134.944,-12.081]]],[[[134.919,-12.06],[134.931,-12.067],[134.927,-12.054],[134.919,-12.06]]],[[[134.213,-11.958],[134.217,-11.964],[134.223,-11.954],[134.213,-11.958]]],[[[134.668,-11.919],[134.668,-11.918],[134.667,-11.917],[134.668,-11.919]]],[[[133.36,-11.637],[133.369,-11.682],[133.402,-11.662],[133.388,-11.634],[133.414,-11.626],[133.421,-11.646],[133.446,-11.618],[133.481,-11.619],[133.466,-11.592],[133.408,-11.585],[133.348,-11.624],[133.36,-11.637]]],[[[133.391,-11.495],[133.401,-11.508],[133.385,-11.548],[133.436,-11.506],[133.493,-11.515],[133.467,-11.465],[133.391,-11.495]]],[[[135.152,-11.7],[135.169,-11.703],[135.157,-11.686],[135.152,-11.7]]],[[[133.316,-11.667],[133.322,-11.661],[133.316,-11.659],[133.316,-11.667]]],[[[134.213,-11.892],[134.213,-11.89],[134.211,-11.889],[134.213,-11.892]]]]},"properties":{"sa4_code_2021":"702","sa4_name_2021":"Northern Territory - Outback"},"id":"702"},{"type":"Feature","geometry":null,"properties":{"sa4_code_2021":"797","sa4_name_2021":"Migratory - Offshore - Shipping (NT)","shape":null},"id":"797"},{"type":"Feature","geometry":null,"properties":{"sa4_code_2021":"799","sa4_name_2021":"No usual address (NT)","shape":null},"id":"799"},{"type":"Feature","geometry":{"type":"Polygon","coordinates":[[[149.062,-35.159],[148.808,-35.31],[148.794,-35.339],[148.809,-35.382],[148.786,-35.409],[148.763,-35.495],[148.789,-35.588],[148.768,-35.603],[148.783,-35.629],[148.767,-35.647],[148.798,-35.667],[148.791,-35.703],[148.858,-35.761],[148.872,-35.721],[148.887,-35.719],[148.903,-35.758],[148.887,-35.81],[148.909,-35.853],[148.962,-35.897],[149.012,-35.9],[149.046,-35.921],[149.096,-35.844],[149.091,-35.766],[149.109,-35.697],[149.078,-35.586],[149.143,-35.593],[149.131,-35.554],[149.152,-35.493],[149.135,-35.454],[149.155,-35.436],[149.138,-35.429],[149.207,-35.345],[149.255,-35.33],[149.356,-35.351],[149.399,-35.319],[149.395,-35.303],[149.362,-35.309],[149.315,-35.276],[149.272,-35.273],[149.273,-35.259],[149.234,-35.243],[149.239,-35.222],[149.205,-35.229],[149.189,-35.166],[149.139,-35.128],[149.116,-35.126],[149.062,-35.159]]]},"properties":{"sa4_code_2021":"801","sa4_name_2021":"Australian Capital Territory"},"id":"801"},{"type":"Feature","geometry":null,"properties":{"sa4_code_2021":"897","sa4_name_2021":"Migratory - Offshore - Shipping (ACT)","shape":null},"id":"897"},{"type":"Feature","geometry":null,"properties":{"sa4_code_2021":"899","sa4_name_2021":"No usual address (ACT)","shape":null},"id":"899"},{"type":"Feature","geometry":{"type":"MultiPolygon","coordinates":[[[[105.67,-10.429],[105.606,-10.467],[105.552,-10.442],[105.558,-10.476],[105.534,-10.514],[105.577,-10.504],[105.624,-10.515],[105.641,-10.565],[105.666,-10.568],[105.674,-10.502],[105.713,-10.467],[105.702,-10.414],[105.675,-10.414],[105.67,-10.429]]],[[[167.947,-29.128],[167.966,-29.117],[167.944,-29.115],[167.947,-29.128]]],[[[167.949,-29.113],[167.95,-29.113],[167.949,-29.113],[167.949,-29.113]]],[[[96.915,-12.14],[96.919,-12.144],[96.911,-12.135],[96.915,-12.14]]],[[[96.91,-12.136],[96.91,-12.136],[96.91,-12.136],[96.91,-12.136]]],[[[96.909,-12.135],[96.912,-12.133],[96.908,-12.134],[96.909,-12.135]]],[[[96.91,-12.131],[96.909,-12.132],[96.911,-12.131],[96.91,-12.131]]],[[[96.908,-12.13],[96.91,-12.13],[96.909,-12.129],[96.908,-12.13]]],[[[96.908,-12.129],[96.907,-12.126],[96.906,-12.127],[96.908,-12.129]]],[[[96.907,-12.125],[96.907,-12.125],[96.907,-12.125],[96.907,-12.125]]],[[[96.894,-12.116],[96.906,-12.123],[96.888,-12.107],[96.894,-12.116]]],[[[96.887,-12.104],[96.887,-12.104],[96.887,-12.104],[96.887,-12.104]]],[[[96.878,-12.089],[96.888,-12.093],[96.884,-12.088],[96.878,-12.089]]],[[[96.846,-12.08],[96.841,-12.073],[96.832,-12.075],[96.846,-12.08]]],[[[96.817,-11.828],[96.827,-11.831],[96.826,-11.815],[96.817,-11.828]]],[[[167.946,-29.136],[167.947,-29.137],[167.948,-29.136],[167.946,-29.136]]],[[[167.951,-29.111],[167.951,-29.11],[167.951,-29.11],[167.951,-29.111]]],[[[167.923,-28.995],[167.922,-28.994],[167.922,-28.995],[167.923,-28.995]]],[[[96.865,-12.199],[96.867,-12.2],[96.866,-12.199],[96.865,-12.199]]],[[[96.878,-12.197],[96.879,-12.198],[96.88,-12.198],[96.878,-12.197]]],[[[96.921,-12.184],[96.922,-12.183],[96.923,-12.182],[96.921,-12.184]]],[[[96.92,-12.158],[96.919,-12.157],[96.916,-12.158],[96.92,-12.158]]],[[[96.915,-12.146],[96.921,-12.15],[96.92,-12.145],[96.915,-12.146]]],[[[150.696,-35.183],[150.694,-35.184],[150.695,-35.185],[150.696,-35.183]]],[[[167.963,-29.072],[167.964,-29.075],[167.966,-29.071],[167.963,-29.072]]],[[[167.962,-29.075],[167.962,-29.075],[167.963,-29.075],[167.962,-29.075]]],[[[96.884,-12.199],[96.884,-12.201],[96.884,-12.2],[96.884,-12.199]]],[[[96.879,-12.202],[96.88,-12.201],[96.879,-12.2],[96.879,-12.202]]],[[[96.919,-12.185],[96.918,-12.185],[96.919,-12.185],[96.919,-12.185]]],[[[96.823,-12.174],[96.823,-12.172],[96.823,-12.173],[96.823,-12.174]]],[[[167.959,-29.061],[167.959,-29.06],[167.956,-29.059],[167.959,-29.061]]],[[[167.959,-29.061],[167.961,-29.062],[167.96,-29.061],[167.959,-29.061]]],[[[150.693,-35.122],[150.661,-35.118],[150.633,-35.149],[150.594,-35.144],[150.606,-35.155],[150.593,-35.184],[150.683,-35.165],[150.696,-35.201],[150.725,-35.173],[150.757,-35.168],[150.765,-35.124],[150.738,-35.137],[150.693,-35.122]]],[[[150.768,-35.123],[150.768,-35.112],[150.764,-35.119],[150.768,-35.123]]],[[[167.943,-29.062],[167.943,-29.062],[167.943,-29.062],[167.943,-29.062]]],[[[167.987,-29.056],[167.988,-29.056],[167.988,-29.056],[167.987,-29.056]]],[[[167.995,-29.03],[167.996,-29.03],[167.995,-29.03],[167.995,-29.03]]],[[[167.996,-29.04],[167.996,-29.04],[167.996,-29.04],[167.996,-29.04]]],[[[167.958,-29.005],[167.956,-29.005],[167.958,-29.006],[167.958,-29.005]]],[[[167.945,-29.001],[167.946,-29.001],[167.946,-29.0],[167.945,-29.001]]],[[[167.946,-29.002],[167.947,-29.002],[167.947,-29.002],[167.946,-29.002]]],[[[167.917,-29.01],[167.917,-29.01],[167.918,-29.01],[167.917,-29.01]]],[[[167.948,-29.003],[167.949,-29.004],[167.949,-29.003],[167.948,-29.003]]],[[[167.951,-29.005],[167.952,-29.004],[167.951,-29.004],[167.951,-29.005]]],[[[167.959,-29.01],[167.959,-29.01],[167.959,-29.009],[167.959,-29.01]]],[[[167.938,-29.002],[167.938,-29.002],[167.938,-29.002],[167.938,-29.002]]],[[[96.921,-12.185],[96.92,-12.185],[96.921,-12.186],[96.921,-12.185]]],[[[96.915,-12.153],[96.92,-12.154],[96.914,-12.152],[96.915,-12.153]]],[[[96.916,-12.155],[96.914,-12.155],[96.917,-12.155],[96.916,-12.155]]],[[[167.941,-29.063],[167.942,-29.062],[167.941,-29.062],[167.941,-29.063]]],[[[167.919,-29.019],[167.92,-29.019],[167.92,-29.018],[167.919,-29.019]]],[[[167.92,-29.022],[167.921,-29.023],[167.921,-29.022],[167.92,-29.022]]],[[[167.991,-29.026],[167.992,-29.025],[167.991,-29.025],[167.991,-29.026]]],[[[167.994,-29.047],[167.994,-29.047],[167.994,-29.047],[167.994,-29.047]]],[[[167.995,-29.042],[167.995,-29.042],[167.995,-29.042],[167.995,-29.042]]],[[[167.92,-29.043],[167.92,-29.043],[167.92,-29.043],[167.92,-29.043]]],[[[167.994,-29.045],[167.995,-29.045],[167.994,-29.045],[167.994,-29.045]]],[[[96.817,-12.144],[96.82,-12.183],[96.844,-12.206],[96.862,-12.202],[96.842,-12.204],[96.821,-12.181],[96.826,-12.158],[96.833,-12.167],[96.825,-12.137],[96.817,-12.144]]],[[[96.889,-12.201],[96.922,-12.197],[96.921,-12.159],[96.92,-12.196],[96.889,-12.201]],[[96.852,-12.195],[96.855,-12.196],[96.845,-12.196],[96.852,-12.195]]],[[[96.92,-12.19],[96.92,-12.191],[96.92,-12.187],[96.92,-12.19]]],[[[96.824,-12.172],[96.824,-12.169],[96.823,-12.172],[96.824,-12.172]]],[[[96.822,-12.176],[96.823,-12.174],[96.822,-12.174],[96.822,-12.176]]],[[[96.903,-12.196],[96.902,-12.198],[96.902,-12.198],[96.903,-12.196]]],[[[96.824,-12.171],[96.824,-12.172],[96.824,-12.172],[96.824,-12.171]]],[[[96.831,-12.176],[96.831,-12.176],[96.832,-12.175],[96.831,-12.176]]],[[[96.916,-12.165],[96.915,-12.164],[96.915,-12.165],[96.916,-12.165]]],[[[96.909,-12.198],[96.91,-12.197],[96.909,-12.197],[96.909,-12.198]]],[[[96.92,-12.186],[96.919,-12.185],[96.92,-12.187],[96.92,-12.186]]],[[[96.916,-12.165],[96.917,-12.166],[96.917,-12.166],[96.916,-12.165]]],[[[96.828,-12.176],[96.828,-12.176],[96.828,-12.176],[96.828,-12.176]]],[[[96.905,-12.195],[96.905,-12.195],[96.906,-12.196],[96.905,-12.195]]],[[[96.915,-12.162],[96.915,-12.162],[96.915,-12.162],[96.915,-12.162]]],[[[96.912,-12.197],[96.913,-12.198],[96.913,-12.197],[96.912,-12.197]]],[[[96.828,-12.175],[96.828,-12.175],[96.828,-12.175],[96.828,-12.175]]],[[[96.888,-12.196],[96.888,-12.196],[96.888,-12.196],[96.888,-12.196]]],[[[96.911,-12.197],[96.911,-12.197],[96.911,-12.197],[96.911,-12.197]]],[[[96.915,-12.164],[96.916,-12.164],[96.915,-12.163],[96.915,-12.164]]],[[[96.894,-12.202],[96.894,-12.201],[96.894,-12.201],[96.894,-12.202]]],[[[96.887,-12.195],[96.887,-12.195],[96.887,-12.195],[96.887,-12.195]]],[[[96.914,-12.198],[96.914,-12.199],[96.914,-12.198],[96.914,-12.198]]],[[[96.888,-12.198],[96.888,-12.198],[96.888,-12.198],[96.888,-12.198]]],[[[96.91,-12.197],[96.91,-12.197],[96.91,-12.197],[96.91,-12.197]]],[[[96.824,-12.17],[96.825,-12.17],[96.824,-12.17],[96.824,-12.17]]],[[[96.842,-12.203],[96.842,-12.203],[96.842,-12.203],[96.842,-12.203]]],[[[96.902,-12.199],[96.902,-12.2],[96.902,-12.199],[96.902,-12.199]]],[[[96.842,-12.203],[96.842,-12.203],[96.842,-12.203],[96.842,-12.203]]],[[[96.842,-12.203],[96.842,-12.203],[96.842,-12.204],[96.842,-12.203]]],[[[96.83,-12.176],[96.831,-12.176],[96.83,-12.176],[96.83,-12.176]]],[[[167.933,-29.054],[167.986,-29.057],[167.997,-29.027],[167.92,-28.995],[167.919,-29.051],[167.933,-29.054]]],[[[167.922,-28.995],[167.923,-28.995],[167.922,-28.995],[167.922,-28.995]]]]},"properties":{"sa4_code_2021":"901","sa4_name_2021":"Other Territories"},"id":"901"},{"type":"Feature","geometry":null,"properties":{"sa4_code_2021":"997","sa4_name_2021":"Migratory - Offshore - Shipping (OT)","shape":null},"id":"997"},{"type":"Feature","geometry":null,"properties":{"sa4_code_2021":"999","sa4_name_2021":"No usual address (OT)","shape":null},"id":"999"},{"type":"Feature","geometry":null,"properties":{"sa4_code_2021":"ZZZ","sa4_name_2021":"Outside Australia","shape":null},"id":"ZZZ"}]}